mode: atomic
github.com/afreidah/s3-orchestrator/internal/config/backends.go:40.57,43.24 2 0
github.com/afreidah/s3-orchestrator/internal/config/backends.go:43.24,45.3 1 0
github.com/afreidah/s3-orchestrator/internal/config/backends.go:47.2,48.26 2 0
github.com/afreidah/s3-orchestrator/internal/config/backends.go:48.26,50.3 1 0
github.com/afreidah/s3-orchestrator/internal/config/backends.go:51.2,51.13 1 0
github.com/afreidah/s3-orchestrator/internal/config/backends.go:58.84,60.18 2 0
github.com/afreidah/s3-orchestrator/internal/config/backends.go:60.18,62.3 1 0
github.com/afreidah/s3-orchestrator/internal/config/backends.go:64.2,65.23 2 0
github.com/afreidah/s3-orchestrator/internal/config/backends.go:65.23,67.3 1 0
github.com/afreidah/s3-orchestrator/internal/config/backends.go:68.2,72.13 4 0
github.com/afreidah/s3-orchestrator/internal/config/backends.go:77.73,79.22 2 0
github.com/afreidah/s3-orchestrator/internal/config/backends.go:79.22,81.3 1 0
github.com/afreidah/s3-orchestrator/internal/config/backends.go:82.2,82.20 1 0
github.com/afreidah/s3-orchestrator/internal/config/backends.go:82.20,84.3 1 0
github.com/afreidah/s3-orchestrator/internal/config/backends.go:85.2,85.25 1 0
github.com/afreidah/s3-orchestrator/internal/config/backends.go:85.25,87.3 1 0
github.com/afreidah/s3-orchestrator/internal/config/backends.go:88.2,88.29 1 0
github.com/afreidah/s3-orchestrator/internal/config/backends.go:88.29,90.3 1 0
github.com/afreidah/s3-orchestrator/internal/config/backends.go:91.2,91.13 1 0
github.com/afreidah/s3-orchestrator/internal/config/backends.go:96.75,98.22 2 0
github.com/afreidah/s3-orchestrator/internal/config/backends.go:98.22,100.3 1 0
github.com/afreidah/s3-orchestrator/internal/config/backends.go:101.2,101.25 1 0
github.com/afreidah/s3-orchestrator/internal/config/backends.go:101.25,103.3 1 0
github.com/afreidah/s3-orchestrator/internal/config/backends.go:104.2,104.27 1 0
github.com/afreidah/s3-orchestrator/internal/config/backends.go:104.27,106.3 1 0
github.com/afreidah/s3-orchestrator/internal/config/backends.go:107.2,107.27 1 0
github.com/afreidah/s3-orchestrator/internal/config/backends.go:107.27,109.3 1 0
github.com/afreidah/s3-orchestrator/internal/config/backends.go:110.2,110.28 1 0
github.com/afreidah/s3-orchestrator/internal/config/backends.go:110.28,112.3 1 0
github.com/afreidah/s3-orchestrator/internal/config/backends.go:113.2,113.13 1 0
github.com/afreidah/s3-orchestrator/internal/config/buckets.go:42.54,45.23 2 0
github.com/afreidah/s3-orchestrator/internal/config/buckets.go:45.23,47.3 1 0
github.com/afreidah/s3-orchestrator/internal/config/buckets.go:49.2,51.25 3 0
github.com/afreidah/s3-orchestrator/internal/config/buckets.go:51.25,53.3 1 0
github.com/afreidah/s3-orchestrator/internal/config/buckets.go:54.2,54.13 1 0
github.com/afreidah/s3-orchestrator/internal/config/buckets.go:60.100,64.20 3 0
github.com/afreidah/s3-orchestrator/internal/config/buckets.go:64.20,66.3 1 0
github.com/afreidah/s3-orchestrator/internal/config/buckets.go:67.2,67.37 1 0
github.com/afreidah/s3-orchestrator/internal/config/buckets.go:67.37,69.3 1 0
github.com/afreidah/s3-orchestrator/internal/config/buckets.go:70.2,70.25 1 0
github.com/afreidah/s3-orchestrator/internal/config/buckets.go:70.25,72.3 1 0
github.com/afreidah/s3-orchestrator/internal/config/buckets.go:73.2,75.33 2 0
github.com/afreidah/s3-orchestrator/internal/config/buckets.go:75.33,77.3 1 0
github.com/afreidah/s3-orchestrator/internal/config/buckets.go:78.2,78.31 1 0
github.com/afreidah/s3-orchestrator/internal/config/buckets.go:78.31,80.3 1 0
github.com/afreidah/s3-orchestrator/internal/config/buckets.go:82.2,82.33 1 0
github.com/afreidah/s3-orchestrator/internal/config/buckets.go:82.33,84.3 1 0
github.com/afreidah/s3-orchestrator/internal/config/buckets.go:85.2,85.13 1 0
github.com/afreidah/s3-orchestrator/internal/config/buckets.go:89.119,95.28 5 0
github.com/afreidah/s3-orchestrator/internal/config/buckets.go:95.28,97.3 1 0
github.com/afreidah/s3-orchestrator/internal/config/buckets.go:98.2,98.28 1 0
github.com/afreidah/s3-orchestrator/internal/config/buckets.go:98.28,99.39 1 0
github.com/afreidah/s3-orchestrator/internal/config/buckets.go:99.39,101.4 1 0
github.com/afreidah/s3-orchestrator/internal/config/buckets.go:102.3,102.42 1 0
github.com/afreidah/s3-orchestrator/internal/config/buckets.go:104.2,104.13 1 0
github.com/afreidah/s3-orchestrator/internal/config/cache.go:32.57,33.17 1 0
github.com/afreidah/s3-orchestrator/internal/config/cache.go:33.17,35.3 1 0
github.com/afreidah/s3-orchestrator/internal/config/cache.go:37.2,40.17 2 0
github.com/afreidah/s3-orchestrator/internal/config/cache.go:40.17,42.3 1 0
github.com/afreidah/s3-orchestrator/internal/config/cache.go:45.2,45.22 1 0
github.com/afreidah/s3-orchestrator/internal/config/cache.go:45.22,47.3 1 0
github.com/afreidah/s3-orchestrator/internal/config/cache.go:48.2,49.9 2 0
github.com/afreidah/s3-orchestrator/internal/config/cache.go:50.18,51.61 1 0
github.com/afreidah/s3-orchestrator/internal/config/cache.go:52.20,53.50 1 0
github.com/afreidah/s3-orchestrator/internal/config/cache.go:54.10,55.28 1 0
github.com/afreidah/s3-orchestrator/internal/config/cache.go:59.2,59.28 1 0
github.com/afreidah/s3-orchestrator/internal/config/cache.go:59.28,61.3 1 0
github.com/afreidah/s3-orchestrator/internal/config/cache.go:62.2,63.9 2 0
github.com/afreidah/s3-orchestrator/internal/config/cache.go:64.18,65.68 1 0
github.com/afreidah/s3-orchestrator/internal/config/cache.go:66.19,67.52 1 0
github.com/afreidah/s3-orchestrator/internal/config/cache.go:68.10,69.33 1 0
github.com/afreidah/s3-orchestrator/internal/config/cache.go:72.2,72.97 1 0
github.com/afreidah/s3-orchestrator/internal/config/cache.go:72.97,74.3 1 0
github.com/afreidah/s3-orchestrator/internal/config/cache.go:76.2,76.13 1 0
github.com/afreidah/s3-orchestrator/internal/config/cache.go:82.45,83.13 1 0
github.com/afreidah/s3-orchestrator/internal/config/cache.go:83.13,85.3 1 0
github.com/afreidah/s3-orchestrator/internal/config/cache.go:88.2,93.9 5 0
github.com/afreidah/s3-orchestrator/internal/config/cache.go:94.30,96.24 2 0
github.com/afreidah/s3-orchestrator/internal/config/cache.go:97.30,99.24 2 0
github.com/afreidah/s3-orchestrator/internal/config/cache.go:100.30,102.24 2 0
github.com/afreidah/s3-orchestrator/internal/config/cache.go:103.29,104.24 1 0
github.com/afreidah/s3-orchestrator/internal/config/cache.go:105.10,106.13 1 0
github.com/afreidah/s3-orchestrator/internal/config/cache.go:109.2,110.18 2 0
github.com/afreidah/s3-orchestrator/internal/config/cache.go:110.18,112.3 1 0
github.com/afreidah/s3-orchestrator/internal/config/cache.go:113.2,114.16 2 0
github.com/afreidah/s3-orchestrator/internal/config/cache.go:114.16,116.3 1 0
github.com/afreidah/s3-orchestrator/internal/config/cache.go:117.2,117.13 1 0
github.com/afreidah/s3-orchestrator/internal/config/cache.go:117.13,119.3 1 0
github.com/afreidah/s3-orchestrator/internal/config/cache.go:122.2,122.54 1 0
github.com/afreidah/s3-orchestrator/internal/config/cache.go:122.54,124.3 1 0
github.com/afreidah/s3-orchestrator/internal/config/cache.go:125.2,125.30 1 0
github.com/afreidah/s3-orchestrator/internal/config/cache.go:129.33,130.50 1 0
github.com/afreidah/s3-orchestrator/internal/config/cache.go:130.50,132.3 1 0
github.com/afreidah/s3-orchestrator/internal/config/cache.go:133.2,133.64 1 0
github.com/afreidah/s3-orchestrator/internal/config/cache.go:133.64,135.3 1 0
github.com/afreidah/s3-orchestrator/internal/config/cache.go:136.2,136.10 1 0
github.com/afreidah/s3-orchestrator/internal/config/cache.go:142.31,144.19 2 0
github.com/afreidah/s3-orchestrator/internal/config/cache.go:144.19,146.27 2 0
github.com/afreidah/s3-orchestrator/internal/config/cache.go:146.27,148.4 1 0
github.com/afreidah/s3-orchestrator/internal/config/cache.go:149.3,149.11 1 0
github.com/afreidah/s3-orchestrator/internal/config/cache.go:151.2,151.18 1 0
github.com/afreidah/s3-orchestrator/internal/config/cache.go:155.39,157.2 1 0
github.com/afreidah/s3-orchestrator/internal/config/config.go:79.47,81.16 2 0
github.com/afreidah/s3-orchestrator/internal/config/config.go:81.16,83.3 1 0
github.com/afreidah/s3-orchestrator/internal/config/config.go:85.2,88.63 3 0
github.com/afreidah/s3-orchestrator/internal/config/config.go:88.63,90.3 1 0
github.com/afreidah/s3-orchestrator/internal/config/config.go:92.2,92.53 1 0
github.com/afreidah/s3-orchestrator/internal/config/config.go:92.53,94.3 1 0
github.com/afreidah/s3-orchestrator/internal/config/config.go:96.2,96.18 1 0
github.com/afreidah/s3-orchestrator/internal/config/config.go:106.49,113.2 6 0
github.com/afreidah/s3-orchestrator/internal/config/config.go:118.52,136.20 18 0
github.com/afreidah/s3-orchestrator/internal/config/config.go:136.20,138.3 1 0
github.com/afreidah/s3-orchestrator/internal/config/config.go:139.2,139.13 1 0
github.com/afreidah/s3-orchestrator/internal/config/config.go:145.43,148.37 3 0
github.com/afreidah/s3-orchestrator/internal/config/config.go:148.37,150.3 1 0
github.com/afreidah/s3-orchestrator/internal/config/config.go:151.2,151.54 1 0
github.com/afreidah/s3-orchestrator/internal/config/config.go:151.54,153.3 1 0
github.com/afreidah/s3-orchestrator/internal/config/config.go:157.52,158.29 1 0
github.com/afreidah/s3-orchestrator/internal/config/config.go:158.29,160.3 1 0
github.com/afreidah/s3-orchestrator/internal/config/config.go:161.2,161.76 1 0
github.com/afreidah/s3-orchestrator/internal/config/config.go:161.76,163.3 1 0
github.com/afreidah/s3-orchestrator/internal/config/config.go:164.2,164.12 1 0
github.com/afreidah/s3-orchestrator/internal/config/config.go:170.58,171.26 1 0
github.com/afreidah/s3-orchestrator/internal/config/config.go:171.26,173.3 1 0
github.com/afreidah/s3-orchestrator/internal/config/config.go:174.2,176.28 3 0
github.com/afreidah/s3-orchestrator/internal/config/config.go:176.28,177.36 1 0
github.com/afreidah/s3-orchestrator/internal/config/config.go:177.36,179.4 1 0
github.com/afreidah/s3-orchestrator/internal/config/config.go:181.2,183.42 2 0
github.com/afreidah/s3-orchestrator/internal/config/config.go:183.42,185.3 1 0
github.com/afreidah/s3-orchestrator/internal/config/config.go:186.2,186.53 1 0
github.com/afreidah/s3-orchestrator/internal/config/config.go:186.53,188.3 1 0
github.com/afreidah/s3-orchestrator/internal/config/config.go:189.2,189.31 1 0
github.com/afreidah/s3-orchestrator/internal/config/config.go:189.31,192.3 1 0
github.com/afreidah/s3-orchestrator/internal/config/config.go:193.2,193.13 1 0
github.com/afreidah/s3-orchestrator/internal/config/config.go:203.60,210.2 6 0
github.com/afreidah/s3-orchestrator/internal/config/config.go:214.59,216.38 2 0
github.com/afreidah/s3-orchestrator/internal/config/config.go:216.38,218.3 1 0
github.com/afreidah/s3-orchestrator/internal/config/config.go:219.2,219.60 1 0
github.com/afreidah/s3-orchestrator/internal/config/config.go:219.60,221.3 1 0
github.com/afreidah/s3-orchestrator/internal/config/config.go:222.2,222.54 1 0
github.com/afreidah/s3-orchestrator/internal/config/config.go:222.54,224.3 1 0
github.com/afreidah/s3-orchestrator/internal/config/config.go:225.2,225.56 1 0
github.com/afreidah/s3-orchestrator/internal/config/config.go:225.56,227.3 1 0
github.com/afreidah/s3-orchestrator/internal/config/config.go:228.2,228.52 1 0
github.com/afreidah/s3-orchestrator/internal/config/config.go:228.52,230.3 1 0
github.com/afreidah/s3-orchestrator/internal/config/config.go:231.2,231.44 1 0
github.com/afreidah/s3-orchestrator/internal/config/config.go:231.44,233.3 1 0
github.com/afreidah/s3-orchestrator/internal/config/config.go:234.2,237.38 1 0
github.com/afreidah/s3-orchestrator/internal/config/config.go:237.38,239.3 1 0
github.com/afreidah/s3-orchestrator/internal/config/config.go:240.2,240.44 1 0
github.com/afreidah/s3-orchestrator/internal/config/config.go:240.44,242.3 1 0
github.com/afreidah/s3-orchestrator/internal/config/config.go:243.2,243.24 1 0
github.com/afreidah/s3-orchestrator/internal/config/config.go:243.24,245.3 1 0
github.com/afreidah/s3-orchestrator/internal/config/config.go:246.2,246.16 1 0
github.com/afreidah/s3-orchestrator/internal/config/config.go:252.55,254.34 2 0
github.com/afreidah/s3-orchestrator/internal/config/config.go:254.34,256.3 1 0
github.com/afreidah/s3-orchestrator/internal/config/config.go:257.2,257.36 1 0
github.com/afreidah/s3-orchestrator/internal/config/config.go:257.36,259.3 1 0
github.com/afreidah/s3-orchestrator/internal/config/config.go:260.2,260.22 1 0
github.com/afreidah/s3-orchestrator/internal/config/config.go:260.22,262.3 1 0
github.com/afreidah/s3-orchestrator/internal/config/config.go:263.2,263.46 1 0
github.com/afreidah/s3-orchestrator/internal/config/config.go:263.46,265.3 1 0
github.com/afreidah/s3-orchestrator/internal/config/config.go:266.2,266.60 1 0
github.com/afreidah/s3-orchestrator/internal/config/config.go:266.60,268.3 1 0
github.com/afreidah/s3-orchestrator/internal/config/config.go:269.2,272.56 1 0
github.com/afreidah/s3-orchestrator/internal/config/config.go:272.56,274.3 1 0
github.com/afreidah/s3-orchestrator/internal/config/config.go:275.2,275.48 1 0
github.com/afreidah/s3-orchestrator/internal/config/config.go:275.48,277.3 1 0
github.com/afreidah/s3-orchestrator/internal/config/config.go:278.2,278.16 1 0
github.com/afreidah/s3-orchestrator/internal/config/config.go:283.57,286.22 3 0
github.com/afreidah/s3-orchestrator/internal/config/config.go:286.22,288.3 1 0
github.com/afreidah/s3-orchestrator/internal/config/config.go:289.2,289.38 1 0
github.com/afreidah/s3-orchestrator/internal/config/config.go:289.38,291.3 1 0
github.com/afreidah/s3-orchestrator/internal/config/config.go:292.2,292.12 1 0
github.com/afreidah/s3-orchestrator/internal/config/config.go:299.66,300.26 1 0
github.com/afreidah/s3-orchestrator/internal/config/config.go:300.26,302.3 1 0
github.com/afreidah/s3-orchestrator/internal/config/config.go:303.2,304.21 2 0
github.com/afreidah/s3-orchestrator/internal/config/config.go:304.21,311.43 2 0
github.com/afreidah/s3-orchestrator/internal/config/config.go:311.43,313.4 1 0
github.com/afreidah/s3-orchestrator/internal/config/config.go:315.2,315.16 1 0
github.com/afreidah/s3-orchestrator/internal/config/config.go:323.42,324.14 1 0
github.com/afreidah/s3-orchestrator/internal/config/config.go:324.14,326.3 1 0
github.com/afreidah/s3-orchestrator/internal/config/config.go:327.2,327.12 1 0
github.com/afreidah/s3-orchestrator/internal/config/config.go:333.41,334.11 1 0
github.com/afreidah/s3-orchestrator/internal/config/config.go:335.15,336.25 1 0
github.com/afreidah/s3-orchestrator/internal/config/config.go:337.14,338.24 1 0
github.com/afreidah/s3-orchestrator/internal/config/config.go:339.15,340.25 1 0
github.com/afreidah/s3-orchestrator/internal/config/config.go:341.10,342.24 1 0
github.com/afreidah/s3-orchestrator/internal/config/database.go:41.52,50.2 2 1
github.com/afreidah/s3-orchestrator/internal/config/database.go:53.59,55.20 1 0
github.com/afreidah/s3-orchestrator/internal/config/database.go:55.20,56.19 1 0
github.com/afreidah/s3-orchestrator/internal/config/database.go:56.19,58.4 1 0
github.com/afreidah/s3-orchestrator/internal/config/database.go:58.9,60.4 1 0
github.com/afreidah/s3-orchestrator/internal/config/database.go:63.2,63.18 1 0
github.com/afreidah/s3-orchestrator/internal/config/database.go:64.16,65.28 1 0
github.com/afreidah/s3-orchestrator/internal/config/database.go:66.18,67.30 1 0
github.com/afreidah/s3-orchestrator/internal/config/database.go:68.10,69.97 1 0
github.com/afreidah/s3-orchestrator/internal/config/database.go:77.51,78.18 1 0
github.com/afreidah/s3-orchestrator/internal/config/database.go:78.18,80.3 1 0
github.com/afreidah/s3-orchestrator/internal/config/database.go:81.2,81.12 1 0
github.com/afreidah/s3-orchestrator/internal/config/database.go:88.53,91.18 2 0
github.com/afreidah/s3-orchestrator/internal/config/database.go:91.18,93.3 1 0
github.com/afreidah/s3-orchestrator/internal/config/database.go:94.2,94.22 1 0
github.com/afreidah/s3-orchestrator/internal/config/database.go:94.22,96.3 1 0
github.com/afreidah/s3-orchestrator/internal/config/database.go:97.2,97.18 1 0
github.com/afreidah/s3-orchestrator/internal/config/database.go:97.18,99.3 1 0
github.com/afreidah/s3-orchestrator/internal/config/database.go:100.2,100.17 1 0
github.com/afreidah/s3-orchestrator/internal/config/database.go:100.17,102.3 1 0
github.com/afreidah/s3-orchestrator/internal/config/database.go:103.2,103.21 1 0
github.com/afreidah/s3-orchestrator/internal/config/database.go:103.21,105.3 1 0
github.com/afreidah/s3-orchestrator/internal/config/database.go:106.2,106.21 1 0
github.com/afreidah/s3-orchestrator/internal/config/database.go:106.21,108.3 1 0
github.com/afreidah/s3-orchestrator/internal/config/database.go:109.2,109.21 1 0
github.com/afreidah/s3-orchestrator/internal/config/database.go:109.21,111.3 1 0
github.com/afreidah/s3-orchestrator/internal/config/database.go:112.2,112.28 1 0
github.com/afreidah/s3-orchestrator/internal/config/database.go:112.28,114.3 1 0
github.com/afreidah/s3-orchestrator/internal/config/database.go:116.2,116.29 1 0
github.com/afreidah/s3-orchestrator/internal/config/database.go:116.29,118.3 1 0
github.com/afreidah/s3-orchestrator/internal/config/database.go:120.2,120.13 1 0
github.com/afreidah/s3-orchestrator/internal/config/encryption.go:56.61,57.16 1 0
github.com/afreidah/s3-orchestrator/internal/config/encryption.go:57.16,59.3 1 0
github.com/afreidah/s3-orchestrator/internal/config/encryption.go:60.2,66.20 7 0
github.com/afreidah/s3-orchestrator/internal/config/encryption.go:66.20,68.3 1 0
github.com/afreidah/s3-orchestrator/internal/config/encryption.go:69.2,69.13 1 0
github.com/afreidah/s3-orchestrator/internal/config/encryption.go:74.56,75.22 1 0
github.com/afreidah/s3-orchestrator/internal/config/encryption.go:75.22,77.3 1 0
github.com/afreidah/s3-orchestrator/internal/config/encryption.go:78.2,79.31 2 0
github.com/afreidah/s3-orchestrator/internal/config/encryption.go:79.31,81.3 1 0
github.com/afreidah/s3-orchestrator/internal/config/encryption.go:82.2,82.20 1 0
github.com/afreidah/s3-orchestrator/internal/config/encryption.go:82.20,84.3 1 0
github.com/afreidah/s3-orchestrator/internal/config/encryption.go:85.2,85.12 1 0
github.com/afreidah/s3-orchestrator/internal/config/encryption.go:90.57,92.23 2 0
github.com/afreidah/s3-orchestrator/internal/config/encryption.go:92.23,94.3 1 0
github.com/afreidah/s3-orchestrator/internal/config/encryption.go:95.2,95.27 1 0
github.com/afreidah/s3-orchestrator/internal/config/encryption.go:95.27,97.3 1 0
github.com/afreidah/s3-orchestrator/internal/config/encryption.go:98.2,98.20 1 0
github.com/afreidah/s3-orchestrator/internal/config/encryption.go:98.20,100.3 1 0
github.com/afreidah/s3-orchestrator/internal/config/encryption.go:101.2,101.9 1 0
github.com/afreidah/s3-orchestrator/internal/config/encryption.go:102.20,103.39 1 0
github.com/afreidah/s3-orchestrator/internal/config/encryption.go:104.19,105.40 1 0
github.com/afreidah/s3-orchestrator/internal/config/encryption.go:107.2,107.12 1 0
github.com/afreidah/s3-orchestrator/internal/config/encryption.go:113.50,114.21 1 0
github.com/afreidah/s3-orchestrator/internal/config/encryption.go:114.21,116.3 1 0
github.com/afreidah/s3-orchestrator/internal/config/encryption.go:117.2,118.16 2 0
github.com/afreidah/s3-orchestrator/internal/config/encryption.go:118.16,120.3 1 0
github.com/afreidah/s3-orchestrator/internal/config/encryption.go:121.2,121.25 1 0
github.com/afreidah/s3-orchestrator/internal/config/encryption.go:121.25,123.3 1 0
github.com/afreidah/s3-orchestrator/internal/config/encryption.go:124.2,124.12 1 0
github.com/afreidah/s3-orchestrator/internal/config/encryption.go:129.49,130.16 1 0
github.com/afreidah/s3-orchestrator/internal/config/encryption.go:130.16,132.3 1 0
github.com/afreidah/s3-orchestrator/internal/config/encryption.go:133.2,134.16 2 0
github.com/afreidah/s3-orchestrator/internal/config/encryption.go:134.16,136.3 1 0
github.com/afreidah/s3-orchestrator/internal/config/encryption.go:137.2,137.23 1 0
github.com/afreidah/s3-orchestrator/internal/config/encryption.go:137.23,139.3 1 0
github.com/afreidah/s3-orchestrator/internal/config/encryption.go:140.2,140.12 1 0
github.com/afreidah/s3-orchestrator/internal/config/encryption.go:146.50,148.26 2 0
github.com/afreidah/s3-orchestrator/internal/config/encryption.go:148.26,150.17 2 0
github.com/afreidah/s3-orchestrator/internal/config/encryption.go:150.17,152.12 2 0
github.com/afreidah/s3-orchestrator/internal/config/encryption.go:154.3,154.26 1 0
github.com/afreidah/s3-orchestrator/internal/config/encryption.go:154.26,156.4 1 0
github.com/afreidah/s3-orchestrator/internal/config/encryption.go:158.2,158.13 1 0
github.com/afreidah/s3-orchestrator/internal/config/encryption.go:162.63,165.21 2 0
github.com/afreidah/s3-orchestrator/internal/config/encryption.go:165.21,167.3 1 0
github.com/afreidah/s3-orchestrator/internal/config/encryption.go:168.2,168.40 1 0
github.com/afreidah/s3-orchestrator/internal/config/encryption.go:168.40,170.3 1 0
github.com/afreidah/s3-orchestrator/internal/config/encryption.go:171.2,171.40 1 0
github.com/afreidah/s3-orchestrator/internal/config/encryption.go:171.40,173.3 1 0
github.com/afreidah/s3-orchestrator/internal/config/encryption.go:174.2,174.21 1 0
github.com/afreidah/s3-orchestrator/internal/config/encryption.go:174.21,176.3 1 0
github.com/afreidah/s3-orchestrator/internal/config/encryption.go:177.2,177.23 1 0
github.com/afreidah/s3-orchestrator/internal/config/encryption.go:177.23,179.3 1 0
github.com/afreidah/s3-orchestrator/internal/config/encryption.go:180.2,180.26 1 0
github.com/afreidah/s3-orchestrator/internal/config/encryption.go:180.26,182.3 1 0
github.com/afreidah/s3-orchestrator/internal/config/encryption.go:184.2,184.13 1 0
github.com/afreidah/s3-orchestrator/internal/config/errors.go:25.52,27.2 1 0
github.com/afreidah/s3-orchestrator/internal/config/errors.go:32.73,34.2 1 0
github.com/afreidah/s3-orchestrator/internal/config/errors.go:40.43,42.2 1 0
github.com/afreidah/s3-orchestrator/internal/config/integrity.go:33.59,34.17 1 0
github.com/afreidah/s3-orchestrator/internal/config/integrity.go:34.17,36.3 1 0
github.com/afreidah/s3-orchestrator/internal/config/integrity.go:37.2,37.33 1 0
github.com/afreidah/s3-orchestrator/internal/config/integrity.go:37.33,39.3 1 0
github.com/afreidah/s3-orchestrator/internal/config/integrity.go:40.2,40.30 1 0
github.com/afreidah/s3-orchestrator/internal/config/integrity.go:48.61,49.17 1 0
github.com/afreidah/s3-orchestrator/internal/config/integrity.go:49.17,51.3 1 0
github.com/afreidah/s3-orchestrator/internal/config/integrity.go:53.2,53.31 1 0
github.com/afreidah/s3-orchestrator/internal/config/integrity.go:53.31,55.3 1 0
github.com/afreidah/s3-orchestrator/internal/config/integrity.go:57.2,57.29 1 0
github.com/afreidah/s3-orchestrator/internal/config/integrity.go:57.29,59.3 1 0
github.com/afreidah/s3-orchestrator/internal/config/integrity.go:61.2,61.12 1 0
github.com/afreidah/s3-orchestrator/internal/config/notifications.go:36.63,38.29 2 0
github.com/afreidah/s3-orchestrator/internal/config/notifications.go:38.29,40.19 2 0
github.com/afreidah/s3-orchestrator/internal/config/notifications.go:40.19,42.4 1 0
github.com/afreidah/s3-orchestrator/internal/config/notifications.go:43.3,43.26 1 0
github.com/afreidah/s3-orchestrator/internal/config/notifications.go:43.26,45.4 1 0
github.com/afreidah/s3-orchestrator/internal/config/notifications.go:46.3,46.22 1 0
github.com/afreidah/s3-orchestrator/internal/config/notifications.go:46.22,48.4 1 0
github.com/afreidah/s3-orchestrator/internal/config/notifications.go:49.3,49.25 1 0
github.com/afreidah/s3-orchestrator/internal/config/notifications.go:49.25,51.4 1 0
github.com/afreidah/s3-orchestrator/internal/config/notifications.go:53.2,53.13 1 0
github.com/afreidah/s3-orchestrator/internal/config/ratelimit.go:53.60,59.40 2 0
github.com/afreidah/s3-orchestrator/internal/config/ratelimit.go:59.40,60.51 1 0
github.com/afreidah/s3-orchestrator/internal/config/ratelimit.go:60.51,62.4 1 0
github.com/afreidah/s3-orchestrator/internal/config/ratelimit.go:65.2,65.16 1 0
github.com/afreidah/s3-orchestrator/internal/config/ratelimit.go:65.16,67.3 1 0
github.com/afreidah/s3-orchestrator/internal/config/ratelimit.go:69.2,69.27 1 0
github.com/afreidah/s3-orchestrator/internal/config/ratelimit.go:69.27,71.3 1 0
github.com/afreidah/s3-orchestrator/internal/config/ratelimit.go:72.2,72.18 1 0
github.com/afreidah/s3-orchestrator/internal/config/ratelimit.go:72.18,74.3 1 0
github.com/afreidah/s3-orchestrator/internal/config/ratelimit.go:75.2,75.28 1 0
github.com/afreidah/s3-orchestrator/internal/config/ratelimit.go:75.28,77.3 1 0
github.com/afreidah/s3-orchestrator/internal/config/ratelimit.go:78.2,78.26 1 0
github.com/afreidah/s3-orchestrator/internal/config/ratelimit.go:78.26,80.3 1 0
github.com/afreidah/s3-orchestrator/internal/config/ratelimit.go:82.2,82.27 1 0
github.com/afreidah/s3-orchestrator/internal/config/ratelimit.go:82.27,84.3 1 0
github.com/afreidah/s3-orchestrator/internal/config/ratelimit.go:85.2,85.18 1 0
github.com/afreidah/s3-orchestrator/internal/config/ratelimit.go:85.18,87.3 1 0
github.com/afreidah/s3-orchestrator/internal/config/ratelimit.go:89.2,89.13 1 0
github.com/afreidah/s3-orchestrator/internal/config/ratelimit.go:93.47,94.30 1 0
github.com/afreidah/s3-orchestrator/internal/config/ratelimit.go:94.30,96.3 1 0
github.com/afreidah/s3-orchestrator/internal/config/ratelimit.go:97.2,97.25 1 0
github.com/afreidah/s3-orchestrator/internal/config/ratelimit.go:97.25,99.3 1 0
github.com/afreidah/s3-orchestrator/internal/config/ratelimit.go:100.2,100.22 1 0
github.com/afreidah/s3-orchestrator/internal/config/ratelimit.go:100.22,102.3 1 0
github.com/afreidah/s3-orchestrator/internal/config/ratelimit.go:106.55,107.18 1 0
github.com/afreidah/s3-orchestrator/internal/config/ratelimit.go:107.18,109.3 1 0
github.com/afreidah/s3-orchestrator/internal/config/ratelimit.go:110.2,110.31 1 0
github.com/afreidah/s3-orchestrator/internal/config/ratelimit.go:110.31,112.3 1 0
github.com/afreidah/s3-orchestrator/internal/config/ratelimit.go:113.2,113.26 1 0
github.com/afreidah/s3-orchestrator/internal/config/ratelimit.go:113.26,115.3 1 0
github.com/afreidah/s3-orchestrator/internal/config/redis.go:33.56,36.21 2 0
github.com/afreidah/s3-orchestrator/internal/config/redis.go:36.21,38.3 1 0
github.com/afreidah/s3-orchestrator/internal/config/redis.go:39.2,39.23 1 0
github.com/afreidah/s3-orchestrator/internal/config/redis.go:39.23,41.3 1 0
github.com/afreidah/s3-orchestrator/internal/config/redis.go:42.2,42.29 1 0
github.com/afreidah/s3-orchestrator/internal/config/redis.go:42.29,44.3 1 0
github.com/afreidah/s3-orchestrator/internal/config/redis.go:45.2,45.24 1 0
github.com/afreidah/s3-orchestrator/internal/config/redis.go:45.24,47.3 1 0
github.com/afreidah/s3-orchestrator/internal/config/redis.go:49.2,49.28 1 0
github.com/afreidah/s3-orchestrator/internal/config/redis.go:49.28,51.3 1 0
github.com/afreidah/s3-orchestrator/internal/config/redis.go:52.2,52.23 1 0
github.com/afreidah/s3-orchestrator/internal/config/redis.go:52.23,54.3 1 0
github.com/afreidah/s3-orchestrator/internal/config/redis.go:56.2,56.13 1 0
github.com/afreidah/s3-orchestrator/internal/config/server.go:60.57,68.2 7 0
github.com/afreidah/s3-orchestrator/internal/config/server.go:72.49,74.24 2 0
github.com/afreidah/s3-orchestrator/internal/config/server.go:74.24,76.3 1 0
github.com/afreidah/s3-orchestrator/internal/config/server.go:77.2,77.22 1 0
github.com/afreidah/s3-orchestrator/internal/config/server.go:77.22,79.3 1 0
github.com/afreidah/s3-orchestrator/internal/config/server.go:80.2,80.20 1 0
github.com/afreidah/s3-orchestrator/internal/config/server.go:81.40,81.40 0 0
github.com/afreidah/s3-orchestrator/internal/config/server.go:82.10,83.115 1 0
github.com/afreidah/s3-orchestrator/internal/config/server.go:85.2,85.26 1 0
github.com/afreidah/s3-orchestrator/internal/config/server.go:85.26,87.3 1 0
github.com/afreidah/s3-orchestrator/internal/config/server.go:88.2,88.13 1 0
github.com/afreidah/s3-orchestrator/internal/config/server.go:93.54,95.33 2 0
github.com/afreidah/s3-orchestrator/internal/config/server.go:95.33,97.3 1 0
github.com/afreidah/s3-orchestrator/internal/config/server.go:98.2,98.93 1 0
github.com/afreidah/s3-orchestrator/internal/config/server.go:98.93,100.3 1 0
github.com/afreidah/s3-orchestrator/internal/config/server.go:101.2,101.30 1 0
github.com/afreidah/s3-orchestrator/internal/config/server.go:101.30,103.3 1 0
github.com/afreidah/s3-orchestrator/internal/config/server.go:104.2,104.31 1 0
github.com/afreidah/s3-orchestrator/internal/config/server.go:104.31,106.3 1 0
github.com/afreidah/s3-orchestrator/internal/config/server.go:107.2,107.87 1 0
github.com/afreidah/s3-orchestrator/internal/config/server.go:107.87,109.3 1 0
github.com/afreidah/s3-orchestrator/internal/config/server.go:110.2,110.25 1 0
github.com/afreidah/s3-orchestrator/internal/config/server.go:110.25,112.3 1 0
github.com/afreidah/s3-orchestrator/internal/config/server.go:113.2,113.13 1 0
github.com/afreidah/s3-orchestrator/internal/config/server.go:118.47,119.27 1 0
github.com/afreidah/s3-orchestrator/internal/config/server.go:119.27,121.3 1 0
github.com/afreidah/s3-orchestrator/internal/config/server.go:122.2,122.30 1 0
github.com/afreidah/s3-orchestrator/internal/config/server.go:122.30,124.3 1 0
github.com/afreidah/s3-orchestrator/internal/config/server.go:125.2,125.24 1 0
github.com/afreidah/s3-orchestrator/internal/config/server.go:125.24,127.3 1 0
github.com/afreidah/s3-orchestrator/internal/config/server.go:128.2,128.25 1 0
github.com/afreidah/s3-orchestrator/internal/config/server.go:128.25,130.3 1 0
github.com/afreidah/s3-orchestrator/internal/config/server.go:131.2,131.24 1 0
github.com/afreidah/s3-orchestrator/internal/config/server.go:131.24,133.3 1 0
github.com/afreidah/s3-orchestrator/internal/config/server.go:138.51,140.41 2 0
github.com/afreidah/s3-orchestrator/internal/config/server.go:140.41,142.3 1 0
github.com/afreidah/s3-orchestrator/internal/config/server.go:143.2,143.39 1 0
github.com/afreidah/s3-orchestrator/internal/config/server.go:143.39,145.3 1 0
github.com/afreidah/s3-orchestrator/internal/config/server.go:146.2,146.13 1 0
github.com/afreidah/s3-orchestrator/internal/config/server.go:151.46,155.23 4 0
github.com/afreidah/s3-orchestrator/internal/config/server.go:155.23,157.3 1 0
github.com/afreidah/s3-orchestrator/internal/config/server.go:158.2,158.23 1 0
github.com/afreidah/s3-orchestrator/internal/config/server.go:158.23,159.29 1 0
github.com/afreidah/s3-orchestrator/internal/config/server.go:159.29,161.4 1 0
github.com/afreidah/s3-orchestrator/internal/config/server.go:162.3,162.61 1 0
github.com/afreidah/s3-orchestrator/internal/config/server.go:162.61,164.4 1 0
github.com/afreidah/s3-orchestrator/internal/config/server.go:166.2,166.13 1 0
github.com/afreidah/s3-orchestrator/internal/config/storage_services.go:77.49,79.2 1 0
github.com/afreidah/s3-orchestrator/internal/config/storage_services.go:108.60,109.23 1 0
github.com/afreidah/s3-orchestrator/internal/config/storage_services.go:109.23,111.3 1 0
github.com/afreidah/s3-orchestrator/internal/config/storage_services.go:113.2,114.22 2 0
github.com/afreidah/s3-orchestrator/internal/config/storage_services.go:114.22,116.3 1 0
github.com/afreidah/s3-orchestrator/internal/config/storage_services.go:117.2,117.31 1 0
github.com/afreidah/s3-orchestrator/internal/config/storage_services.go:117.31,118.24 1 0
github.com/afreidah/s3-orchestrator/internal/config/storage_services.go:118.24,120.4 1 0
github.com/afreidah/s3-orchestrator/internal/config/storage_services.go:121.3,121.31 1 0
github.com/afreidah/s3-orchestrator/internal/config/storage_services.go:121.31,123.4 1 0
github.com/afreidah/s3-orchestrator/internal/config/storage_services.go:125.2,125.13 1 0
github.com/afreidah/s3-orchestrator/internal/config/storage_services.go:129.60,130.16 1 0
github.com/afreidah/s3-orchestrator/internal/config/storage_services.go:130.16,132.3 1 0
github.com/afreidah/s3-orchestrator/internal/config/storage_services.go:134.2,136.22 2 0
github.com/afreidah/s3-orchestrator/internal/config/storage_services.go:136.22,138.3 1 0
github.com/afreidah/s3-orchestrator/internal/config/storage_services.go:139.2,139.21 1 0
github.com/afreidah/s3-orchestrator/internal/config/storage_services.go:139.21,141.3 1 0
github.com/afreidah/s3-orchestrator/internal/config/storage_services.go:142.2,142.22 1 0
github.com/afreidah/s3-orchestrator/internal/config/storage_services.go:142.22,144.3 1 0
github.com/afreidah/s3-orchestrator/internal/config/storage_services.go:145.2,145.22 1 0
github.com/afreidah/s3-orchestrator/internal/config/storage_services.go:145.22,147.3 1 0
github.com/afreidah/s3-orchestrator/internal/config/storage_services.go:148.2,148.24 1 0
github.com/afreidah/s3-orchestrator/internal/config/storage_services.go:148.24,150.3 1 0
github.com/afreidah/s3-orchestrator/internal/config/storage_services.go:152.2,152.52 1 0
github.com/afreidah/s3-orchestrator/internal/config/storage_services.go:152.52,154.3 1 0
github.com/afreidah/s3-orchestrator/internal/config/storage_services.go:155.2,155.21 1 0
github.com/afreidah/s3-orchestrator/internal/config/storage_services.go:155.21,157.3 1 0
github.com/afreidah/s3-orchestrator/internal/config/storage_services.go:158.2,158.22 1 0
github.com/afreidah/s3-orchestrator/internal/config/storage_services.go:158.22,160.3 1 0
github.com/afreidah/s3-orchestrator/internal/config/storage_services.go:161.2,161.40 1 0
github.com/afreidah/s3-orchestrator/internal/config/storage_services.go:161.40,163.3 1 0
github.com/afreidah/s3-orchestrator/internal/config/storage_services.go:164.2,164.24 1 0
github.com/afreidah/s3-orchestrator/internal/config/storage_services.go:164.24,166.3 1 0
github.com/afreidah/s3-orchestrator/internal/config/storage_services.go:168.2,168.13 1 0
github.com/afreidah/s3-orchestrator/internal/config/storage_services.go:172.78,174.19 2 0
github.com/afreidah/s3-orchestrator/internal/config/storage_services.go:174.19,176.3 1 0
github.com/afreidah/s3-orchestrator/internal/config/storage_services.go:177.2,177.18 1 0
github.com/afreidah/s3-orchestrator/internal/config/storage_services.go:177.18,179.3 1 0
github.com/afreidah/s3-orchestrator/internal/config/storage_services.go:180.2,180.18 1 0
github.com/afreidah/s3-orchestrator/internal/config/storage_services.go:180.18,183.3 2 0
github.com/afreidah/s3-orchestrator/internal/config/storage_services.go:184.2,184.13 1 0
github.com/afreidah/s3-orchestrator/internal/config/storage_services.go:191.56,192.27 1 0
github.com/afreidah/s3-orchestrator/internal/config/storage_services.go:192.27,194.3 1 0
github.com/afreidah/s3-orchestrator/internal/config/storage_services.go:195.2,195.22 1 0
github.com/afreidah/s3-orchestrator/internal/config/storage_services.go:195.22,197.3 1 0
github.com/afreidah/s3-orchestrator/internal/config/storage_services.go:198.2,198.31 1 0
github.com/afreidah/s3-orchestrator/internal/config/storage_services.go:198.31,200.3 1 0
github.com/afreidah/s3-orchestrator/internal/config/storage_services.go:201.2,201.24 1 0
github.com/afreidah/s3-orchestrator/internal/config/storage_services.go:201.24,203.3 1 0
github.com/afreidah/s3-orchestrator/internal/config/storage_services.go:208.81,210.29 2 0
github.com/afreidah/s3-orchestrator/internal/config/storage_services.go:210.29,213.3 1 0
github.com/afreidah/s3-orchestrator/internal/config/storage_services.go:214.2,214.27 1 0
github.com/afreidah/s3-orchestrator/internal/config/storage_services.go:214.27,216.3 1 0
github.com/afreidah/s3-orchestrator/internal/config/storage_services.go:217.2,217.22 1 0
github.com/afreidah/s3-orchestrator/internal/config/storage_services.go:217.22,219.3 1 0
github.com/afreidah/s3-orchestrator/internal/config/storage_services.go:220.2,220.13 1 0
github.com/afreidah/s3-orchestrator/internal/config/storage_services.go:227.60,231.23 3 0
github.com/afreidah/s3-orchestrator/internal/config/storage_services.go:231.23,235.21 3 0
github.com/afreidah/s3-orchestrator/internal/config/storage_services.go:235.21,237.4 1 0
github.com/afreidah/s3-orchestrator/internal/config/storage_services.go:238.3,238.28 1 0
github.com/afreidah/s3-orchestrator/internal/config/storage_services.go:238.28,240.4 1 0
github.com/afreidah/s3-orchestrator/internal/config/storage_services.go:241.3,241.25 1 0
github.com/afreidah/s3-orchestrator/internal/config/storage_services.go:241.25,243.4 1 0
github.com/afreidah/s3-orchestrator/internal/config/storage_services.go:244.3,244.28 1 0
github.com/afreidah/s3-orchestrator/internal/config/storage_services.go:247.2,247.13 1 0
github.com/afreidah/s3-orchestrator/internal/config/telemetry.go:37.60,40.26 2 0
github.com/afreidah/s3-orchestrator/internal/config/telemetry.go:40.26,42.3 1 0
github.com/afreidah/s3-orchestrator/internal/config/telemetry.go:43.2,43.52 1 0
github.com/afreidah/s3-orchestrator/internal/config/telemetry.go:43.52,45.3 1 0
github.com/afreidah/s3-orchestrator/internal/config/telemetry.go:46.2,46.51 1 0
github.com/afreidah/s3-orchestrator/internal/config/telemetry.go:46.51,48.3 1 0
github.com/afreidah/s3-orchestrator/internal/config/telemetry.go:50.2,50.13 1 0
github.com/afreidah/s3-orchestrator/internal/config/ui.go:28.53,31.18 2 0
github.com/afreidah/s3-orchestrator/internal/config/ui.go:31.18,33.3 1 0
github.com/afreidah/s3-orchestrator/internal/config/ui.go:34.2,34.15 1 0
github.com/afreidah/s3-orchestrator/internal/config/ui.go:34.15,35.46 1 0
github.com/afreidah/s3-orchestrator/internal/config/ui.go:35.46,37.4 1 0
github.com/afreidah/s3-orchestrator/internal/config/ui.go:38.3,38.28 1 0
github.com/afreidah/s3-orchestrator/internal/config/ui.go:38.28,40.4 1 0
github.com/afreidah/s3-orchestrator/internal/config/ui.go:43.2,43.13 1 0
github.com/afreidah/s3-orchestrator/internal/config/usage.go:32.61,35.21 2 0
github.com/afreidah/s3-orchestrator/internal/config/usage.go:35.21,37.3 1 0
github.com/afreidah/s3-orchestrator/internal/config/usage.go:38.2,38.30 1 0
github.com/afreidah/s3-orchestrator/internal/config/usage.go:38.30,40.3 1 0
github.com/afreidah/s3-orchestrator/internal/config/usage.go:41.2,41.25 1 0
github.com/afreidah/s3-orchestrator/internal/config/usage.go:41.25,43.3 1 0
github.com/afreidah/s3-orchestrator/internal/config/usage.go:45.2,45.21 1 0
github.com/afreidah/s3-orchestrator/internal/config/usage.go:45.21,47.3 1 0
github.com/afreidah/s3-orchestrator/internal/config/usage.go:48.2,48.58 1 0
github.com/afreidah/s3-orchestrator/internal/config/usage.go:48.58,50.3 1 0
github.com/afreidah/s3-orchestrator/internal/config/usage.go:51.2,51.25 1 0
github.com/afreidah/s3-orchestrator/internal/config/usage.go:51.25,53.3 1 0
github.com/afreidah/s3-orchestrator/internal/config/usage.go:54.2,54.34 1 0
github.com/afreidah/s3-orchestrator/internal/config/usage.go:54.34,56.3 1 0
github.com/afreidah/s3-orchestrator/internal/config/usage.go:58.2,58.13 1 0
github.com/afreidah/s3-orchestrator/internal/store/core/cleanup.go:33.111,34.87 1 0
github.com/afreidah/s3-orchestrator/internal/store/core/cleanup.go:34.87,36.17 2 0
github.com/afreidah/s3-orchestrator/internal/store/core/cleanup.go:36.17,38.4 1 0
github.com/afreidah/s3-orchestrator/internal/store/core/cleanup.go:39.3,39.20 1 0
github.com/afreidah/s3-orchestrator/internal/store/core/cleanup.go:39.20,41.4 1 0
github.com/afreidah/s3-orchestrator/internal/store/core/cleanup.go:42.3,42.21 1 0
github.com/afreidah/s3-orchestrator/internal/store/core/cleanup.go:42.21,43.76 1 0
github.com/afreidah/s3-orchestrator/internal/store/core/cleanup.go:43.76,45.5 1 0
github.com/afreidah/s3-orchestrator/internal/store/core/cleanup.go:47.3,47.23 1 0
github.com/afreidah/s3-orchestrator/internal/store/core/cleanup.go:70.101,71.86 1 0
github.com/afreidah/s3-orchestrator/internal/store/core/cleanup.go:71.86,73.17 2 0
github.com/afreidah/s3-orchestrator/internal/store/core/cleanup.go:73.17,74.46 1 0
github.com/afreidah/s3-orchestrator/internal/store/core/cleanup.go:74.46,76.5 1 0
github.com/afreidah/s3-orchestrator/internal/store/core/cleanup.go:77.4,77.21 1 0
github.com/afreidah/s3-orchestrator/internal/store/core/cleanup.go:79.3,79.22 1 0
github.com/afreidah/s3-orchestrator/internal/store/core/cleanup.go:79.22,81.4 1 0
github.com/afreidah/s3-orchestrator/internal/store/core/cleanup.go:82.3,82.56 1 0
github.com/afreidah/s3-orchestrator/internal/store/core/cleanup.go:82.56,84.4 1 0
github.com/afreidah/s3-orchestrator/internal/store/core/cleanup.go:85.3,85.55 1 0
github.com/afreidah/s3-orchestrator/internal/store/core/cleanup.go:85.55,87.4 1 0
github.com/afreidah/s3-orchestrator/internal/store/core/cleanup.go:88.3,88.19 1 0
github.com/afreidah/s3-orchestrator/internal/store/core/errors.go:29.34,31.2 1 0
github.com/afreidah/s3-orchestrator/internal/store/core/helpers.go:28.80,29.30 1 0
github.com/afreidah/s3-orchestrator/internal/store/core/helpers.go:29.30,30.68 1 0
github.com/afreidah/s3-orchestrator/internal/store/core/helpers.go:30.68,32.4 1 0
github.com/afreidah/s3-orchestrator/internal/store/core/helpers.go:34.2,34.14 1 0
github.com/afreidah/s3-orchestrator/internal/store/core/helpers.go:41.62,42.41 1 0
github.com/afreidah/s3-orchestrator/internal/store/core/helpers.go:42.41,44.3 1 0
github.com/afreidah/s3-orchestrator/internal/store/core/helpers.go:45.2,51.3 1 0
github.com/afreidah/s3-orchestrator/internal/store/core/helpers.go:56.90,62.16 2 15
github.com/afreidah/s3-orchestrator/internal/store/core/helpers.go:62.16,64.3 1 13
github.com/afreidah/s3-orchestrator/internal/store/core/helpers.go:65.2,65.19 1 2
github.com/afreidah/s3-orchestrator/internal/store/core/helpers.go:65.19,70.3 4 2
github.com/afreidah/s3-orchestrator/internal/store/core/helpers.go:71.2,71.27 1 2
github.com/afreidah/s3-orchestrator/internal/store/core/helpers.go:71.27,73.3 1 2
github.com/afreidah/s3-orchestrator/internal/store/core/helpers.go:74.2,74.12 1 2
github.com/afreidah/s3-orchestrator/internal/store/core/helpers.go:91.89,92.22 1 30
github.com/afreidah/s3-orchestrator/internal/store/core/helpers.go:92.22,94.3 1 0
github.com/afreidah/s3-orchestrator/internal/store/core/helpers.go:95.2,96.24 2 30
github.com/afreidah/s3-orchestrator/internal/store/core/helpers.go:96.24,98.3 1 35
github.com/afreidah/s3-orchestrator/internal/store/core/helpers.go:99.2,100.29 2 30
github.com/afreidah/s3-orchestrator/internal/store/core/helpers.go:100.29,102.10 2 35
github.com/afreidah/s3-orchestrator/internal/store/core/helpers.go:103.14,104.62 1 15
github.com/afreidah/s3-orchestrator/internal/store/core/helpers.go:104.62,106.5 1 0
github.com/afreidah/s3-orchestrator/internal/store/core/helpers.go:107.14,108.63 1 20
github.com/afreidah/s3-orchestrator/internal/store/core/helpers.go:108.63,110.5 1 0
github.com/afreidah/s3-orchestrator/internal/store/core/helpers.go:113.2,113.12 1 30
github.com/afreidah/s3-orchestrator/internal/store/core/helpers.go:125.86,126.24 1 0
github.com/afreidah/s3-orchestrator/internal/store/core/helpers.go:126.24,128.3 1 0
github.com/afreidah/s3-orchestrator/internal/store/core/helpers.go:129.2,130.30 2 0
github.com/afreidah/s3-orchestrator/internal/store/core/helpers.go:130.30,131.35 1 0
github.com/afreidah/s3-orchestrator/internal/store/core/helpers.go:131.35,136.4 1 0
github.com/afreidah/s3-orchestrator/internal/store/core/helpers.go:138.2,138.18 1 0
github.com/afreidah/s3-orchestrator/internal/store/core/objects.go:28.132,29.95 1 15
github.com/afreidah/s3-orchestrator/internal/store/core/objects.go:29.95,31.3 1 15
github.com/afreidah/s3-orchestrator/internal/store/core/objects.go:38.164,39.95 1 0
github.com/afreidah/s3-orchestrator/internal/store/core/objects.go:39.95,41.3 1 0
github.com/afreidah/s3-orchestrator/internal/store/core/objects.go:49.150,50.52 1 15
github.com/afreidah/s3-orchestrator/internal/store/core/objects.go:50.52,52.3 1 0
github.com/afreidah/s3-orchestrator/internal/store/core/objects.go:53.2,54.16 2 15
github.com/afreidah/s3-orchestrator/internal/store/core/objects.go:54.16,56.3 1 0
github.com/afreidah/s3-orchestrator/internal/store/core/objects.go:57.2,59.16 3 15
github.com/afreidah/s3-orchestrator/internal/store/core/objects.go:59.16,61.3 1 0
github.com/afreidah/s3-orchestrator/internal/store/core/objects.go:62.2,62.93 1 15
github.com/afreidah/s3-orchestrator/internal/store/core/objects.go:62.93,64.3 1 0
github.com/afreidah/s3-orchestrator/internal/store/core/objects.go:65.2,66.58 2 15
github.com/afreidah/s3-orchestrator/internal/store/core/objects.go:66.58,68.3 1 0
github.com/afreidah/s3-orchestrator/internal/store/core/objects.go:69.2,69.20 1 15
github.com/afreidah/s3-orchestrator/internal/store/core/objects.go:69.20,70.57 1 0
github.com/afreidah/s3-orchestrator/internal/store/core/objects.go:70.57,72.4 1 0
github.com/afreidah/s3-orchestrator/internal/store/core/objects.go:74.2,74.23 1 15
github.com/afreidah/s3-orchestrator/internal/store/core/objects.go:85.90,86.95 1 14
github.com/afreidah/s3-orchestrator/internal/store/core/objects.go:86.95,88.17 2 14
github.com/afreidah/s3-orchestrator/internal/store/core/objects.go:88.17,90.4 1 0
github.com/afreidah/s3-orchestrator/internal/store/core/objects.go:91.3,91.25 1 14
github.com/afreidah/s3-orchestrator/internal/store/core/objects.go:91.25,93.4 1 0
github.com/afreidah/s3-orchestrator/internal/store/core/objects.go:94.3,94.57 1 14
github.com/afreidah/s3-orchestrator/internal/store/core/objects.go:94.57,96.4 1 0
github.com/afreidah/s3-orchestrator/internal/store/core/objects.go:97.3,99.31 3 14
github.com/afreidah/s3-orchestrator/internal/store/core/objects.go:99.31,102.4 2 18
github.com/afreidah/s3-orchestrator/internal/store/core/objects.go:103.3,103.59 1 14
github.com/afreidah/s3-orchestrator/internal/store/core/objects.go:103.59,105.4 1 0
github.com/afreidah/s3-orchestrator/internal/store/core/objects.go:106.3,106.21 1 14
github.com/afreidah/s3-orchestrator/internal/store/core/objects.go:121.110,122.20 1 2
github.com/afreidah/s3-orchestrator/internal/store/core/objects.go:122.20,124.3 1 1
github.com/afreidah/s3-orchestrator/internal/store/core/objects.go:125.2,125.106 1 1
github.com/afreidah/s3-orchestrator/internal/store/core/objects.go:125.106,127.17 2 1
github.com/afreidah/s3-orchestrator/internal/store/core/objects.go:127.17,129.4 1 0
github.com/afreidah/s3-orchestrator/internal/store/core/objects.go:130.3,130.21 1 1
github.com/afreidah/s3-orchestrator/internal/store/core/objects.go:130.21,132.4 1 0
github.com/afreidah/s3-orchestrator/internal/store/core/objects.go:133.3,133.59 1 1
github.com/afreidah/s3-orchestrator/internal/store/core/objects.go:133.59,135.4 1 0
github.com/afreidah/s3-orchestrator/internal/store/core/objects.go:142.3,144.26 3 1
github.com/afreidah/s3-orchestrator/internal/store/core/objects.go:144.26,150.4 2 3
github.com/afreidah/s3-orchestrator/internal/store/core/objects.go:151.3,151.59 1 1
github.com/afreidah/s3-orchestrator/internal/store/core/objects.go:151.59,153.4 1 0
github.com/afreidah/s3-orchestrator/internal/store/core/objects.go:154.3,154.21 1 1
github.com/afreidah/s3-orchestrator/internal/store/core/objects.go:166.112,167.87 1 0
github.com/afreidah/s3-orchestrator/internal/store/core/objects.go:167.87,169.17 2 0
github.com/afreidah/s3-orchestrator/internal/store/core/objects.go:169.17,171.4 1 0
github.com/afreidah/s3-orchestrator/internal/store/core/objects.go:172.3,172.20 1 0
github.com/afreidah/s3-orchestrator/internal/store/core/objects.go:172.20,174.4 1 0
github.com/afreidah/s3-orchestrator/internal/store/core/objects.go:175.3,176.24 2 0
github.com/afreidah/s3-orchestrator/internal/store/core/objects.go:176.24,178.4 1 0
github.com/afreidah/s3-orchestrator/internal/store/core/objects.go:179.3,179.75 1 0
github.com/afreidah/s3-orchestrator/internal/store/core/objects.go:179.75,181.4 1 0
github.com/afreidah/s3-orchestrator/internal/store/core/objects.go:182.3,192.60 2 0
github.com/afreidah/s3-orchestrator/internal/store/core/objects.go:192.60,194.4 1 0
github.com/afreidah/s3-orchestrator/internal/store/core/objects.go:198.3,201.18 1 0
github.com/afreidah/s3-orchestrator/internal/store/core/objects.go:201.18,203.4 1 0
github.com/afreidah/s3-orchestrator/internal/store/core/objects.go:204.3,204.28 1 0
github.com/afreidah/s3-orchestrator/internal/store/core/objects.go:216.102,217.86 1 2
github.com/afreidah/s3-orchestrator/internal/store/core/objects.go:217.86,224.17 3 2
github.com/afreidah/s3-orchestrator/internal/store/core/objects.go:224.17,226.4 1 0
github.com/afreidah/s3-orchestrator/internal/store/core/objects.go:227.3,227.16 1 2
github.com/afreidah/s3-orchestrator/internal/store/core/objects.go:227.16,229.4 1 1
github.com/afreidah/s3-orchestrator/internal/store/core/objects.go:230.3,230.70 1 1
github.com/afreidah/s3-orchestrator/internal/store/core/objects.go:230.70,232.4 1 0
github.com/afreidah/s3-orchestrator/internal/store/core/objects.go:233.3,233.19 1 1
github.com/afreidah/s3-orchestrator/internal/store/core/pending.go:35.100,37.16 2 0
github.com/afreidah/s3-orchestrator/internal/store/core/pending.go:37.16,39.3 1 0
github.com/afreidah/s3-orchestrator/internal/store/core/pending.go:40.2,40.14 1 0
github.com/afreidah/s3-orchestrator/internal/store/core/pending.go:40.14,42.3 1 0
github.com/afreidah/s3-orchestrator/internal/store/core/pending.go:44.2,44.60 1 0
github.com/afreidah/s3-orchestrator/internal/store/core/pending.go:44.60,46.3 1 0
github.com/afreidah/s3-orchestrator/internal/store/core/pending.go:47.2,48.16 2 0
github.com/afreidah/s3-orchestrator/internal/store/core/pending.go:48.16,50.3 1 0
github.com/afreidah/s3-orchestrator/internal/store/core/pending.go:52.2,52.45 1 0
github.com/afreidah/s3-orchestrator/internal/store/core/pending.go:52.45,53.59 1 0
github.com/afreidah/s3-orchestrator/internal/store/core/pending.go:53.59,55.4 1 0
github.com/afreidah/s3-orchestrator/internal/store/core/pending.go:56.3,56.63 1 0
github.com/afreidah/s3-orchestrator/internal/store/core/pending.go:59.2,59.46 1 0
github.com/afreidah/s3-orchestrator/internal/store/core/pending.go:66.124,69.16 3 0
github.com/afreidah/s3-orchestrator/internal/store/core/pending.go:69.16,71.3 1 0
github.com/afreidah/s3-orchestrator/internal/store/core/pending.go:72.2,73.58 2 0
github.com/afreidah/s3-orchestrator/internal/store/core/pending.go:73.58,75.3 1 0
github.com/afreidah/s3-orchestrator/internal/store/core/pending.go:76.2,77.58 2 0
github.com/afreidah/s3-orchestrator/internal/store/core/pending.go:77.58,79.3 1 0
github.com/afreidah/s3-orchestrator/internal/store/core/pending.go:80.2,80.58 1 0
github.com/afreidah/s3-orchestrator/internal/store/core/pending.go:80.58,82.3 1 0
github.com/afreidah/s3-orchestrator/internal/store/core/pending.go:83.2,83.83 1 0
github.com/afreidah/s3-orchestrator/internal/store/core/pending.go:91.158,92.24 1 15
github.com/afreidah/s3-orchestrator/internal/store/core/pending.go:92.24,94.3 1 15
github.com/afreidah/s3-orchestrator/internal/store/core/pending.go:95.2,95.56 1 0
github.com/afreidah/s3-orchestrator/internal/store/core/pending.go:95.56,97.3 1 0
github.com/afreidah/s3-orchestrator/internal/store/core/pending.go:98.2,98.30 1 0
github.com/afreidah/s3-orchestrator/internal/store/core/pending.go:98.30,100.3 1 0
github.com/afreidah/s3-orchestrator/internal/store/core/pending.go:101.2,101.57 1 0
github.com/afreidah/s3-orchestrator/internal/store/core/replication.go:40.119,41.106 1 5
github.com/afreidah/s3-orchestrator/internal/store/core/replication.go:41.106,43.30 2 5
github.com/afreidah/s3-orchestrator/internal/store/core/replication.go:43.30,45.4 1 0
github.com/afreidah/s3-orchestrator/internal/store/core/replication.go:46.3,46.76 1 5
github.com/afreidah/s3-orchestrator/internal/store/core/replication.go:46.76,48.4 1 0
github.com/afreidah/s3-orchestrator/internal/store/core/replication.go:49.3,49.62 1 5
github.com/afreidah/s3-orchestrator/internal/store/core/replication.go:51.2,51.36 1 5
github.com/afreidah/s3-orchestrator/internal/store/core/replication.go:62.102,63.74 1 0
github.com/afreidah/s3-orchestrator/internal/store/core/replication.go:63.74,64.75 1 0
github.com/afreidah/s3-orchestrator/internal/store/core/replication.go:64.75,66.4 1 0
github.com/afreidah/s3-orchestrator/internal/store/core/replication.go:67.3,67.58 1 0
github.com/afreidah/s3-orchestrator/internal/store/core/runner.go:41.125,43.74 2 37
github.com/afreidah/s3-orchestrator/internal/store/core/runner.go:43.74,45.18 2 37
github.com/afreidah/s3-orchestrator/internal/store/core/runner.go:45.18,47.4 1 0
github.com/afreidah/s3-orchestrator/internal/store/core/runner.go:48.3,49.13 2 37
github.com/afreidah/s3-orchestrator/internal/store/core/runner.go:51.2,51.16 1 37
github.com/afreidah/s3-orchestrator/internal/store/core/runner.go:51.16,54.3 2 0
github.com/afreidah/s3-orchestrator/internal/store/core/runner.go:55.2,55.17 1 37
github.com/afreidah/s3-orchestrator/internal/store/core/store.go:47.120,48.101 1 0
github.com/afreidah/s3-orchestrator/internal/store/core/store.go:48.101,50.3 1 0
github.com/afreidah/s3-orchestrator/internal/store/core/store.go:51.2,51.16 1 0
github.com/afreidah/s3-orchestrator/internal/store/core/store.go:51.16,57.3 1 0
github.com/afreidah/s3-orchestrator/internal/store/core/store.go:58.2,58.39 1 0
github.com/afreidah/s3-orchestrator/internal/store/core/types.go:285.73,287.27 2 0
github.com/afreidah/s3-orchestrator/internal/store/core/types.go:287.27,289.3 1 0
github.com/afreidah/s3-orchestrator/internal/store/core/types.go:290.2,290.10 1 0
github.com/afreidah/s3-orchestrator/internal/store/postgres/adapter.go:39.83,40.66 1 17
github.com/afreidah/s3-orchestrator/internal/store/postgres/adapter.go:40.66,42.3 1 1
github.com/afreidah/s3-orchestrator/internal/store/postgres/adapter.go:43.2,43.12 1 16
github.com/afreidah/s3-orchestrator/internal/store/postgres/adapter.go:52.88,53.67 1 7
github.com/afreidah/s3-orchestrator/internal/store/postgres/adapter.go:53.67,54.36 1 5
github.com/afreidah/s3-orchestrator/internal/store/postgres/adapter.go:54.36,56.4 1 4
github.com/afreidah/s3-orchestrator/internal/store/postgres/adapter.go:57.3,57.56 1 1
github.com/afreidah/s3-orchestrator/internal/store/postgres/adapter.go:59.2,59.18 1 2
github.com/afreidah/s3-orchestrator/internal/store/postgres/adapter.go:63.87,64.77 1 3
github.com/afreidah/s3-orchestrator/internal/store/postgres/adapter.go:64.77,66.3 1 1
github.com/afreidah/s3-orchestrator/internal/store/postgres/adapter.go:67.2,67.12 1 2
github.com/afreidah/s3-orchestrator/internal/store/postgres/adapter.go:71.81,72.63 1 2
github.com/afreidah/s3-orchestrator/internal/store/postgres/adapter.go:72.63,74.3 1 1
github.com/afreidah/s3-orchestrator/internal/store/postgres/adapter.go:75.2,75.12 1 1
github.com/afreidah/s3-orchestrator/internal/store/postgres/adapter.go:81.93,82.76 1 2
github.com/afreidah/s3-orchestrator/internal/store/postgres/adapter.go:82.76,84.3 1 1
github.com/afreidah/s3-orchestrator/internal/store/postgres/adapter.go:85.2,85.12 1 1
github.com/afreidah/s3-orchestrator/internal/store/postgres/adapter.go:94.118,96.16 2 35
github.com/afreidah/s3-orchestrator/internal/store/postgres/adapter.go:96.16,98.3 1 1
github.com/afreidah/s3-orchestrator/internal/store/postgres/adapter.go:99.2,99.42 1 34
github.com/afreidah/s3-orchestrator/internal/store/postgres/adapter.go:104.97,105.79 1 16
github.com/afreidah/s3-orchestrator/internal/store/postgres/adapter.go:105.79,107.3 1 1
github.com/afreidah/s3-orchestrator/internal/store/postgres/adapter.go:108.2,108.12 1 15
github.com/afreidah/s3-orchestrator/internal/store/postgres/adapter.go:112.87,113.63 1 16
github.com/afreidah/s3-orchestrator/internal/store/postgres/adapter.go:113.63,115.3 1 1
github.com/afreidah/s3-orchestrator/internal/store/postgres/adapter.go:116.2,116.12 1 15
github.com/afreidah/s3-orchestrator/internal/store/postgres/adapter.go:121.112,126.16 2 3
github.com/afreidah/s3-orchestrator/internal/store/postgres/adapter.go:126.16,128.3 1 1
github.com/afreidah/s3-orchestrator/internal/store/postgres/adapter.go:129.2,129.20 1 2
github.com/afreidah/s3-orchestrator/internal/store/postgres/adapter.go:135.127,140.35 2 3
github.com/afreidah/s3-orchestrator/internal/store/postgres/adapter.go:140.35,142.3 1 1
github.com/afreidah/s3-orchestrator/internal/store/postgres/adapter.go:143.2,143.16 1 2
github.com/afreidah/s3-orchestrator/internal/store/postgres/adapter.go:143.16,145.3 1 1
github.com/afreidah/s3-orchestrator/internal/store/postgres/adapter.go:146.2,156.23 2 1
github.com/afreidah/s3-orchestrator/internal/store/postgres/adapter.go:161.101,165.17 1 2
github.com/afreidah/s3-orchestrator/internal/store/postgres/adapter.go:165.17,167.3 1 1
github.com/afreidah/s3-orchestrator/internal/store/postgres/adapter.go:168.2,168.12 1 1
github.com/afreidah/s3-orchestrator/internal/store/postgres/adapter.go:174.116,180.35 2 3
github.com/afreidah/s3-orchestrator/internal/store/postgres/adapter.go:180.35,182.3 1 1
github.com/afreidah/s3-orchestrator/internal/store/postgres/adapter.go:183.2,183.16 1 2
github.com/afreidah/s3-orchestrator/internal/store/postgres/adapter.go:183.16,185.3 1 1
github.com/afreidah/s3-orchestrator/internal/store/postgres/adapter.go:186.2,186.22 1 1
github.com/afreidah/s3-orchestrator/internal/store/postgres/adapter.go:191.119,192.20 1 1
github.com/afreidah/s3-orchestrator/internal/store/postgres/adapter.go:192.20,194.3 1 0
github.com/afreidah/s3-orchestrator/internal/store/postgres/adapter.go:195.2,196.16 2 1
github.com/afreidah/s3-orchestrator/internal/store/postgres/adapter.go:196.16,198.3 1 0
github.com/afreidah/s3-orchestrator/internal/store/postgres/adapter.go:199.2,200.25 2 1
github.com/afreidah/s3-orchestrator/internal/store/postgres/adapter.go:200.25,206.3 1 3
github.com/afreidah/s3-orchestrator/internal/store/postgres/adapter.go:207.2,207.17 1 1
github.com/afreidah/s3-orchestrator/internal/store/postgres/adapter.go:212.85,213.20 1 1
github.com/afreidah/s3-orchestrator/internal/store/postgres/adapter.go:213.20,215.3 1 0
github.com/afreidah/s3-orchestrator/internal/store/postgres/adapter.go:216.2,216.59 1 1
github.com/afreidah/s3-orchestrator/internal/store/postgres/adapter.go:216.59,218.3 1 0
github.com/afreidah/s3-orchestrator/internal/store/postgres/adapter.go:219.2,219.12 1 1
github.com/afreidah/s3-orchestrator/internal/store/postgres/adapter.go:227.138,233.35 2 7
github.com/afreidah/s3-orchestrator/internal/store/postgres/adapter.go:233.35,235.3 1 1
github.com/afreidah/s3-orchestrator/internal/store/postgres/adapter.go:236.2,236.16 1 6
github.com/afreidah/s3-orchestrator/internal/store/postgres/adapter.go:236.16,238.3 1 1
github.com/afreidah/s3-orchestrator/internal/store/postgres/adapter.go:239.2,239.24 1 5
github.com/afreidah/s3-orchestrator/internal/store/postgres/adapter.go:249.122,254.16 2 3
github.com/afreidah/s3-orchestrator/internal/store/postgres/adapter.go:254.16,256.3 1 1
github.com/afreidah/s3-orchestrator/internal/store/postgres/adapter.go:257.2,257.23 1 2
github.com/afreidah/s3-orchestrator/internal/store/postgres/adapter.go:257.23,259.3 1 1
github.com/afreidah/s3-orchestrator/internal/store/postgres/adapter.go:260.2,263.17 1 1
github.com/afreidah/s3-orchestrator/internal/store/postgres/adapter.go:263.17,265.3 1 0
github.com/afreidah/s3-orchestrator/internal/store/postgres/adapter.go:266.2,266.42 1 1
github.com/afreidah/s3-orchestrator/internal/store/postgres/adapter.go:272.103,274.16 2 0
github.com/afreidah/s3-orchestrator/internal/store/postgres/adapter.go:274.16,275.36 1 0
github.com/afreidah/s3-orchestrator/internal/store/postgres/adapter.go:275.36,277.4 1 0
github.com/afreidah/s3-orchestrator/internal/store/postgres/adapter.go:278.3,278.78 1 0
github.com/afreidah/s3-orchestrator/internal/store/postgres/adapter.go:280.2,288.25 2 0
github.com/afreidah/s3-orchestrator/internal/store/postgres/adapter.go:288.25,290.3 1 0
github.com/afreidah/s3-orchestrator/internal/store/postgres/adapter.go:291.2,291.26 1 0
github.com/afreidah/s3-orchestrator/internal/store/postgres/adapter.go:291.26,293.3 1 0
github.com/afreidah/s3-orchestrator/internal/store/postgres/adapter.go:294.2,294.17 1 0
github.com/afreidah/s3-orchestrator/internal/store/postgres/adapter.go:300.94,302.25 2 0
github.com/afreidah/s3-orchestrator/internal/store/postgres/adapter.go:302.25,305.3 2 0
github.com/afreidah/s3-orchestrator/internal/store/postgres/adapter.go:306.2,307.29 2 0
github.com/afreidah/s3-orchestrator/internal/store/postgres/adapter.go:307.29,309.3 1 0
github.com/afreidah/s3-orchestrator/internal/store/postgres/adapter.go:310.2,319.17 1 0
github.com/afreidah/s3-orchestrator/internal/store/postgres/adapter.go:319.17,321.3 1 0
github.com/afreidah/s3-orchestrator/internal/store/postgres/adapter.go:322.2,322.12 1 0
github.com/afreidah/s3-orchestrator/internal/store/postgres/adapter.go:328.78,329.55 1 0
github.com/afreidah/s3-orchestrator/internal/store/postgres/adapter.go:329.55,331.3 1 0
github.com/afreidah/s3-orchestrator/internal/store/postgres/adapter.go:332.2,332.12 1 0
github.com/afreidah/s3-orchestrator/internal/store/postgres/adapter.go:342.105,347.16 2 24
github.com/afreidah/s3-orchestrator/internal/store/postgres/adapter.go:347.16,349.3 1 1
github.com/afreidah/s3-orchestrator/internal/store/postgres/adapter.go:350.2,350.12 1 23
github.com/afreidah/s3-orchestrator/internal/store/postgres/adapter.go:350.12,352.3 1 1
github.com/afreidah/s3-orchestrator/internal/store/postgres/adapter.go:353.2,353.12 1 22
github.com/afreidah/s3-orchestrator/internal/store/postgres/adapter.go:357.105,361.17 1 22
github.com/afreidah/s3-orchestrator/internal/store/postgres/adapter.go:361.17,363.3 1 1
github.com/afreidah/s3-orchestrator/internal/store/postgres/adapter.go:364.2,364.12 1 21
github.com/afreidah/s3-orchestrator/internal/store/postgres/adapter.go:369.104,373.17 1 2
github.com/afreidah/s3-orchestrator/internal/store/postgres/adapter.go:373.17,375.3 1 1
github.com/afreidah/s3-orchestrator/internal/store/postgres/adapter.go:376.2,376.12 1 1
github.com/afreidah/s3-orchestrator/internal/store/postgres/admin.go:29.99,31.16 2 0
github.com/afreidah/s3-orchestrator/internal/store/postgres/admin.go:31.16,33.3 1 0
github.com/afreidah/s3-orchestrator/internal/store/postgres/admin.go:34.2,34.45 1 0
github.com/afreidah/s3-orchestrator/internal/store/postgres/admin.go:39.82,41.16 2 0
github.com/afreidah/s3-orchestrator/internal/store/postgres/admin.go:41.16,43.3 1 0
github.com/afreidah/s3-orchestrator/internal/store/postgres/admin.go:44.2,44.15 1 0
github.com/afreidah/s3-orchestrator/internal/store/postgres/admin.go:44.15,44.39 1 0
github.com/afreidah/s3-orchestrator/internal/store/postgres/admin.go:46.2,48.74 2 0
github.com/afreidah/s3-orchestrator/internal/store/postgres/admin.go:48.74,50.3 1 0
github.com/afreidah/s3-orchestrator/internal/store/postgres/admin.go:51.2,51.78 1 0
github.com/afreidah/s3-orchestrator/internal/store/postgres/admin.go:51.78,53.3 1 0
github.com/afreidah/s3-orchestrator/internal/store/postgres/admin.go:54.2,54.77 1 0
github.com/afreidah/s3-orchestrator/internal/store/postgres/admin.go:54.77,56.3 1 0
github.com/afreidah/s3-orchestrator/internal/store/postgres/admin.go:57.2,57.67 1 0
github.com/afreidah/s3-orchestrator/internal/store/postgres/admin.go:57.67,59.3 1 0
github.com/afreidah/s3-orchestrator/internal/store/postgres/admin.go:60.2,60.58 1 0
github.com/afreidah/s3-orchestrator/internal/store/postgres/admin.go:60.58,62.3 1 0
github.com/afreidah/s3-orchestrator/internal/store/postgres/admin.go:64.2,64.23 1 0
github.com/afreidah/s3-orchestrator/internal/store/postgres/admin.go:69.90,74.2 1 0
github.com/afreidah/s3-orchestrator/internal/store/postgres/admin.go:82.128,88.16 2 1
github.com/afreidah/s3-orchestrator/internal/store/postgres/admin.go:88.16,90.3 1 0
github.com/afreidah/s3-orchestrator/internal/store/postgres/admin.go:91.2,92.25 2 1
github.com/afreidah/s3-orchestrator/internal/store/postgres/admin.go:92.25,98.21 2 1
github.com/afreidah/s3-orchestrator/internal/store/postgres/admin.go:98.21,100.4 1 1
github.com/afreidah/s3-orchestrator/internal/store/postgres/admin.go:102.2,102.20 1 1
github.com/afreidah/s3-orchestrator/internal/store/postgres/admin.go:107.137,114.2 1 1
github.com/afreidah/s3-orchestrator/internal/store/postgres/admin.go:118.118,123.16 2 1
github.com/afreidah/s3-orchestrator/internal/store/postgres/admin.go:123.16,125.3 1 0
github.com/afreidah/s3-orchestrator/internal/store/postgres/admin.go:126.2,127.25 2 1
github.com/afreidah/s3-orchestrator/internal/store/postgres/admin.go:127.25,133.3 1 1
github.com/afreidah/s3-orchestrator/internal/store/postgres/admin.go:134.2,134.20 1 1
github.com/afreidah/s3-orchestrator/internal/store/postgres/admin.go:140.168,149.2 1 1
github.com/afreidah/s3-orchestrator/internal/store/postgres/admin.go:153.119,158.16 2 1
github.com/afreidah/s3-orchestrator/internal/store/postgres/admin.go:158.16,160.3 1 0
github.com/afreidah/s3-orchestrator/internal/store/postgres/admin.go:161.2,162.25 2 1
github.com/afreidah/s3-orchestrator/internal/store/postgres/admin.go:162.25,169.21 2 1
github.com/afreidah/s3-orchestrator/internal/store/postgres/admin.go:169.21,171.4 1 1
github.com/afreidah/s3-orchestrator/internal/store/postgres/admin.go:172.3,172.29 1 1
github.com/afreidah/s3-orchestrator/internal/store/postgres/admin.go:172.29,174.4 1 1
github.com/afreidah/s3-orchestrator/internal/store/postgres/admin.go:176.2,176.20 1 1
github.com/afreidah/s3-orchestrator/internal/store/postgres/admin.go:182.116,188.2 1 1
github.com/afreidah/s3-orchestrator/internal/store/postgres/advisory_lock.go:33.119,35.16 2 4
github.com/afreidah/s3-orchestrator/internal/store/postgres/advisory_lock.go:35.16,37.3 1 0
github.com/afreidah/s3-orchestrator/internal/store/postgres/advisory_lock.go:38.2,41.102 3 4
github.com/afreidah/s3-orchestrator/internal/store/postgres/advisory_lock.go:41.102,43.3 1 0
github.com/afreidah/s3-orchestrator/internal/store/postgres/advisory_lock.go:45.2,45.15 1 4
github.com/afreidah/s3-orchestrator/internal/store/postgres/advisory_lock.go:45.15,47.3 1 0
github.com/afreidah/s3-orchestrator/internal/store/postgres/advisory_lock.go:51.2,51.15 1 4
github.com/afreidah/s3-orchestrator/internal/store/postgres/advisory_lock.go:51.15,55.3 3 4
github.com/afreidah/s3-orchestrator/internal/store/postgres/advisory_lock.go:57.2,57.22 1 4
github.com/afreidah/s3-orchestrator/internal/store/postgres/cleanup_queue.go:30.115,37.16 2 3
github.com/afreidah/s3-orchestrator/internal/store/postgres/cleanup_queue.go:37.16,39.3 1 0
github.com/afreidah/s3-orchestrator/internal/store/postgres/cleanup_queue.go:40.2,40.12 1 3
github.com/afreidah/s3-orchestrator/internal/store/postgres/cleanup_queue.go:44.96,46.16 2 1
github.com/afreidah/s3-orchestrator/internal/store/postgres/cleanup_queue.go:46.16,48.3 1 0
github.com/afreidah/s3-orchestrator/internal/store/postgres/cleanup_queue.go:50.2,51.27 2 1
github.com/afreidah/s3-orchestrator/internal/store/postgres/cleanup_queue.go:51.27,60.3 1 3
github.com/afreidah/s3-orchestrator/internal/store/postgres/cleanup_queue.go:61.2,61.19 1 1
github.com/afreidah/s3-orchestrator/internal/store/postgres/cleanup_queue.go:65.74,67.16 2 1
github.com/afreidah/s3-orchestrator/internal/store/postgres/cleanup_queue.go:67.16,69.3 1 0
github.com/afreidah/s3-orchestrator/internal/store/postgres/cleanup_queue.go:70.2,70.12 1 1
github.com/afreidah/s3-orchestrator/internal/store/postgres/cleanup_queue.go:74.112,80.16 2 1
github.com/afreidah/s3-orchestrator/internal/store/postgres/cleanup_queue.go:80.16,82.3 1 0
github.com/afreidah/s3-orchestrator/internal/store/postgres/cleanup_queue.go:83.2,83.12 1 1
github.com/afreidah/s3-orchestrator/internal/store/postgres/cleanup_queue.go:87.71,89.16 2 1
github.com/afreidah/s3-orchestrator/internal/store/postgres/cleanup_queue.go:89.16,91.3 1 0
github.com/afreidah/s3-orchestrator/internal/store/postgres/cleanup_queue.go:92.2,92.19 1 1
github.com/afreidah/s3-orchestrator/internal/store/postgres/cleanup_queue.go:102.69,104.16 2 0
github.com/afreidah/s3-orchestrator/internal/store/postgres/cleanup_queue.go:104.16,106.3 1 0
github.com/afreidah/s3-orchestrator/internal/store/postgres/cleanup_queue.go:107.2,107.19 1 0
github.com/afreidah/s3-orchestrator/internal/store/postgres/cleanup_queue.go:114.97,116.2 1 0
github.com/afreidah/s3-orchestrator/internal/store/postgres/cleanup_queue.go:124.99,129.16 2 1
github.com/afreidah/s3-orchestrator/internal/store/postgres/cleanup_queue.go:129.16,131.3 1 0
github.com/afreidah/s3-orchestrator/internal/store/postgres/cleanup_queue.go:132.2,132.12 1 1
github.com/afreidah/s3-orchestrator/internal/store/postgres/cleanup_queue.go:138.99,143.16 2 1
github.com/afreidah/s3-orchestrator/internal/store/postgres/cleanup_queue.go:143.16,145.3 1 0
github.com/afreidah/s3-orchestrator/internal/store/postgres/cleanup_queue.go:146.2,146.12 1 1
github.com/afreidah/s3-orchestrator/internal/store/postgres/cleanup_queue.go:153.101,155.2 1 0
github.com/afreidah/s3-orchestrator/internal/store/postgres/cleanup_queue.go:162.58,167.2 1 6
github.com/afreidah/s3-orchestrator/internal/store/postgres/helpers.go:20.31,21.13 1 9
github.com/afreidah/s3-orchestrator/internal/store/postgres/helpers.go:21.13,23.3 1 1
github.com/afreidah/s3-orchestrator/internal/store/postgres/helpers.go:24.2,24.11 1 8
github.com/afreidah/s3-orchestrator/internal/store/postgres/helpers.go:28.31,29.12 1 5
github.com/afreidah/s3-orchestrator/internal/store/postgres/helpers.go:29.12,31.3 1 1
github.com/afreidah/s3-orchestrator/internal/store/postgres/helpers.go:32.2,32.11 1 4
github.com/afreidah/s3-orchestrator/internal/store/postgres/helpers.go:36.33,37.14 1 4
github.com/afreidah/s3-orchestrator/internal/store/postgres/helpers.go:37.14,39.3 1 1
github.com/afreidah/s3-orchestrator/internal/store/postgres/helpers.go:40.2,40.11 1 3
github.com/afreidah/s3-orchestrator/internal/store/postgres/helpers.go:44.33,45.14 1 3
github.com/afreidah/s3-orchestrator/internal/store/postgres/helpers.go:45.14,47.3 1 1
github.com/afreidah/s3-orchestrator/internal/store/postgres/helpers.go:48.2,48.11 1 2
github.com/afreidah/s3-orchestrator/internal/store/postgres/helpers.go:53.90,55.22 2 36
github.com/afreidah/s3-orchestrator/internal/store/postgres/helpers.go:55.22,61.3 1 24
github.com/afreidah/s3-orchestrator/internal/store/postgres/helpers.go:62.2,62.12 1 36
github.com/afreidah/s3-orchestrator/internal/store/postgres/helpers.go:67.81,73.19 2 19
github.com/afreidah/s3-orchestrator/internal/store/postgres/helpers.go:73.19,78.3 4 3
github.com/afreidah/s3-orchestrator/internal/store/postgres/helpers.go:79.2,79.27 1 19
github.com/afreidah/s3-orchestrator/internal/store/postgres/helpers.go:79.27,81.3 1 4
github.com/afreidah/s3-orchestrator/internal/store/postgres/helpers.go:82.2,82.15 1 19
github.com/afreidah/s3-orchestrator/internal/store/postgres/integrity.go:27.103,30.16 3 2
github.com/afreidah/s3-orchestrator/internal/store/postgres/integrity.go:30.16,32.3 1 0
github.com/afreidah/s3-orchestrator/internal/store/postgres/integrity.go:33.2,33.40 1 2
github.com/afreidah/s3-orchestrator/internal/store/postgres/integrity.go:38.110,45.16 4 2
github.com/afreidah/s3-orchestrator/internal/store/postgres/integrity.go:45.16,47.3 1 0
github.com/afreidah/s3-orchestrator/internal/store/postgres/integrity.go:48.2,48.40 1 2
github.com/afreidah/s3-orchestrator/internal/store/postgres/integrity.go:52.93,58.2 1 2
github.com/afreidah/s3-orchestrator/internal/store/postgres/multipart.go:43.108,45.30 2 11
github.com/afreidah/s3-orchestrator/internal/store/postgres/multipart.go:45.30,48.17 3 1
github.com/afreidah/s3-orchestrator/internal/store/postgres/multipart.go:48.17,50.4 1 0
github.com/afreidah/s3-orchestrator/internal/store/postgres/multipart.go:52.2,63.16 4 11
github.com/afreidah/s3-orchestrator/internal/store/postgres/multipart.go:63.16,65.3 1 0
github.com/afreidah/s3-orchestrator/internal/store/postgres/multipart.go:66.2,66.12 1 11
github.com/afreidah/s3-orchestrator/internal/store/postgres/multipart.go:71.33,72.13 1 24
github.com/afreidah/s3-orchestrator/internal/store/postgres/multipart.go:72.13,74.3 1 20
github.com/afreidah/s3-orchestrator/internal/store/postgres/multipart.go:75.2,75.11 1 4
github.com/afreidah/s3-orchestrator/internal/store/postgres/multipart.go:80.39,81.17 1 12
github.com/afreidah/s3-orchestrator/internal/store/postgres/multipart.go:81.17,83.3 1 10
github.com/afreidah/s3-orchestrator/internal/store/postgres/multipart.go:84.2,84.10 1 2
github.com/afreidah/s3-orchestrator/internal/store/postgres/multipart.go:88.105,90.35 2 2
github.com/afreidah/s3-orchestrator/internal/store/postgres/multipart.go:90.35,92.3 1 0
github.com/afreidah/s3-orchestrator/internal/store/postgres/multipart.go:93.2,93.16 1 2
github.com/afreidah/s3-orchestrator/internal/store/postgres/multipart.go:93.16,95.3 1 0
github.com/afreidah/s3-orchestrator/internal/store/postgres/multipart.go:96.2,106.16 2 2
github.com/afreidah/s3-orchestrator/internal/store/postgres/multipart.go:106.16,108.3 1 0
github.com/afreidah/s3-orchestrator/internal/store/postgres/multipart.go:109.2,109.17 1 2
github.com/afreidah/s3-orchestrator/internal/store/postgres/multipart.go:130.71,132.26 2 5
github.com/afreidah/s3-orchestrator/internal/store/postgres/multipart.go:132.26,134.3 1 1
github.com/afreidah/s3-orchestrator/internal/store/postgres/multipart.go:135.2,136.20 2 5
github.com/afreidah/s3-orchestrator/internal/store/postgres/multipart.go:136.20,138.3 1 1
github.com/afreidah/s3-orchestrator/internal/store/postgres/multipart.go:139.2,149.25 2 5
github.com/afreidah/s3-orchestrator/internal/store/postgres/multipart.go:149.25,150.66 1 1
github.com/afreidah/s3-orchestrator/internal/store/postgres/multipart.go:150.66,152.4 1 0
github.com/afreidah/s3-orchestrator/internal/store/postgres/multipart.go:154.2,154.16 1 5
github.com/afreidah/s3-orchestrator/internal/store/postgres/multipart.go:163.139,164.42 1 6
github.com/afreidah/s3-orchestrator/internal/store/postgres/multipart.go:164.42,166.3 1 2
github.com/afreidah/s3-orchestrator/internal/store/postgres/multipart.go:167.2,173.33 2 4
github.com/afreidah/s3-orchestrator/internal/store/postgres/multipart.go:173.33,178.3 4 1
github.com/afreidah/s3-orchestrator/internal/store/postgres/multipart.go:179.2,179.58 1 4
github.com/afreidah/s3-orchestrator/internal/store/postgres/multipart.go:179.58,181.3 1 0
github.com/afreidah/s3-orchestrator/internal/store/postgres/multipart.go:182.2,182.12 1 4
github.com/afreidah/s3-orchestrator/internal/store/postgres/multipart.go:186.94,188.16 2 3
github.com/afreidah/s3-orchestrator/internal/store/postgres/multipart.go:188.16,190.3 1 0
github.com/afreidah/s3-orchestrator/internal/store/postgres/multipart.go:192.2,193.27 2 3
github.com/afreidah/s3-orchestrator/internal/store/postgres/multipart.go:193.27,202.23 2 4
github.com/afreidah/s3-orchestrator/internal/store/postgres/multipart.go:202.23,204.4 1 2
github.com/afreidah/s3-orchestrator/internal/store/postgres/multipart.go:205.3,205.31 1 4
github.com/afreidah/s3-orchestrator/internal/store/postgres/multipart.go:205.31,207.4 1 2
github.com/afreidah/s3-orchestrator/internal/store/postgres/multipart.go:208.3,208.15 1 4
github.com/afreidah/s3-orchestrator/internal/store/postgres/multipart.go:210.2,210.19 1 3
github.com/afreidah/s3-orchestrator/internal/store/postgres/multipart.go:218.83,220.16 2 11
github.com/afreidah/s3-orchestrator/internal/store/postgres/multipart.go:220.16,222.3 1 0
github.com/afreidah/s3-orchestrator/internal/store/postgres/multipart.go:223.2,223.12 1 11
github.com/afreidah/s3-orchestrator/internal/store/postgres/multipart.go:230.108,232.22 2 3
github.com/afreidah/s3-orchestrator/internal/store/postgres/multipart.go:232.22,234.17 2 3
github.com/afreidah/s3-orchestrator/internal/store/postgres/multipart.go:234.17,236.4 1 0
github.com/afreidah/s3-orchestrator/internal/store/postgres/multipart.go:237.3,237.18 1 3
github.com/afreidah/s3-orchestrator/internal/store/postgres/multipart.go:239.2,239.21 1 3
github.com/afreidah/s3-orchestrator/internal/store/postgres/multipart.go:243.120,246.16 3 1
github.com/afreidah/s3-orchestrator/internal/store/postgres/multipart.go:246.16,248.3 1 0
github.com/afreidah/s3-orchestrator/internal/store/postgres/multipart.go:249.2,249.93 1 1
github.com/afreidah/s3-orchestrator/internal/store/postgres/multipart.go:249.93,255.3 1 1
github.com/afreidah/s3-orchestrator/internal/store/postgres/multipart.go:261.119,263.16 2 1
github.com/afreidah/s3-orchestrator/internal/store/postgres/multipart.go:263.16,265.3 1 0
github.com/afreidah/s3-orchestrator/internal/store/postgres/multipart.go:266.2,266.97 1 1
github.com/afreidah/s3-orchestrator/internal/store/postgres/multipart.go:266.97,272.3 1 1
github.com/afreidah/s3-orchestrator/internal/store/postgres/multipart.go:278.108,280.16 2 1
github.com/afreidah/s3-orchestrator/internal/store/postgres/multipart.go:280.16,282.3 1 0
github.com/afreidah/s3-orchestrator/internal/store/postgres/multipart.go:283.2,283.95 1 1
github.com/afreidah/s3-orchestrator/internal/store/postgres/multipart.go:283.95,289.3 1 1
github.com/afreidah/s3-orchestrator/internal/store/postgres/multipart.go:294.120,300.17 2 1
github.com/afreidah/s3-orchestrator/internal/store/postgres/multipart.go:300.17,302.3 1 0
github.com/afreidah/s3-orchestrator/internal/store/postgres/multipart.go:303.2,303.12 1 1
github.com/afreidah/s3-orchestrator/internal/store/postgres/multipart.go:309.141,310.42 1 1
github.com/afreidah/s3-orchestrator/internal/store/postgres/multipart.go:310.42,312.3 1 0
github.com/afreidah/s3-orchestrator/internal/store/postgres/multipart.go:313.2,318.33 2 1
github.com/afreidah/s3-orchestrator/internal/store/postgres/multipart.go:318.33,323.3 4 1
github.com/afreidah/s3-orchestrator/internal/store/postgres/multipart.go:324.2,324.68 1 1
github.com/afreidah/s3-orchestrator/internal/store/postgres/multipart.go:324.68,326.3 1 0
github.com/afreidah/s3-orchestrator/internal/store/postgres/multipart.go:327.2,327.12 1 1
github.com/afreidah/s3-orchestrator/internal/store/postgres/multipart.go:332.102,335.16 3 1
github.com/afreidah/s3-orchestrator/internal/store/postgres/multipart.go:335.16,337.3 1 0
github.com/afreidah/s3-orchestrator/internal/store/postgres/multipart.go:338.2,338.19 1 1
github.com/afreidah/s3-orchestrator/internal/store/postgres/multipart.go:343.122,350.16 3 1
github.com/afreidah/s3-orchestrator/internal/store/postgres/multipart.go:350.16,352.3 1 0
github.com/afreidah/s3-orchestrator/internal/store/postgres/multipart.go:354.2,355.27 2 1
github.com/afreidah/s3-orchestrator/internal/store/postgres/multipart.go:355.27,357.29 2 1
github.com/afreidah/s3-orchestrator/internal/store/postgres/multipart.go:357.29,359.4 1 0
github.com/afreidah/s3-orchestrator/internal/store/postgres/multipart.go:360.3,365.4 1 1
github.com/afreidah/s3-orchestrator/internal/store/postgres/multipart.go:367.2,367.21 1 1
github.com/afreidah/s3-orchestrator/internal/store/postgres/notifications.go:29.103,35.2 1 1
github.com/afreidah/s3-orchestrator/internal/store/postgres/notifications.go:38.105,40.16 2 1
github.com/afreidah/s3-orchestrator/internal/store/postgres/notifications.go:40.16,42.3 1 0
github.com/afreidah/s3-orchestrator/internal/store/postgres/notifications.go:43.2,44.25 2 1
github.com/afreidah/s3-orchestrator/internal/store/postgres/notifications.go:44.25,52.3 1 1
github.com/afreidah/s3-orchestrator/internal/store/postgres/notifications.go:53.2,53.17 1 1
github.com/afreidah/s3-orchestrator/internal/store/postgres/notifications.go:58.75,60.2 1 1
github.com/afreidah/s3-orchestrator/internal/store/postgres/notifications.go:64.113,70.2 1 1
github.com/afreidah/s3-orchestrator/internal/store/postgres/objects.go:35.138,37.2 1 15
github.com/afreidah/s3-orchestrator/internal/store/postgres/objects.go:42.170,44.2 1 0
github.com/afreidah/s3-orchestrator/internal/store/postgres/objects.go:48.115,54.16 2 4
github.com/afreidah/s3-orchestrator/internal/store/postgres/objects.go:54.16,56.3 1 1
github.com/afreidah/s3-orchestrator/internal/store/postgres/objects.go:57.2,57.19 1 3
github.com/afreidah/s3-orchestrator/internal/store/postgres/objects.go:57.19,62.3 4 2
github.com/afreidah/s3-orchestrator/internal/store/postgres/objects.go:63.2,63.27 1 3
github.com/afreidah/s3-orchestrator/internal/store/postgres/objects.go:63.27,65.3 1 2
github.com/afreidah/s3-orchestrator/internal/store/postgres/objects.go:66.2,66.15 1 3
github.com/afreidah/s3-orchestrator/internal/store/postgres/objects.go:72.91,74.2 1 14
github.com/afreidah/s3-orchestrator/internal/store/postgres/objects.go:79.111,81.2 1 2
github.com/afreidah/s3-orchestrator/internal/store/postgres/objects.go:85.121,90.16 2 0
github.com/afreidah/s3-orchestrator/internal/store/postgres/objects.go:90.16,92.3 1 0
github.com/afreidah/s3-orchestrator/internal/store/postgres/objects.go:93.2,93.41 1 0
github.com/afreidah/s3-orchestrator/internal/store/postgres/objects.go:101.137,107.16 2 1
github.com/afreidah/s3-orchestrator/internal/store/postgres/objects.go:107.16,109.3 1 0
github.com/afreidah/s3-orchestrator/internal/store/postgres/objects.go:110.2,110.41 1 1
github.com/afreidah/s3-orchestrator/internal/store/postgres/objects.go:116.108,118.2 1 0
github.com/afreidah/s3-orchestrator/internal/store/postgres/objects.go:123.123,124.18 1 0
github.com/afreidah/s3-orchestrator/internal/store/postgres/objects.go:124.18,126.3 1 0
github.com/afreidah/s3-orchestrator/internal/store/postgres/objects.go:129.2,137.16 3 0
github.com/afreidah/s3-orchestrator/internal/store/postgres/objects.go:137.16,139.3 1 0
github.com/afreidah/s3-orchestrator/internal/store/postgres/objects.go:141.2,144.28 3 0
github.com/afreidah/s3-orchestrator/internal/store/postgres/objects.go:144.28,148.3 3 0
github.com/afreidah/s3-orchestrator/internal/store/postgres/objects.go:148.8,150.3 1 0
github.com/afreidah/s3-orchestrator/internal/store/postgres/objects.go:152.2,152.20 1 0
github.com/afreidah/s3-orchestrator/internal/store/postgres/objects.go:158.132,165.16 3 2
github.com/afreidah/s3-orchestrator/internal/store/postgres/objects.go:165.16,167.3 1 0
github.com/afreidah/s3-orchestrator/internal/store/postgres/objects.go:168.2,168.41 1 2
github.com/afreidah/s3-orchestrator/internal/store/postgres/objects.go:178.135,179.18 1 0
github.com/afreidah/s3-orchestrator/internal/store/postgres/objects.go:179.18,181.3 1 0
github.com/afreidah/s3-orchestrator/internal/store/postgres/objects.go:183.2,187.16 3 0
github.com/afreidah/s3-orchestrator/internal/store/postgres/objects.go:187.16,189.3 1 0
github.com/afreidah/s3-orchestrator/internal/store/postgres/objects.go:192.2,197.16 2 0
github.com/afreidah/s3-orchestrator/internal/store/postgres/objects.go:197.16,199.3 1 0
github.com/afreidah/s3-orchestrator/internal/store/postgres/objects.go:202.2,209.13 4 0
github.com/afreidah/s3-orchestrator/internal/store/postgres/objects.go:209.13,211.3 1 0
github.com/afreidah/s3-orchestrator/internal/store/postgres/objects.go:212.2,212.31 1 0
github.com/afreidah/s3-orchestrator/internal/store/postgres/objects.go:212.31,219.3 2 0
github.com/afreidah/s3-orchestrator/internal/store/postgres/objects.go:221.2,225.26 2 0
github.com/afreidah/s3-orchestrator/internal/store/postgres/objects.go:225.26,232.15 2 0
github.com/afreidah/s3-orchestrator/internal/store/postgres/objects.go:232.15,234.11 2 0
github.com/afreidah/s3-orchestrator/internal/store/postgres/objects.go:234.11,236.13 1 0
github.com/afreidah/s3-orchestrator/internal/store/postgres/objects.go:238.4,244.38 3 0
github.com/afreidah/s3-orchestrator/internal/store/postgres/objects.go:246.3,246.49 1 0
github.com/afreidah/s3-orchestrator/internal/store/postgres/objects.go:249.2,249.13 1 0
github.com/afreidah/s3-orchestrator/internal/store/postgres/objects.go:249.13,253.3 3 0
github.com/afreidah/s3-orchestrator/internal/store/postgres/objects.go:255.2,255.20 1 0
github.com/afreidah/s3-orchestrator/internal/store/postgres/objects.go:265.98,267.2 1 2
github.com/afreidah/s3-orchestrator/internal/store/postgres/pending.go:34.81,35.83 1 5
github.com/afreidah/s3-orchestrator/internal/store/postgres/pending.go:35.83,37.3 1 0
github.com/afreidah/s3-orchestrator/internal/store/postgres/pending.go:38.2,38.12 1 5
github.com/afreidah/s3-orchestrator/internal/store/postgres/pending.go:44.75,45.69 1 6
github.com/afreidah/s3-orchestrator/internal/store/postgres/pending.go:45.69,47.3 1 0
github.com/afreidah/s3-orchestrator/internal/store/postgres/pending.go:48.2,48.12 1 6
github.com/afreidah/s3-orchestrator/internal/store/postgres/pending.go:54.116,59.16 2 2
github.com/afreidah/s3-orchestrator/internal/store/postgres/pending.go:59.16,61.3 1 0
github.com/afreidah/s3-orchestrator/internal/store/postgres/pending.go:62.2,63.22 2 2
github.com/afreidah/s3-orchestrator/internal/store/postgres/pending.go:63.22,65.3 1 2
github.com/afreidah/s3-orchestrator/internal/store/postgres/pending.go:66.2,66.17 1 2
github.com/afreidah/s3-orchestrator/internal/store/postgres/pending.go:71.66,73.16 2 0
github.com/afreidah/s3-orchestrator/internal/store/postgres/pending.go:73.16,75.3 1 0
github.com/afreidah/s3-orchestrator/internal/store/postgres/pending.go:76.2,76.19 1 0
github.com/afreidah/s3-orchestrator/internal/store/postgres/pending.go:82.87,83.82 1 0
github.com/afreidah/s3-orchestrator/internal/store/postgres/pending.go:83.82,85.3 1 0
github.com/afreidah/s3-orchestrator/internal/store/postgres/pending.go:86.2,86.12 1 0
github.com/afreidah/s3-orchestrator/internal/store/postgres/pending.go:92.131,94.2 1 0
github.com/afreidah/s3-orchestrator/internal/store/postgres/pending.go:103.78,112.19 2 12
github.com/afreidah/s3-orchestrator/internal/store/postgres/pending.go:112.19,114.3 1 3
github.com/afreidah/s3-orchestrator/internal/store/postgres/pending.go:115.2,115.26 1 12
github.com/afreidah/s3-orchestrator/internal/store/postgres/pending.go:115.26,117.3 1 3
github.com/afreidah/s3-orchestrator/internal/store/postgres/pending.go:118.2,118.25 1 12
github.com/afreidah/s3-orchestrator/internal/store/postgres/pending.go:118.25,120.3 1 3
github.com/afreidah/s3-orchestrator/internal/store/postgres/pending.go:121.2,121.15 1 12
github.com/afreidah/s3-orchestrator/internal/store/postgres/pending.go:126.63,136.22 2 4
github.com/afreidah/s3-orchestrator/internal/store/postgres/pending.go:136.22,138.3 1 2
github.com/afreidah/s3-orchestrator/internal/store/postgres/pending.go:139.2,139.30 1 4
github.com/afreidah/s3-orchestrator/internal/store/postgres/pending.go:139.30,141.3 1 2
github.com/afreidah/s3-orchestrator/internal/store/postgres/pending.go:142.2,142.28 1 4
github.com/afreidah/s3-orchestrator/internal/store/postgres/pending.go:142.28,144.3 1 2
github.com/afreidah/s3-orchestrator/internal/store/postgres/pending.go:145.2,145.10 1 4
github.com/afreidah/s3-orchestrator/internal/store/postgres/quota.go:33.93,34.51 1 1
github.com/afreidah/s3-orchestrator/internal/store/postgres/quota.go:34.51,35.27 1 1
github.com/afreidah/s3-orchestrator/internal/store/postgres/quota.go:35.27,40.18 2 2
github.com/afreidah/s3-orchestrator/internal/store/postgres/quota.go:40.18,42.5 1 0
github.com/afreidah/s3-orchestrator/internal/store/postgres/quota.go:44.3,44.13 1 1
github.com/afreidah/s3-orchestrator/internal/store/postgres/quota.go:50.109,51.36 1 2
github.com/afreidah/s3-orchestrator/internal/store/postgres/quota.go:51.36,53.36 2 2
github.com/afreidah/s3-orchestrator/internal/store/postgres/quota.go:53.36,54.12 1 1
github.com/afreidah/s3-orchestrator/internal/store/postgres/quota.go:56.3,56.17 1 1
github.com/afreidah/s3-orchestrator/internal/store/postgres/quota.go:56.17,58.4 1 0
github.com/afreidah/s3-orchestrator/internal/store/postgres/quota.go:60.3,60.24 1 1
github.com/afreidah/s3-orchestrator/internal/store/postgres/quota.go:60.24,62.4 1 1
github.com/afreidah/s3-orchestrator/internal/store/postgres/quota.go:65.2,65.37 1 1
github.com/afreidah/s3-orchestrator/internal/store/postgres/quota.go:70.109,75.35 2 2
github.com/afreidah/s3-orchestrator/internal/store/postgres/quota.go:75.35,77.3 1 1
github.com/afreidah/s3-orchestrator/internal/store/postgres/quota.go:78.2,78.16 1 1
github.com/afreidah/s3-orchestrator/internal/store/postgres/quota.go:78.16,80.3 1 0
github.com/afreidah/s3-orchestrator/internal/store/postgres/quota.go:81.2,81.29 1 1
github.com/afreidah/s3-orchestrator/internal/store/postgres/quota.go:85.87,87.16 2 3
github.com/afreidah/s3-orchestrator/internal/store/postgres/quota.go:87.16,89.3 1 0
github.com/afreidah/s3-orchestrator/internal/store/postgres/quota.go:91.2,92.27 2 3
github.com/afreidah/s3-orchestrator/internal/store/postgres/quota.go:92.27,100.3 1 6
github.com/afreidah/s3-orchestrator/internal/store/postgres/quota.go:102.2,102.19 1 3
github.com/afreidah/s3-orchestrator/internal/store/postgres/quota.go:106.80,108.16 2 1
github.com/afreidah/s3-orchestrator/internal/store/postgres/quota.go:108.16,110.3 1 0
github.com/afreidah/s3-orchestrator/internal/store/postgres/quota.go:112.2,113.27 2 1
github.com/afreidah/s3-orchestrator/internal/store/postgres/quota.go:113.27,115.3 1 0
github.com/afreidah/s3-orchestrator/internal/store/postgres/quota.go:116.2,116.20 1 1
github.com/afreidah/s3-orchestrator/internal/store/postgres/quota.go:121.89,123.16 2 1
github.com/afreidah/s3-orchestrator/internal/store/postgres/quota.go:123.16,125.3 1 0
github.com/afreidah/s3-orchestrator/internal/store/postgres/quota.go:127.2,128.27 2 1
github.com/afreidah/s3-orchestrator/internal/store/postgres/quota.go:128.27,130.3 1 0
github.com/afreidah/s3-orchestrator/internal/store/postgres/quota.go:131.2,131.20 1 1
github.com/afreidah/s3-orchestrator/internal/store/postgres/replication.go:28.103,30.16 2 4
github.com/afreidah/s3-orchestrator/internal/store/postgres/replication.go:30.16,32.3 1 0
github.com/afreidah/s3-orchestrator/internal/store/postgres/replication.go:34.2,34.20 1 4
github.com/afreidah/s3-orchestrator/internal/store/postgres/replication.go:34.20,36.3 1 2
github.com/afreidah/s3-orchestrator/internal/store/postgres/replication.go:38.2,38.40 1 2
github.com/afreidah/s3-orchestrator/internal/store/postgres/replication.go:46.107,47.20 1 3
github.com/afreidah/s3-orchestrator/internal/store/postgres/replication.go:47.20,49.3 1 2
github.com/afreidah/s3-orchestrator/internal/store/postgres/replication.go:50.2,51.16 2 1
github.com/afreidah/s3-orchestrator/internal/store/postgres/replication.go:51.16,53.3 1 0
github.com/afreidah/s3-orchestrator/internal/store/postgres/replication.go:54.2,55.25 2 1
github.com/afreidah/s3-orchestrator/internal/store/postgres/replication.go:55.25,57.3 1 3
github.com/afreidah/s3-orchestrator/internal/store/postgres/replication.go:58.2,58.17 1 1
github.com/afreidah/s3-orchestrator/internal/store/postgres/replication.go:64.114,69.16 2 1
github.com/afreidah/s3-orchestrator/internal/store/postgres/replication.go:69.16,71.3 1 0
github.com/afreidah/s3-orchestrator/internal/store/postgres/replication.go:73.2,73.40 1 1
github.com/afreidah/s3-orchestrator/internal/store/postgres/replication.go:79.150,85.16 2 1
github.com/afreidah/s3-orchestrator/internal/store/postgres/replication.go:85.16,87.3 1 0
github.com/afreidah/s3-orchestrator/internal/store/postgres/replication.go:89.2,89.40 1 1
github.com/afreidah/s3-orchestrator/internal/store/postgres/replication.go:94.115,96.2 1 5
github.com/afreidah/s3-orchestrator/internal/store/postgres/replication.go:101.113,103.9 2 1
github.com/afreidah/s3-orchestrator/internal/store/postgres/replication.go:104.18,105.14 1 0
github.com/afreidah/s3-orchestrator/internal/store/postgres/replication.go:106.29,107.26 1 0
github.com/afreidah/s3-orchestrator/internal/store/postgres/replication.go:108.10,109.25 1 1
github.com/afreidah/s3-orchestrator/internal/store/postgres/replication.go:112.2,116.16 2 1
github.com/afreidah/s3-orchestrator/internal/store/postgres/replication.go:116.16,118.3 1 0
github.com/afreidah/s3-orchestrator/internal/store/postgres/replication.go:120.2,120.40 1 1
github.com/afreidah/s3-orchestrator/internal/store/postgres/replication.go:125.92,127.16 2 1
github.com/afreidah/s3-orchestrator/internal/store/postgres/replication.go:127.16,129.3 1 0
github.com/afreidah/s3-orchestrator/internal/store/postgres/replication.go:130.2,130.19 1 1
github.com/afreidah/s3-orchestrator/internal/store/postgres/replication.go:136.98,138.2 1 0
github.com/afreidah/s3-orchestrator/internal/store/postgres/replication.go:143.106,145.16 2 1
github.com/afreidah/s3-orchestrator/internal/store/postgres/replication.go:145.16,147.3 1 0
github.com/afreidah/s3-orchestrator/internal/store/postgres/replication.go:148.2,148.40 1 1
github.com/afreidah/s3-orchestrator/internal/store/postgres/store.go:60.82,63.16 3 1
github.com/afreidah/s3-orchestrator/internal/store/postgres/store.go:63.16,65.3 1 0
github.com/afreidah/s3-orchestrator/internal/store/postgres/store.go:67.2,73.16 6 1
github.com/afreidah/s3-orchestrator/internal/store/postgres/store.go:73.16,75.3 1 0
github.com/afreidah/s3-orchestrator/internal/store/postgres/store.go:77.2,77.39 1 1
github.com/afreidah/s3-orchestrator/internal/store/postgres/store.go:77.39,80.3 2 0
github.com/afreidah/s3-orchestrator/internal/store/postgres/store.go:82.2,86.8 1 1
github.com/afreidah/s3-orchestrator/internal/store/postgres/store.go:90.25,92.2 1 0
github.com/afreidah/s3-orchestrator/internal/store/postgres/store.go:97.58,99.16 2 1
github.com/afreidah/s3-orchestrator/internal/store/postgres/store.go:99.16,101.3 1 0
github.com/afreidah/s3-orchestrator/internal/store/postgres/store.go:102.2,105.16 3 1
github.com/afreidah/s3-orchestrator/internal/store/postgres/store.go:105.16,107.3 1 0
github.com/afreidah/s3-orchestrator/internal/store/postgres/store.go:109.2,110.16 2 1
github.com/afreidah/s3-orchestrator/internal/store/postgres/store.go:110.16,112.3 1 0
github.com/afreidah/s3-orchestrator/internal/store/postgres/store.go:114.2,115.16 2 1
github.com/afreidah/s3-orchestrator/internal/store/postgres/store.go:115.16,117.3 1 0
github.com/afreidah/s3-orchestrator/internal/store/postgres/store.go:118.2,118.28 1 1
github.com/afreidah/s3-orchestrator/internal/store/postgres/store.go:118.28,122.3 1 10
github.com/afreidah/s3-orchestrator/internal/store/postgres/store.go:123.2,123.12 1 1
github.com/afreidah/s3-orchestrator/internal/store/postgres/store.go:134.64,139.16 3 3
github.com/afreidah/s3-orchestrator/internal/store/postgres/store.go:139.16,141.3 1 0
github.com/afreidah/s3-orchestrator/internal/store/postgres/store.go:143.2,143.37 1 3
github.com/afreidah/s3-orchestrator/internal/store/postgres/store.go:143.37,145.3 1 1
github.com/afreidah/s3-orchestrator/internal/store/postgres/store.go:146.2,146.37 1 2
github.com/afreidah/s3-orchestrator/internal/store/postgres/store.go:146.37,148.3 1 1
github.com/afreidah/s3-orchestrator/internal/store/postgres/store.go:149.2,149.12 1 1
github.com/afreidah/s3-orchestrator/internal/store/postgres/store.go:158.79,160.16 2 1
github.com/afreidah/s3-orchestrator/internal/store/postgres/store.go:160.16,162.3 1 0
github.com/afreidah/s3-orchestrator/internal/store/postgres/store.go:163.2,163.15 1 1
github.com/afreidah/s3-orchestrator/internal/store/postgres/store.go:163.15,163.39 1 1
github.com/afreidah/s3-orchestrator/internal/store/postgres/store.go:165.2,165.49 1 1
github.com/afreidah/s3-orchestrator/internal/store/postgres/store.go:165.49,167.3 1 0
github.com/afreidah/s3-orchestrator/internal/store/postgres/store.go:168.2,168.23 1 1
github.com/afreidah/s3-orchestrator/internal/store/postgres/store.go:175.106,177.16 2 37
github.com/afreidah/s3-orchestrator/internal/store/postgres/store.go:177.16,179.3 1 0
github.com/afreidah/s3-orchestrator/internal/store/postgres/store.go:180.2,180.15 1 37
github.com/afreidah/s3-orchestrator/internal/store/postgres/store.go:180.15,180.39 1 37
github.com/afreidah/s3-orchestrator/internal/store/postgres/store.go:182.2,183.41 2 37
github.com/afreidah/s3-orchestrator/internal/store/postgres/store.go:183.41,185.3 1 0
github.com/afreidah/s3-orchestrator/internal/store/postgres/store.go:186.2,186.39 1 37
github.com/afreidah/s3-orchestrator/internal/store/postgres/store.go:186.39,188.3 1 0
github.com/afreidah/s3-orchestrator/internal/store/postgres/store.go:189.2,189.12 1 37
github.com/afreidah/s3-orchestrator/internal/store/postgres/store.go:218.77,220.22 2 7
github.com/afreidah/s3-orchestrator/internal/store/postgres/store.go:220.22,228.3 2 6
github.com/afreidah/s3-orchestrator/internal/store/postgres/store.go:229.2,229.12 1 7
github.com/afreidah/s3-orchestrator/internal/store/postgres/store.go:234.75,236.22 2 20
github.com/afreidah/s3-orchestrator/internal/store/postgres/store.go:236.22,246.34 3 15
github.com/afreidah/s3-orchestrator/internal/store/postgres/store.go:246.34,248.4 1 3
github.com/afreidah/s3-orchestrator/internal/store/postgres/store.go:249.3,249.42 1 15
github.com/afreidah/s3-orchestrator/internal/store/postgres/store.go:249.42,251.4 1 2
github.com/afreidah/s3-orchestrator/internal/store/postgres/store.go:252.3,252.40 1 15
github.com/afreidah/s3-orchestrator/internal/store/postgres/store.go:252.40,254.4 1 3
github.com/afreidah/s3-orchestrator/internal/store/postgres/store.go:255.3,255.15 1 15
github.com/afreidah/s3-orchestrator/internal/store/postgres/store.go:257.2,257.12 1 20
github.com/afreidah/s3-orchestrator/internal/store/postgres/store.go:261.52,263.2 1 5
github.com/afreidah/s3-orchestrator/internal/store/postgres/usage.go:25.135,33.2 1 2
github.com/afreidah/s3-orchestrator/internal/store/postgres/usage.go:36.106,38.16 2 1
github.com/afreidah/s3-orchestrator/internal/store/postgres/usage.go:38.16,40.3 1 0
github.com/afreidah/s3-orchestrator/internal/store/postgres/usage.go:42.2,43.27 2 1
github.com/afreidah/s3-orchestrator/internal/store/postgres/usage.go:43.27,49.3 1 1
github.com/afreidah/s3-orchestrator/internal/store/postgres/usage.go:50.2,50.19 1 1
github.com/afreidah/s3-orchestrator/internal/store/postgres/sqlc/cleanup.sql.go:20.71,25.2 4 0
github.com/afreidah/s3-orchestrator/internal/store/postgres/sqlc/cleanup.sql.go:31.76,36.2 4 1
github.com/afreidah/s3-orchestrator/internal/store/postgres/sqlc/cleanup.sql.go:42.74,45.2 2 1
github.com/afreidah/s3-orchestrator/internal/store/postgres/sqlc/cleanup.sql.go:51.94,54.2 2 0
github.com/afreidah/s3-orchestrator/internal/store/postgres/sqlc/cleanup.sql.go:69.114,71.16 2 1
github.com/afreidah/s3-orchestrator/internal/store/postgres/sqlc/cleanup.sql.go:71.16,73.3 1 0
github.com/afreidah/s3-orchestrator/internal/store/postgres/sqlc/cleanup.sql.go:74.2,74.35 1 1
github.com/afreidah/s3-orchestrator/internal/store/postgres/sqlc/cleanup.sql.go:101.87,109.2 2 3
github.com/afreidah/s3-orchestrator/internal/store/postgres/sqlc/cleanup.sql.go:133.100,147.2 4 0
github.com/afreidah/s3-orchestrator/internal/store/postgres/sqlc/cleanup.sql.go:166.105,168.16 2 1
github.com/afreidah/s3-orchestrator/internal/store/postgres/sqlc/cleanup.sql.go:168.16,170.3 1 0
github.com/afreidah/s3-orchestrator/internal/store/postgres/sqlc/cleanup.sql.go:171.2,173.18 3 1
github.com/afreidah/s3-orchestrator/internal/store/postgres/sqlc/cleanup.sql.go:173.18,182.17 2 3
github.com/afreidah/s3-orchestrator/internal/store/postgres/sqlc/cleanup.sql.go:182.17,184.4 1 0
github.com/afreidah/s3-orchestrator/internal/store/postgres/sqlc/cleanup.sql.go:185.3,185.27 1 3
github.com/afreidah/s3-orchestrator/internal/store/postgres/sqlc/cleanup.sql.go:187.2,187.35 1 1
github.com/afreidah/s3-orchestrator/internal/store/postgres/sqlc/cleanup.sql.go:187.35,189.3 1 0
github.com/afreidah/s3-orchestrator/internal/store/postgres/sqlc/cleanup.sql.go:190.2,190.19 1 1
github.com/afreidah/s3-orchestrator/internal/store/postgres/sqlc/cleanup.sql.go:215.91,227.2 2 0
github.com/afreidah/s3-orchestrator/internal/store/postgres/sqlc/cleanup.sql.go:249.138,254.2 4 3
github.com/afreidah/s3-orchestrator/internal/store/postgres/sqlc/cleanup.sql.go:270.95,273.2 2 1
github.com/afreidah/s3-orchestrator/internal/store/postgres/sqlc/db.go:20.28,22.2 1 1
github.com/afreidah/s3-orchestrator/internal/store/postgres/sqlc/db.go:28.46,32.2 1 76
github.com/afreidah/s3-orchestrator/internal/store/postgres/sqlc/multipart.sql.go:19.107,24.2 4 1
github.com/afreidah/s3-orchestrator/internal/store/postgres/sqlc/multipart.sql.go:55.101,66.2 2 11
github.com/afreidah/s3-orchestrator/internal/store/postgres/sqlc/multipart.sql.go:73.85,76.2 2 11
github.com/afreidah/s3-orchestrator/internal/store/postgres/sqlc/multipart.sql.go:82.98,85.2 2 0
github.com/afreidah/s3-orchestrator/internal/store/postgres/sqlc/multipart.sql.go:104.107,118.2 4 2
github.com/afreidah/s3-orchestrator/internal/store/postgres/sqlc/multipart.sql.go:137.132,139.16 2 1
github.com/afreidah/s3-orchestrator/internal/store/postgres/sqlc/multipart.sql.go:139.16,141.3 1 0
github.com/afreidah/s3-orchestrator/internal/store/postgres/sqlc/multipart.sql.go:142.2,144.18 3 1
github.com/afreidah/s3-orchestrator/internal/store/postgres/sqlc/multipart.sql.go:144.18,155.17 2 1
github.com/afreidah/s3-orchestrator/internal/store/postgres/sqlc/multipart.sql.go:155.17,157.4 1 0
github.com/afreidah/s3-orchestrator/internal/store/postgres/sqlc/multipart.sql.go:158.3,158.27 1 1
github.com/afreidah/s3-orchestrator/internal/store/postgres/sqlc/multipart.sql.go:160.2,160.35 1 1
github.com/afreidah/s3-orchestrator/internal/store/postgres/sqlc/multipart.sql.go:160.35,162.3 1 0
github.com/afreidah/s3-orchestrator/internal/store/postgres/sqlc/multipart.sql.go:163.2,163.19 1 1
github.com/afreidah/s3-orchestrator/internal/store/postgres/sqlc/multipart.sql.go:184.89,186.16 2 3
github.com/afreidah/s3-orchestrator/internal/store/postgres/sqlc/multipart.sql.go:186.16,188.3 1 0
github.com/afreidah/s3-orchestrator/internal/store/postgres/sqlc/multipart.sql.go:189.2,191.18 3 3
github.com/afreidah/s3-orchestrator/internal/store/postgres/sqlc/multipart.sql.go:191.18,202.17 2 4
github.com/afreidah/s3-orchestrator/internal/store/postgres/sqlc/multipart.sql.go:202.17,204.4 1 0
github.com/afreidah/s3-orchestrator/internal/store/postgres/sqlc/multipart.sql.go:205.3,205.27 1 4
github.com/afreidah/s3-orchestrator/internal/store/postgres/sqlc/multipart.sql.go:207.2,207.35 1 3
github.com/afreidah/s3-orchestrator/internal/store/postgres/sqlc/multipart.sql.go:207.35,209.3 1 0
github.com/afreidah/s3-orchestrator/internal/store/postgres/sqlc/multipart.sql.go:210.2,210.19 1 3
github.com/afreidah/s3-orchestrator/internal/store/postgres/sqlc/multipart.sql.go:230.134,232.16 2 1
github.com/afreidah/s3-orchestrator/internal/store/postgres/sqlc/multipart.sql.go:232.16,234.3 1 0
github.com/afreidah/s3-orchestrator/internal/store/postgres/sqlc/multipart.sql.go:235.2,237.18 3 1
github.com/afreidah/s3-orchestrator/internal/store/postgres/sqlc/multipart.sql.go:237.18,248.17 2 1
github.com/afreidah/s3-orchestrator/internal/store/postgres/sqlc/multipart.sql.go:248.17,250.4 1 0
github.com/afreidah/s3-orchestrator/internal/store/postgres/sqlc/multipart.sql.go:251.3,251.27 1 1
github.com/afreidah/s3-orchestrator/internal/store/postgres/sqlc/multipart.sql.go:253.2,253.35 1 1
github.com/afreidah/s3-orchestrator/internal/store/postgres/sqlc/multipart.sql.go:253.35,255.3 1 0
github.com/afreidah/s3-orchestrator/internal/store/postgres/sqlc/multipart.sql.go:256.2,256.19 1 1
github.com/afreidah/s3-orchestrator/internal/store/postgres/sqlc/multipart.sql.go:278.121,280.16 2 1
github.com/afreidah/s3-orchestrator/internal/store/postgres/sqlc/multipart.sql.go:280.16,282.3 1 0
github.com/afreidah/s3-orchestrator/internal/store/postgres/sqlc/multipart.sql.go:283.2,285.18 3 1
github.com/afreidah/s3-orchestrator/internal/store/postgres/sqlc/multipart.sql.go:285.18,296.17 2 1
github.com/afreidah/s3-orchestrator/internal/store/postgres/sqlc/multipart.sql.go:296.17,298.4 1 0
github.com/afreidah/s3-orchestrator/internal/store/postgres/sqlc/multipart.sql.go:299.3,299.27 1 1
github.com/afreidah/s3-orchestrator/internal/store/postgres/sqlc/multipart.sql.go:301.2,301.35 1 1
github.com/afreidah/s3-orchestrator/internal/store/postgres/sqlc/multipart.sql.go:301.35,303.3 1 0
github.com/afreidah/s3-orchestrator/internal/store/postgres/sqlc/multipart.sql.go:304.2,304.19 1 1
github.com/afreidah/s3-orchestrator/internal/store/postgres/sqlc/multipart.sql.go:327.152,329.16 2 1
github.com/afreidah/s3-orchestrator/internal/store/postgres/sqlc/multipart.sql.go:329.16,331.3 1 0
github.com/afreidah/s3-orchestrator/internal/store/postgres/sqlc/multipart.sql.go:332.2,334.18 3 1
github.com/afreidah/s3-orchestrator/internal/store/postgres/sqlc/multipart.sql.go:334.18,341.17 2 1
github.com/afreidah/s3-orchestrator/internal/store/postgres/sqlc/multipart.sql.go:341.17,343.4 1 0
github.com/afreidah/s3-orchestrator/internal/store/postgres/sqlc/multipart.sql.go:344.3,344.27 1 1
github.com/afreidah/s3-orchestrator/internal/store/postgres/sqlc/multipart.sql.go:346.2,346.35 1 1
github.com/afreidah/s3-orchestrator/internal/store/postgres/sqlc/multipart.sql.go:346.35,348.3 1 0
github.com/afreidah/s3-orchestrator/internal/store/postgres/sqlc/multipart.sql.go:349.2,349.19 1 1
github.com/afreidah/s3-orchestrator/internal/store/postgres/sqlc/multipart.sql.go:368.99,379.2 2 1
github.com/afreidah/s3-orchestrator/internal/store/postgres/sqlc/multipart.sql.go:393.103,396.2 2 1
github.com/afreidah/s3-orchestrator/internal/store/postgres/sqlc/multipart.sql.go:416.79,428.2 2 4
github.com/afreidah/s3-orchestrator/internal/store/postgres/sqlc/notifications.sql.go:18.77,21.2 2 1
github.com/afreidah/s3-orchestrator/internal/store/postgres/sqlc/notifications.sql.go:39.115,41.16 2 1
github.com/afreidah/s3-orchestrator/internal/store/postgres/sqlc/notifications.sql.go:41.16,43.3 1 0
github.com/afreidah/s3-orchestrator/internal/store/postgres/sqlc/notifications.sql.go:44.2,46.18 3 1
github.com/afreidah/s3-orchestrator/internal/store/postgres/sqlc/notifications.sql.go:46.18,54.17 2 1
github.com/afreidah/s3-orchestrator/internal/store/postgres/sqlc/notifications.sql.go:54.17,56.4 1 0
github.com/afreidah/s3-orchestrator/internal/store/postgres/sqlc/notifications.sql.go:57.3,57.27 1 1
github.com/afreidah/s3-orchestrator/internal/store/postgres/sqlc/notifications.sql.go:59.2,59.35 1 1
github.com/afreidah/s3-orchestrator/internal/store/postgres/sqlc/notifications.sql.go:59.35,61.3 1 0
github.com/afreidah/s3-orchestrator/internal/store/postgres/sqlc/notifications.sql.go:62.2,62.19 1 1
github.com/afreidah/s3-orchestrator/internal/store/postgres/sqlc/notifications.sql.go:87.95,90.2 2 1
github.com/afreidah/s3-orchestrator/internal/store/postgres/sqlc/notifications.sql.go:106.93,109.2 2 1
github.com/afreidah/s3-orchestrator/internal/store/postgres/sqlc/object_location_accessors.go:32.64,32.86 1 4
github.com/afreidah/s3-orchestrator/internal/store/postgres/sqlc/object_location_accessors.go:33.64,33.88 1 4
github.com/afreidah/s3-orchestrator/internal/store/postgres/sqlc/object_location_accessors.go:34.64,34.86 1 4
github.com/afreidah/s3-orchestrator/internal/store/postgres/sqlc/object_location_accessors.go:35.68,35.90 1 4
github.com/afreidah/s3-orchestrator/internal/store/postgres/sqlc/object_location_accessors.go:39.63,39.85 1 1
github.com/afreidah/s3-orchestrator/internal/store/postgres/sqlc/object_location_accessors.go:40.63,40.87 1 1
github.com/afreidah/s3-orchestrator/internal/store/postgres/sqlc/object_location_accessors.go:41.63,41.85 1 1
github.com/afreidah/s3-orchestrator/internal/store/postgres/sqlc/object_location_accessors.go:42.67,42.89 1 1
github.com/afreidah/s3-orchestrator/internal/store/postgres/sqlc/object_location_accessors.go:46.62,46.84 1 1
github.com/afreidah/s3-orchestrator/internal/store/postgres/sqlc/object_location_accessors.go:47.62,47.86 1 1
github.com/afreidah/s3-orchestrator/internal/store/postgres/sqlc/object_location_accessors.go:48.62,48.84 1 1
github.com/afreidah/s3-orchestrator/internal/store/postgres/sqlc/object_location_accessors.go:49.66,49.88 1 1
github.com/afreidah/s3-orchestrator/internal/store/postgres/sqlc/object_location_accessors.go:57.74,57.96 1 0
github.com/afreidah/s3-orchestrator/internal/store/postgres/sqlc/object_location_accessors.go:58.74,58.98 1 0
github.com/afreidah/s3-orchestrator/internal/store/postgres/sqlc/object_location_accessors.go:59.74,59.96 1 0
github.com/afreidah/s3-orchestrator/internal/store/postgres/sqlc/object_location_accessors.go:60.74,60.96 1 0
github.com/afreidah/s3-orchestrator/internal/store/postgres/sqlc/object_location_accessors.go:68.69,68.91 1 7
github.com/afreidah/s3-orchestrator/internal/store/postgres/sqlc/object_location_accessors.go:69.69,69.93 1 7
github.com/afreidah/s3-orchestrator/internal/store/postgres/sqlc/object_location_accessors.go:70.69,70.91 1 7
github.com/afreidah/s3-orchestrator/internal/store/postgres/sqlc/object_location_accessors.go:71.69,71.91 1 7
github.com/afreidah/s3-orchestrator/internal/store/postgres/sqlc/object_location_accessors.go:72.69,72.91 1 7
github.com/afreidah/s3-orchestrator/internal/store/postgres/sqlc/object_location_accessors.go:73.69,73.95 1 7
github.com/afreidah/s3-orchestrator/internal/store/postgres/sqlc/object_location_accessors.go:74.69,74.87 1 7
github.com/afreidah/s3-orchestrator/internal/store/postgres/sqlc/object_location_accessors.go:75.69,75.95 1 7
github.com/afreidah/s3-orchestrator/internal/store/postgres/sqlc/object_location_accessors.go:76.69,76.93 1 7
github.com/afreidah/s3-orchestrator/internal/store/postgres/sqlc/object_location_accessors.go:80.73,80.95 1 1
github.com/afreidah/s3-orchestrator/internal/store/postgres/sqlc/object_location_accessors.go:81.73,81.97 1 1
github.com/afreidah/s3-orchestrator/internal/store/postgres/sqlc/object_location_accessors.go:82.73,82.95 1 1
github.com/afreidah/s3-orchestrator/internal/store/postgres/sqlc/object_location_accessors.go:83.73,83.95 1 1
github.com/afreidah/s3-orchestrator/internal/store/postgres/sqlc/object_location_accessors.go:84.73,84.95 1 1
github.com/afreidah/s3-orchestrator/internal/store/postgres/sqlc/object_location_accessors.go:85.73,85.99 1 1
github.com/afreidah/s3-orchestrator/internal/store/postgres/sqlc/object_location_accessors.go:86.73,86.91 1 1
github.com/afreidah/s3-orchestrator/internal/store/postgres/sqlc/object_location_accessors.go:87.73,87.99 1 1
github.com/afreidah/s3-orchestrator/internal/store/postgres/sqlc/object_location_accessors.go:88.73,88.97 1 1
github.com/afreidah/s3-orchestrator/internal/store/postgres/sqlc/object_location_accessors.go:92.82,92.104 1 1
github.com/afreidah/s3-orchestrator/internal/store/postgres/sqlc/object_location_accessors.go:93.82,93.106 1 1
github.com/afreidah/s3-orchestrator/internal/store/postgres/sqlc/object_location_accessors.go:94.82,94.104 1 1
github.com/afreidah/s3-orchestrator/internal/store/postgres/sqlc/object_location_accessors.go:95.82,95.104 1 1
github.com/afreidah/s3-orchestrator/internal/store/postgres/sqlc/object_location_accessors.go:96.82,96.104 1 1
github.com/afreidah/s3-orchestrator/internal/store/postgres/sqlc/object_location_accessors.go:97.82,97.108 1 1
github.com/afreidah/s3-orchestrator/internal/store/postgres/sqlc/object_location_accessors.go:98.82,98.100 1 1
github.com/afreidah/s3-orchestrator/internal/store/postgres/sqlc/object_location_accessors.go:99.82,99.108 1 1
github.com/afreidah/s3-orchestrator/internal/store/postgres/sqlc/object_location_accessors.go:100.82,100.106 1 1
github.com/afreidah/s3-orchestrator/internal/store/postgres/sqlc/object_location_accessors.go:104.72,104.94 1 1
github.com/afreidah/s3-orchestrator/internal/store/postgres/sqlc/object_location_accessors.go:105.72,105.96 1 1
github.com/afreidah/s3-orchestrator/internal/store/postgres/sqlc/object_location_accessors.go:106.72,106.94 1 1
github.com/afreidah/s3-orchestrator/internal/store/postgres/sqlc/object_location_accessors.go:107.72,107.94 1 1
github.com/afreidah/s3-orchestrator/internal/store/postgres/sqlc/object_location_accessors.go:108.72,108.94 1 1
github.com/afreidah/s3-orchestrator/internal/store/postgres/sqlc/object_location_accessors.go:109.72,109.98 1 1
github.com/afreidah/s3-orchestrator/internal/store/postgres/sqlc/object_location_accessors.go:110.72,110.90 1 1
github.com/afreidah/s3-orchestrator/internal/store/postgres/sqlc/object_location_accessors.go:111.72,111.98 1 1
github.com/afreidah/s3-orchestrator/internal/store/postgres/sqlc/object_location_accessors.go:112.72,112.96 1 1
github.com/afreidah/s3-orchestrator/internal/store/postgres/sqlc/object_location_accessors.go:116.72,116.94 1 1
github.com/afreidah/s3-orchestrator/internal/store/postgres/sqlc/object_location_accessors.go:117.72,117.96 1 1
github.com/afreidah/s3-orchestrator/internal/store/postgres/sqlc/object_location_accessors.go:118.72,118.94 1 1
github.com/afreidah/s3-orchestrator/internal/store/postgres/sqlc/object_location_accessors.go:119.72,119.94 1 1
github.com/afreidah/s3-orchestrator/internal/store/postgres/sqlc/object_location_accessors.go:120.72,120.94 1 1
github.com/afreidah/s3-orchestrator/internal/store/postgres/sqlc/object_location_accessors.go:121.72,121.98 1 1
github.com/afreidah/s3-orchestrator/internal/store/postgres/sqlc/object_location_accessors.go:122.72,122.90 1 1
github.com/afreidah/s3-orchestrator/internal/store/postgres/sqlc/object_location_accessors.go:123.72,123.98 1 1
github.com/afreidah/s3-orchestrator/internal/store/postgres/sqlc/object_location_accessors.go:124.72,124.96 1 1
github.com/afreidah/s3-orchestrator/internal/store/postgres/sqlc/object_location_accessors.go:128.70,128.92 1 2
github.com/afreidah/s3-orchestrator/internal/store/postgres/sqlc/object_location_accessors.go:129.70,129.94 1 2
github.com/afreidah/s3-orchestrator/internal/store/postgres/sqlc/object_location_accessors.go:130.70,130.92 1 2
github.com/afreidah/s3-orchestrator/internal/store/postgres/sqlc/object_location_accessors.go:131.70,131.92 1 2
github.com/afreidah/s3-orchestrator/internal/store/postgres/sqlc/object_location_accessors.go:132.70,132.92 1 2
github.com/afreidah/s3-orchestrator/internal/store/postgres/sqlc/object_location_accessors.go:133.70,133.96 1 2
github.com/afreidah/s3-orchestrator/internal/store/postgres/sqlc/object_location_accessors.go:134.70,134.88 1 2
github.com/afreidah/s3-orchestrator/internal/store/postgres/sqlc/object_location_accessors.go:135.70,135.96 1 2
github.com/afreidah/s3-orchestrator/internal/store/postgres/sqlc/object_location_accessors.go:136.70,136.94 1 2
github.com/afreidah/s3-orchestrator/internal/store/postgres/sqlc/object_location_accessors.go:140.69,140.91 1 2
github.com/afreidah/s3-orchestrator/internal/store/postgres/sqlc/object_location_accessors.go:141.69,141.93 1 2
github.com/afreidah/s3-orchestrator/internal/store/postgres/sqlc/object_location_accessors.go:142.69,142.91 1 2
github.com/afreidah/s3-orchestrator/internal/store/postgres/sqlc/object_location_accessors.go:143.69,143.91 1 2
github.com/afreidah/s3-orchestrator/internal/store/postgres/sqlc/object_location_accessors.go:144.69,144.91 1 2
github.com/afreidah/s3-orchestrator/internal/store/postgres/sqlc/object_location_accessors.go:145.69,145.95 1 2
github.com/afreidah/s3-orchestrator/internal/store/postgres/sqlc/object_location_accessors.go:146.69,146.87 1 2
github.com/afreidah/s3-orchestrator/internal/store/postgres/sqlc/object_location_accessors.go:147.69,147.95 1 2
github.com/afreidah/s3-orchestrator/internal/store/postgres/sqlc/object_location_accessors.go:148.69,148.93 1 2
github.com/afreidah/s3-orchestrator/internal/store/postgres/sqlc/objects.sql.go:25.110,30.2 4 0
github.com/afreidah/s3-orchestrator/internal/store/postgres/sqlc/objects.sql.go:44.119,49.2 4 3
github.com/afreidah/s3-orchestrator/internal/store/postgres/sqlc/objects.sql.go:56.83,59.2 2 16
github.com/afreidah/s3-orchestrator/internal/store/postgres/sqlc/objects.sql.go:71.105,74.2 2 2
github.com/afreidah/s3-orchestrator/internal/store/postgres/sqlc/objects.sql.go:80.97,83.2 2 0
github.com/afreidah/s3-orchestrator/internal/store/postgres/sqlc/objects.sql.go:92.87,95.2 2 1
github.com/afreidah/s3-orchestrator/internal/store/postgres/sqlc/objects.sql.go:116.116,118.16 2 4
github.com/afreidah/s3-orchestrator/internal/store/postgres/sqlc/objects.sql.go:118.16,120.3 1 0
github.com/afreidah/s3-orchestrator/internal/store/postgres/sqlc/objects.sql.go:121.2,123.18 3 4
github.com/afreidah/s3-orchestrator/internal/store/postgres/sqlc/objects.sql.go:123.18,135.17 2 3
github.com/afreidah/s3-orchestrator/internal/store/postgres/sqlc/objects.sql.go:135.17,137.4 1 0
github.com/afreidah/s3-orchestrator/internal/store/postgres/sqlc/objects.sql.go:138.3,138.27 1 3
github.com/afreidah/s3-orchestrator/internal/store/postgres/sqlc/objects.sql.go:140.2,140.35 1 4
github.com/afreidah/s3-orchestrator/internal/store/postgres/sqlc/objects.sql.go:140.35,142.3 1 0
github.com/afreidah/s3-orchestrator/internal/store/postgres/sqlc/objects.sql.go:143.2,143.19 1 4
github.com/afreidah/s3-orchestrator/internal/store/postgres/sqlc/objects.sql.go:164.127,166.16 2 1
github.com/afreidah/s3-orchestrator/internal/store/postgres/sqlc/objects.sql.go:166.16,168.3 1 0
github.com/afreidah/s3-orchestrator/internal/store/postgres/sqlc/objects.sql.go:169.2,171.18 3 1
github.com/afreidah/s3-orchestrator/internal/store/postgres/sqlc/objects.sql.go:171.18,173.79 2 3
github.com/afreidah/s3-orchestrator/internal/store/postgres/sqlc/objects.sql.go:173.79,175.4 1 0
github.com/afreidah/s3-orchestrator/internal/store/postgres/sqlc/objects.sql.go:176.3,176.27 1 3
github.com/afreidah/s3-orchestrator/internal/store/postgres/sqlc/objects.sql.go:178.2,178.35 1 1
github.com/afreidah/s3-orchestrator/internal/store/postgres/sqlc/objects.sql.go:178.35,180.3 1 0
github.com/afreidah/s3-orchestrator/internal/store/postgres/sqlc/objects.sql.go:181.2,181.19 1 1
github.com/afreidah/s3-orchestrator/internal/store/postgres/sqlc/objects.sql.go:215.105,217.16 2 0
github.com/afreidah/s3-orchestrator/internal/store/postgres/sqlc/objects.sql.go:217.16,219.3 1 0
github.com/afreidah/s3-orchestrator/internal/store/postgres/sqlc/objects.sql.go:220.2,222.18 3 0
github.com/afreidah/s3-orchestrator/internal/store/postgres/sqlc/objects.sql.go:222.18,229.17 2 0
github.com/afreidah/s3-orchestrator/internal/store/postgres/sqlc/objects.sql.go:229.17,231.4 1 0
github.com/afreidah/s3-orchestrator/internal/store/postgres/sqlc/objects.sql.go:232.3,232.27 1 0
github.com/afreidah/s3-orchestrator/internal/store/postgres/sqlc/objects.sql.go:234.2,234.35 1 0
github.com/afreidah/s3-orchestrator/internal/store/postgres/sqlc/objects.sql.go:234.35,236.3 1 0
github.com/afreidah/s3-orchestrator/internal/store/postgres/sqlc/objects.sql.go:237.2,237.19 1 0
github.com/afreidah/s3-orchestrator/internal/store/postgres/sqlc/objects.sql.go:253.126,255.16 2 35
github.com/afreidah/s3-orchestrator/internal/store/postgres/sqlc/objects.sql.go:255.16,257.3 1 1
github.com/afreidah/s3-orchestrator/internal/store/postgres/sqlc/objects.sql.go:258.2,260.18 3 34
github.com/afreidah/s3-orchestrator/internal/store/postgres/sqlc/objects.sql.go:260.18,262.79 2 22
github.com/afreidah/s3-orchestrator/internal/store/postgres/sqlc/objects.sql.go:262.79,264.4 1 0
github.com/afreidah/s3-orchestrator/internal/store/postgres/sqlc/objects.sql.go:265.3,265.27 1 22
github.com/afreidah/s3-orchestrator/internal/store/postgres/sqlc/objects.sql.go:267.2,267.35 1 34
github.com/afreidah/s3-orchestrator/internal/store/postgres/sqlc/objects.sql.go:267.35,269.3 1 0
github.com/afreidah/s3-orchestrator/internal/store/postgres/sqlc/objects.sql.go:270.2,270.19 1 34
github.com/afreidah/s3-orchestrator/internal/store/postgres/sqlc/objects.sql.go:288.125,290.16 2 1
github.com/afreidah/s3-orchestrator/internal/store/postgres/sqlc/objects.sql.go:290.16,292.3 1 0
github.com/afreidah/s3-orchestrator/internal/store/postgres/sqlc/objects.sql.go:293.2,295.18 3 1
github.com/afreidah/s3-orchestrator/internal/store/postgres/sqlc/objects.sql.go:295.18,297.65 2 3
github.com/afreidah/s3-orchestrator/internal/store/postgres/sqlc/objects.sql.go:297.65,299.4 1 0
github.com/afreidah/s3-orchestrator/internal/store/postgres/sqlc/objects.sql.go:300.3,300.27 1 3
github.com/afreidah/s3-orchestrator/internal/store/postgres/sqlc/objects.sql.go:302.2,302.35 1 1
github.com/afreidah/s3-orchestrator/internal/store/postgres/sqlc/objects.sql.go:302.35,304.3 1 0
github.com/afreidah/s3-orchestrator/internal/store/postgres/sqlc/objects.sql.go:305.2,305.19 1 1
github.com/afreidah/s3-orchestrator/internal/store/postgres/sqlc/objects.sql.go:334.131,336.16 2 2
github.com/afreidah/s3-orchestrator/internal/store/postgres/sqlc/objects.sql.go:336.16,338.3 1 0
github.com/afreidah/s3-orchestrator/internal/store/postgres/sqlc/objects.sql.go:339.2,341.18 3 2
github.com/afreidah/s3-orchestrator/internal/store/postgres/sqlc/objects.sql.go:341.18,353.17 2 1
github.com/afreidah/s3-orchestrator/internal/store/postgres/sqlc/objects.sql.go:353.17,355.4 1 0
github.com/afreidah/s3-orchestrator/internal/store/postgres/sqlc/objects.sql.go:356.3,356.27 1 1
github.com/afreidah/s3-orchestrator/internal/store/postgres/sqlc/objects.sql.go:358.2,358.35 1 2
github.com/afreidah/s3-orchestrator/internal/store/postgres/sqlc/objects.sql.go:358.35,360.3 1 0
github.com/afreidah/s3-orchestrator/internal/store/postgres/sqlc/objects.sql.go:361.2,361.19 1 2
github.com/afreidah/s3-orchestrator/internal/store/postgres/sqlc/objects.sql.go:387.113,389.16 2 2
github.com/afreidah/s3-orchestrator/internal/store/postgres/sqlc/objects.sql.go:389.16,391.3 1 0
github.com/afreidah/s3-orchestrator/internal/store/postgres/sqlc/objects.sql.go:392.2,394.18 3 2
github.com/afreidah/s3-orchestrator/internal/store/postgres/sqlc/objects.sql.go:394.18,406.17 2 1
github.com/afreidah/s3-orchestrator/internal/store/postgres/sqlc/objects.sql.go:406.17,408.4 1 0
github.com/afreidah/s3-orchestrator/internal/store/postgres/sqlc/objects.sql.go:409.3,409.27 1 1
github.com/afreidah/s3-orchestrator/internal/store/postgres/sqlc/objects.sql.go:411.2,411.35 1 2
github.com/afreidah/s3-orchestrator/internal/store/postgres/sqlc/objects.sql.go:411.35,413.3 1 0
github.com/afreidah/s3-orchestrator/internal/store/postgres/sqlc/objects.sql.go:414.2,414.19 1 2
github.com/afreidah/s3-orchestrator/internal/store/postgres/sqlc/objects.sql.go:433.99,445.2 2 16
github.com/afreidah/s3-orchestrator/internal/store/postgres/sqlc/objects.sql.go:465.129,479.2 4 3
github.com/afreidah/s3-orchestrator/internal/store/postgres/sqlc/objects.sql.go:503.143,505.16 2 1
github.com/afreidah/s3-orchestrator/internal/store/postgres/sqlc/objects.sql.go:505.16,507.3 1 0
github.com/afreidah/s3-orchestrator/internal/store/postgres/sqlc/objects.sql.go:508.2,510.18 3 1
github.com/afreidah/s3-orchestrator/internal/store/postgres/sqlc/objects.sql.go:510.18,519.17 2 1
github.com/afreidah/s3-orchestrator/internal/store/postgres/sqlc/objects.sql.go:519.17,521.4 1 0
github.com/afreidah/s3-orchestrator/internal/store/postgres/sqlc/objects.sql.go:522.3,522.27 1 1
github.com/afreidah/s3-orchestrator/internal/store/postgres/sqlc/objects.sql.go:524.2,524.35 1 1
github.com/afreidah/s3-orchestrator/internal/store/postgres/sqlc/objects.sql.go:524.35,526.3 1 0
github.com/afreidah/s3-orchestrator/internal/store/postgres/sqlc/objects.sql.go:527.2,527.19 1 1
github.com/afreidah/s3-orchestrator/internal/store/postgres/sqlc/objects.sql.go:562.122,564.16 2 0
github.com/afreidah/s3-orchestrator/internal/store/postgres/sqlc/objects.sql.go:564.16,566.3 1 0
github.com/afreidah/s3-orchestrator/internal/store/postgres/sqlc/objects.sql.go:567.2,569.18 3 0
github.com/afreidah/s3-orchestrator/internal/store/postgres/sqlc/objects.sql.go:569.18,576.17 2 0
github.com/afreidah/s3-orchestrator/internal/store/postgres/sqlc/objects.sql.go:576.17,578.4 1 0
github.com/afreidah/s3-orchestrator/internal/store/postgres/sqlc/objects.sql.go:579.3,579.27 1 0
github.com/afreidah/s3-orchestrator/internal/store/postgres/sqlc/objects.sql.go:581.2,581.35 1 0
github.com/afreidah/s3-orchestrator/internal/store/postgres/sqlc/objects.sql.go:581.35,583.3 1 0
github.com/afreidah/s3-orchestrator/internal/store/postgres/sqlc/objects.sql.go:584.2,584.19 1 0
github.com/afreidah/s3-orchestrator/internal/store/postgres/sqlc/objects.sql.go:608.134,610.16 2 1
github.com/afreidah/s3-orchestrator/internal/store/postgres/sqlc/objects.sql.go:610.16,612.3 1 0
github.com/afreidah/s3-orchestrator/internal/store/postgres/sqlc/objects.sql.go:613.2,615.18 3 1
github.com/afreidah/s3-orchestrator/internal/store/postgres/sqlc/objects.sql.go:615.18,622.17 2 1
github.com/afreidah/s3-orchestrator/internal/store/postgres/sqlc/objects.sql.go:622.17,624.4 1 0
github.com/afreidah/s3-orchestrator/internal/store/postgres/sqlc/objects.sql.go:625.3,625.27 1 1
github.com/afreidah/s3-orchestrator/internal/store/postgres/sqlc/objects.sql.go:627.2,627.35 1 1
github.com/afreidah/s3-orchestrator/internal/store/postgres/sqlc/objects.sql.go:627.35,629.3 1 0
github.com/afreidah/s3-orchestrator/internal/store/postgres/sqlc/objects.sql.go:630.2,630.19 1 1
github.com/afreidah/s3-orchestrator/internal/store/postgres/sqlc/objects.sql.go:655.122,657.16 2 2
github.com/afreidah/s3-orchestrator/internal/store/postgres/sqlc/objects.sql.go:657.16,659.3 1 0
github.com/afreidah/s3-orchestrator/internal/store/postgres/sqlc/objects.sql.go:660.2,662.18 3 2
github.com/afreidah/s3-orchestrator/internal/store/postgres/sqlc/objects.sql.go:662.18,669.17 2 0
github.com/afreidah/s3-orchestrator/internal/store/postgres/sqlc/objects.sql.go:669.17,671.4 1 0
github.com/afreidah/s3-orchestrator/internal/store/postgres/sqlc/objects.sql.go:672.3,672.27 1 0
github.com/afreidah/s3-orchestrator/internal/store/postgres/sqlc/objects.sql.go:674.2,674.35 1 2
github.com/afreidah/s3-orchestrator/internal/store/postgres/sqlc/objects.sql.go:674.35,676.3 1 0
github.com/afreidah/s3-orchestrator/internal/store/postgres/sqlc/objects.sql.go:677.2,677.19 1 2
github.com/afreidah/s3-orchestrator/internal/store/postgres/sqlc/objects.sql.go:700.128,702.16 2 0
github.com/afreidah/s3-orchestrator/internal/store/postgres/sqlc/objects.sql.go:702.16,704.3 1 0
github.com/afreidah/s3-orchestrator/internal/store/postgres/sqlc/objects.sql.go:705.2,707.18 3 0
github.com/afreidah/s3-orchestrator/internal/store/postgres/sqlc/objects.sql.go:707.18,714.17 2 0
github.com/afreidah/s3-orchestrator/internal/store/postgres/sqlc/objects.sql.go:714.17,716.4 1 0
github.com/afreidah/s3-orchestrator/internal/store/postgres/sqlc/objects.sql.go:717.3,717.27 1 0
github.com/afreidah/s3-orchestrator/internal/store/postgres/sqlc/objects.sql.go:719.2,719.35 1 0
github.com/afreidah/s3-orchestrator/internal/store/postgres/sqlc/objects.sql.go:719.35,721.3 1 0
github.com/afreidah/s3-orchestrator/internal/store/postgres/sqlc/objects.sql.go:722.2,722.19 1 0
github.com/afreidah/s3-orchestrator/internal/store/postgres/sqlc/objects.sql.go:750.146,752.16 2 1
github.com/afreidah/s3-orchestrator/internal/store/postgres/sqlc/objects.sql.go:752.16,754.3 1 0
github.com/afreidah/s3-orchestrator/internal/store/postgres/sqlc/objects.sql.go:755.2,757.18 3 1
github.com/afreidah/s3-orchestrator/internal/store/postgres/sqlc/objects.sql.go:757.18,764.17 2 0
github.com/afreidah/s3-orchestrator/internal/store/postgres/sqlc/objects.sql.go:764.17,766.4 1 0
github.com/afreidah/s3-orchestrator/internal/store/postgres/sqlc/objects.sql.go:767.3,767.27 1 0
github.com/afreidah/s3-orchestrator/internal/store/postgres/sqlc/objects.sql.go:769.2,769.35 1 1
github.com/afreidah/s3-orchestrator/internal/store/postgres/sqlc/objects.sql.go:769.35,771.3 1 0
github.com/afreidah/s3-orchestrator/internal/store/postgres/sqlc/objects.sql.go:772.2,772.19 1 1
github.com/afreidah/s3-orchestrator/internal/store/postgres/sqlc/objects.sql.go:797.125,799.16 2 0
github.com/afreidah/s3-orchestrator/internal/store/postgres/sqlc/objects.sql.go:799.16,801.3 1 0
github.com/afreidah/s3-orchestrator/internal/store/postgres/sqlc/objects.sql.go:802.2,804.18 3 0
github.com/afreidah/s3-orchestrator/internal/store/postgres/sqlc/objects.sql.go:804.18,811.17 2 0
github.com/afreidah/s3-orchestrator/internal/store/postgres/sqlc/objects.sql.go:811.17,813.4 1 0
github.com/afreidah/s3-orchestrator/internal/store/postgres/sqlc/objects.sql.go:814.3,814.27 1 0
github.com/afreidah/s3-orchestrator/internal/store/postgres/sqlc/objects.sql.go:816.2,816.35 1 0
github.com/afreidah/s3-orchestrator/internal/store/postgres/sqlc/objects.sql.go:816.35,818.3 1 0
github.com/afreidah/s3-orchestrator/internal/store/postgres/sqlc/objects.sql.go:819.2,819.19 1 0
github.com/afreidah/s3-orchestrator/internal/store/postgres/sqlc/objects.sql.go:841.140,843.16 2 1
github.com/afreidah/s3-orchestrator/internal/store/postgres/sqlc/objects.sql.go:843.16,845.3 1 0
github.com/afreidah/s3-orchestrator/internal/store/postgres/sqlc/objects.sql.go:846.2,848.18 3 1
github.com/afreidah/s3-orchestrator/internal/store/postgres/sqlc/objects.sql.go:848.18,850.79 2 1
github.com/afreidah/s3-orchestrator/internal/store/postgres/sqlc/objects.sql.go:850.79,852.4 1 0
github.com/afreidah/s3-orchestrator/internal/store/postgres/sqlc/objects.sql.go:853.3,853.27 1 1
github.com/afreidah/s3-orchestrator/internal/store/postgres/sqlc/objects.sql.go:855.2,855.35 1 1
github.com/afreidah/s3-orchestrator/internal/store/postgres/sqlc/objects.sql.go:855.35,857.3 1 0
github.com/afreidah/s3-orchestrator/internal/store/postgres/sqlc/objects.sql.go:858.2,858.19 1 1
github.com/afreidah/s3-orchestrator/internal/store/postgres/sqlc/objects.sql.go:877.85,880.2 2 17
github.com/afreidah/s3-orchestrator/internal/store/postgres/sqlc/objects.sql.go:903.123,915.2 4 3
github.com/afreidah/s3-orchestrator/internal/store/postgres/sqlc/objects.sql.go:933.97,936.2 2 1
github.com/afreidah/s3-orchestrator/internal/store/postgres/sqlc/objects.sql.go:957.97,967.2 2 1
github.com/afreidah/s3-orchestrator/internal/store/postgres/sqlc/objects.sql.go:981.93,984.2 2 2
github.com/afreidah/s3-orchestrator/internal/store/postgres/sqlc/objects.sql.go:999.97,1007.2 2 1
github.com/afreidah/s3-orchestrator/internal/store/postgres/sqlc/pending.sql.go:18.75,23.2 4 0
github.com/afreidah/s3-orchestrator/internal/store/postgres/sqlc/pending.sql.go:29.83,32.2 2 8
github.com/afreidah/s3-orchestrator/internal/store/postgres/sqlc/pending.sql.go:40.96,43.2 2 2
github.com/afreidah/s3-orchestrator/internal/store/postgres/sqlc/pending.sql.go:61.122,63.16 2 2
github.com/afreidah/s3-orchestrator/internal/store/postgres/sqlc/pending.sql.go:63.16,65.3 1 0
github.com/afreidah/s3-orchestrator/internal/store/postgres/sqlc/pending.sql.go:66.2,68.18 3 2
github.com/afreidah/s3-orchestrator/internal/store/postgres/sqlc/pending.sql.go:68.18,81.17 2 2
github.com/afreidah/s3-orchestrator/internal/store/postgres/sqlc/pending.sql.go:81.17,83.4 1 0
github.com/afreidah/s3-orchestrator/internal/store/postgres/sqlc/pending.sql.go:84.3,84.27 1 2
github.com/afreidah/s3-orchestrator/internal/store/postgres/sqlc/pending.sql.go:86.2,86.35 1 2
github.com/afreidah/s3-orchestrator/internal/store/postgres/sqlc/pending.sql.go:86.35,88.3 1 0
github.com/afreidah/s3-orchestrator/internal/store/postgres/sqlc/pending.sql.go:89.2,89.19 1 2
github.com/afreidah/s3-orchestrator/internal/store/postgres/sqlc/pending.sql.go:123.97,136.2 2 8
github.com/afreidah/s3-orchestrator/internal/store/postgres/sqlc/pending.sql.go:150.101,166.2 4 7
github.com/afreidah/s3-orchestrator/internal/store/postgres/sqlc/quota.sql.go:25.99,28.2 2 3
github.com/afreidah/s3-orchestrator/internal/store/postgres/sqlc/quota.sql.go:41.87,44.2 2 22
github.com/afreidah/s3-orchestrator/internal/store/postgres/sqlc/quota.sql.go:50.78,53.2 2 0
github.com/afreidah/s3-orchestrator/internal/store/postgres/sqlc/quota.sql.go:66.122,68.16 2 1
github.com/afreidah/s3-orchestrator/internal/store/postgres/sqlc/quota.sql.go:68.16,70.3 1 0
github.com/afreidah/s3-orchestrator/internal/store/postgres/sqlc/quota.sql.go:71.2,73.18 3 1
github.com/afreidah/s3-orchestrator/internal/store/postgres/sqlc/quota.sql.go:73.18,75.67 2 0
github.com/afreidah/s3-orchestrator/internal/store/postgres/sqlc/quota.sql.go:75.67,77.4 1 0
github.com/afreidah/s3-orchestrator/internal/store/postgres/sqlc/quota.sql.go:78.3,78.27 1 0
github.com/afreidah/s3-orchestrator/internal/store/postgres/sqlc/quota.sql.go:80.2,80.35 1 1
github.com/afreidah/s3-orchestrator/internal/store/postgres/sqlc/quota.sql.go:80.35,82.3 1 0
github.com/afreidah/s3-orchestrator/internal/store/postgres/sqlc/quota.sql.go:83.2,83.19 1 1
github.com/afreidah/s3-orchestrator/internal/store/postgres/sqlc/quota.sql.go:99.88,101.16 2 3
github.com/afreidah/s3-orchestrator/internal/store/postgres/sqlc/quota.sql.go:101.16,103.3 1 0
github.com/afreidah/s3-orchestrator/internal/store/postgres/sqlc/quota.sql.go:104.2,106.18 3 3
github.com/afreidah/s3-orchestrator/internal/store/postgres/sqlc/quota.sql.go:106.18,114.17 2 6
github.com/afreidah/s3-orchestrator/internal/store/postgres/sqlc/quota.sql.go:114.17,116.4 1 0
github.com/afreidah/s3-orchestrator/internal/store/postgres/sqlc/quota.sql.go:117.3,117.27 1 6
github.com/afreidah/s3-orchestrator/internal/store/postgres/sqlc/quota.sql.go:119.2,119.35 1 3
github.com/afreidah/s3-orchestrator/internal/store/postgres/sqlc/quota.sql.go:119.35,121.3 1 0
github.com/afreidah/s3-orchestrator/internal/store/postgres/sqlc/quota.sql.go:122.2,122.19 1 3
github.com/afreidah/s3-orchestrator/internal/store/postgres/sqlc/quota.sql.go:141.100,146.2 4 2
github.com/afreidah/s3-orchestrator/internal/store/postgres/sqlc/quota.sql.go:181.135,186.2 4 2
github.com/afreidah/s3-orchestrator/internal/store/postgres/sqlc/quota.sql.go:199.104,201.16 2 1
github.com/afreidah/s3-orchestrator/internal/store/postgres/sqlc/quota.sql.go:201.16,203.3 1 0
github.com/afreidah/s3-orchestrator/internal/store/postgres/sqlc/quota.sql.go:204.2,206.18 3 1
github.com/afreidah/s3-orchestrator/internal/store/postgres/sqlc/quota.sql.go:206.18,208.67 2 0
github.com/afreidah/s3-orchestrator/internal/store/postgres/sqlc/quota.sql.go:208.67,210.4 1 0
github.com/afreidah/s3-orchestrator/internal/store/postgres/sqlc/quota.sql.go:211.3,211.27 1 0
github.com/afreidah/s3-orchestrator/internal/store/postgres/sqlc/quota.sql.go:213.2,213.35 1 1
github.com/afreidah/s3-orchestrator/internal/store/postgres/sqlc/quota.sql.go:213.35,215.3 1 0
github.com/afreidah/s3-orchestrator/internal/store/postgres/sqlc/quota.sql.go:216.2,216.19 1 1
github.com/afreidah/s3-orchestrator/internal/store/postgres/sqlc/quota.sql.go:230.99,233.2 2 1
github.com/afreidah/s3-orchestrator/internal/store/postgres/sqlc/quota.sql.go:247.96,249.16 2 24
github.com/afreidah/s3-orchestrator/internal/store/postgres/sqlc/quota.sql.go:249.16,251.3 1 1
github.com/afreidah/s3-orchestrator/internal/store/postgres/sqlc/quota.sql.go:252.2,252.35 1 23
github.com/afreidah/s3-orchestrator/internal/store/postgres/sqlc/quota.sql.go:281.91,284.2 2 2
github.com/afreidah/s3-orchestrator/internal/store/postgres/sqlc/replication.sql.go:24.96,29.2 4 1
github.com/afreidah/s3-orchestrator/internal/store/postgres/sqlc/replication.sql.go:50.122,52.16 2 1
github.com/afreidah/s3-orchestrator/internal/store/postgres/sqlc/replication.sql.go:52.16,54.3 1 0
github.com/afreidah/s3-orchestrator/internal/store/postgres/sqlc/replication.sql.go:55.2,57.18 3 1
github.com/afreidah/s3-orchestrator/internal/store/postgres/sqlc/replication.sql.go:57.18,69.17 2 0
github.com/afreidah/s3-orchestrator/internal/store/postgres/sqlc/replication.sql.go:69.17,71.4 1 0
github.com/afreidah/s3-orchestrator/internal/store/postgres/sqlc/replication.sql.go:72.3,72.27 1 0
github.com/afreidah/s3-orchestrator/internal/store/postgres/sqlc/replication.sql.go:74.2,74.35 1 1
github.com/afreidah/s3-orchestrator/internal/store/postgres/sqlc/replication.sql.go:74.35,76.3 1 0
github.com/afreidah/s3-orchestrator/internal/store/postgres/sqlc/replication.sql.go:77.2,77.19 1 1
github.com/afreidah/s3-orchestrator/internal/store/postgres/sqlc/replication.sql.go:111.140,113.16 2 1
github.com/afreidah/s3-orchestrator/internal/store/postgres/sqlc/replication.sql.go:113.16,115.3 1 0
github.com/afreidah/s3-orchestrator/internal/store/postgres/sqlc/replication.sql.go:116.2,118.18 3 1
github.com/afreidah/s3-orchestrator/internal/store/postgres/sqlc/replication.sql.go:118.18,130.17 2 0
github.com/afreidah/s3-orchestrator/internal/store/postgres/sqlc/replication.sql.go:130.17,132.4 1 0
github.com/afreidah/s3-orchestrator/internal/store/postgres/sqlc/replication.sql.go:133.3,133.27 1 0
github.com/afreidah/s3-orchestrator/internal/store/postgres/sqlc/replication.sql.go:135.2,135.35 1 1
github.com/afreidah/s3-orchestrator/internal/store/postgres/sqlc/replication.sql.go:135.35,137.3 1 0
github.com/afreidah/s3-orchestrator/internal/store/postgres/sqlc/replication.sql.go:138.2,138.19 1 1
github.com/afreidah/s3-orchestrator/internal/store/postgres/sqlc/replication.sql.go:184.143,186.16 2 1
github.com/afreidah/s3-orchestrator/internal/store/postgres/sqlc/replication.sql.go:186.16,188.3 1 0
github.com/afreidah/s3-orchestrator/internal/store/postgres/sqlc/replication.sql.go:189.2,191.18 3 1
github.com/afreidah/s3-orchestrator/internal/store/postgres/sqlc/replication.sql.go:191.18,203.17 2 0
github.com/afreidah/s3-orchestrator/internal/store/postgres/sqlc/replication.sql.go:203.17,205.4 1 0
github.com/afreidah/s3-orchestrator/internal/store/postgres/sqlc/replication.sql.go:206.3,206.27 1 0
github.com/afreidah/s3-orchestrator/internal/store/postgres/sqlc/replication.sql.go:208.2,208.35 1 1
github.com/afreidah/s3-orchestrator/internal/store/postgres/sqlc/replication.sql.go:208.35,210.3 1 0
github.com/afreidah/s3-orchestrator/internal/store/postgres/sqlc/replication.sql.go:211.2,211.19 1 1
github.com/afreidah/s3-orchestrator/internal/store/postgres/sqlc/replication.sql.go:247.170,249.16 2 1
github.com/afreidah/s3-orchestrator/internal/store/postgres/sqlc/replication.sql.go:249.16,251.3 1 0
github.com/afreidah/s3-orchestrator/internal/store/postgres/sqlc/replication.sql.go:252.2,254.18 3 1
github.com/afreidah/s3-orchestrator/internal/store/postgres/sqlc/replication.sql.go:254.18,266.17 2 0
github.com/afreidah/s3-orchestrator/internal/store/postgres/sqlc/replication.sql.go:266.17,268.4 1 0
github.com/afreidah/s3-orchestrator/internal/store/postgres/sqlc/replication.sql.go:269.3,269.27 1 0
github.com/afreidah/s3-orchestrator/internal/store/postgres/sqlc/replication.sql.go:271.2,271.35 1 1
github.com/afreidah/s3-orchestrator/internal/store/postgres/sqlc/replication.sql.go:271.35,273.3 1 0
github.com/afreidah/s3-orchestrator/internal/store/postgres/sqlc/replication.sql.go:274.2,274.19 1 1
github.com/afreidah/s3-orchestrator/internal/store/postgres/sqlc/replication.sql.go:301.116,306.2 4 7
github.com/afreidah/s3-orchestrator/internal/store/postgres/sqlc/usage.sql.go:16.87,19.2 2 0
github.com/afreidah/s3-orchestrator/internal/store/postgres/sqlc/usage.sql.go:53.91,62.2 2 2
github.com/afreidah/s3-orchestrator/internal/store/postgres/sqlc/usage.sql.go:78.105,80.16 2 1
github.com/afreidah/s3-orchestrator/internal/store/postgres/sqlc/usage.sql.go:80.16,82.3 1 0
github.com/afreidah/s3-orchestrator/internal/store/postgres/sqlc/usage.sql.go:83.2,85.18 3 1
github.com/afreidah/s3-orchestrator/internal/store/postgres/sqlc/usage.sql.go:85.18,92.17 2 1
github.com/afreidah/s3-orchestrator/internal/store/postgres/sqlc/usage.sql.go:92.17,94.4 1 0
github.com/afreidah/s3-orchestrator/internal/store/postgres/sqlc/usage.sql.go:95.3,95.27 1 1
github.com/afreidah/s3-orchestrator/internal/store/postgres/sqlc/usage.sql.go:97.2,97.35 1 1
github.com/afreidah/s3-orchestrator/internal/store/postgres/sqlc/usage.sql.go:97.35,99.3 1 0
github.com/afreidah/s3-orchestrator/internal/store/postgres/sqlc/usage.sql.go:100.2,100.19 1 1
github.com/afreidah/s3-orchestrator/internal/backend/circuitbreaker.go:39.125,46.2 3 0
github.com/afreidah/s3-orchestrator/internal/backend/circuitbreaker.go:51.57,53.2 1 0
github.com/afreidah/s3-orchestrator/internal/backend/circuitbreaker.go:58.37,59.16 1 0
github.com/afreidah/s3-orchestrator/internal/backend/circuitbreaker.go:59.16,61.3 1 0
github.com/afreidah/s3-orchestrator/internal/backend/circuitbreaker.go:62.2,63.65 2 0
github.com/afreidah/s3-orchestrator/internal/backend/circuitbreaker.go:63.65,65.3 1 0
github.com/afreidah/s3-orchestrator/internal/backend/circuitbreaker.go:66.2,66.13 1 0
github.com/afreidah/s3-orchestrator/internal/backend/circuitbreaker.go:70.169,71.66 1 0
github.com/afreidah/s3-orchestrator/internal/backend/circuitbreaker.go:71.66,73.3 1 0
github.com/afreidah/s3-orchestrator/internal/backend/circuitbreaker.go:77.123,78.76 1 0
github.com/afreidah/s3-orchestrator/internal/backend/circuitbreaker.go:78.76,80.3 1 0
github.com/afreidah/s3-orchestrator/internal/backend/circuitbreaker.go:84.105,85.77 1 0
github.com/afreidah/s3-orchestrator/internal/backend/circuitbreaker.go:85.77,87.3 1 0
github.com/afreidah/s3-orchestrator/internal/backend/circuitbreaker.go:91.86,92.64 1 0
github.com/afreidah/s3-orchestrator/internal/backend/circuitbreaker.go:92.64,94.3 1 0
github.com/afreidah/s3-orchestrator/internal/backend/s3.go:95.44,109.2 1 6
github.com/afreidah/s3-orchestrator/internal/backend/s3.go:114.66,123.25 2 6
github.com/afreidah/s3-orchestrator/internal/backend/s3.go:123.25,126.3 2 0
github.com/afreidah/s3-orchestrator/internal/backend/s3.go:127.2,127.25 1 6
github.com/afreidah/s3-orchestrator/internal/backend/s3.go:127.25,129.3 1 0
github.com/afreidah/s3-orchestrator/internal/backend/s3.go:130.2,139.32 3 6
github.com/afreidah/s3-orchestrator/internal/backend/s3.go:139.32,141.3 1 0
github.com/afreidah/s3-orchestrator/internal/backend/s3.go:141.8,141.54 1 6
github.com/afreidah/s3-orchestrator/internal/backend/s3.go:141.54,143.3 1 6
github.com/afreidah/s3-orchestrator/internal/backend/s3.go:145.2,151.8 1 6
github.com/afreidah/s3-orchestrator/internal/backend/s3.go:159.156,165.45 2 317
github.com/afreidah/s3-orchestrator/internal/backend/s3.go:165.45,174.25 3 317
github.com/afreidah/s3-orchestrator/internal/backend/s3.go:174.25,176.5 1 0
github.com/afreidah/s3-orchestrator/internal/backend/s3.go:176.10,176.49 1 317
github.com/afreidah/s3-orchestrator/internal/backend/s3.go:176.49,178.19 2 76
github.com/afreidah/s3-orchestrator/internal/backend/s3.go:178.19,180.6 1 0
github.com/afreidah/s3-orchestrator/internal/backend/s3.go:181.5,181.36 1 76
github.com/afreidah/s3-orchestrator/internal/backend/s3.go:184.4,190.25 2 317
github.com/afreidah/s3-orchestrator/internal/backend/s3.go:190.25,192.5 1 317
github.com/afreidah/s3-orchestrator/internal/backend/s3.go:193.4,193.25 1 317
github.com/afreidah/s3-orchestrator/internal/backend/s3.go:193.25,195.5 1 1
github.com/afreidah/s3-orchestrator/internal/backend/s3.go:197.4,198.18 2 317
github.com/afreidah/s3-orchestrator/internal/backend/s3.go:198.18,200.5 1 0
github.com/afreidah/s3-orchestrator/internal/backend/s3.go:201.4,202.26 2 317
github.com/afreidah/s3-orchestrator/internal/backend/s3.go:202.26,204.5 1 317
github.com/afreidah/s3-orchestrator/internal/backend/s3.go:205.4,205.20 1 317
github.com/afreidah/s3-orchestrator/internal/backend/s3.go:212.110,218.55 2 153
github.com/afreidah/s3-orchestrator/internal/backend/s3.go:218.55,223.25 2 153
github.com/afreidah/s3-orchestrator/internal/backend/s3.go:223.25,225.5 1 1
github.com/afreidah/s3-orchestrator/internal/backend/s3.go:226.4,227.18 2 153
github.com/afreidah/s3-orchestrator/internal/backend/s3.go:227.18,229.5 1 3
github.com/afreidah/s3-orchestrator/internal/backend/s3.go:230.4,230.42 1 150
github.com/afreidah/s3-orchestrator/internal/backend/s3.go:238.70,240.33 2 150
github.com/afreidah/s3-orchestrator/internal/backend/s3.go:240.33,242.3 1 150
github.com/afreidah/s3-orchestrator/internal/backend/s3.go:243.2,243.31 1 150
github.com/afreidah/s3-orchestrator/internal/backend/s3.go:243.31,245.3 1 150
github.com/afreidah/s3-orchestrator/internal/backend/s3.go:246.2,246.24 1 150
github.com/afreidah/s3-orchestrator/internal/backend/s3.go:246.24,248.3 1 150
github.com/afreidah/s3-orchestrator/internal/backend/s3.go:249.2,249.32 1 150
github.com/afreidah/s3-orchestrator/internal/backend/s3.go:249.32,251.3 1 1
github.com/afreidah/s3-orchestrator/internal/backend/s3.go:252.2,252.32 1 150
github.com/afreidah/s3-orchestrator/internal/backend/s3.go:252.32,254.3 1 150
github.com/afreidah/s3-orchestrator/internal/backend/s3.go:255.2,255.30 1 150
github.com/afreidah/s3-orchestrator/internal/backend/s3.go:255.30,257.3 1 1
github.com/afreidah/s3-orchestrator/internal/backend/s3.go:258.2,258.12 1 150
github.com/afreidah/s3-orchestrator/internal/backend/s3.go:262.92,268.56 2 68
github.com/afreidah/s3-orchestrator/internal/backend/s3.go:268.56,273.18 2 68
github.com/afreidah/s3-orchestrator/internal/backend/s3.go:273.18,275.5 1 55
github.com/afreidah/s3-orchestrator/internal/backend/s3.go:277.4,278.35 2 13
github.com/afreidah/s3-orchestrator/internal/backend/s3.go:278.35,280.5 1 13
github.com/afreidah/s3-orchestrator/internal/backend/s3.go:281.4,281.33 1 13
github.com/afreidah/s3-orchestrator/internal/backend/s3.go:281.33,283.5 1 13
github.com/afreidah/s3-orchestrator/internal/backend/s3.go:284.4,284.26 1 13
github.com/afreidah/s3-orchestrator/internal/backend/s3.go:284.26,286.5 1 13
github.com/afreidah/s3-orchestrator/internal/backend/s3.go:287.4,287.34 1 13
github.com/afreidah/s3-orchestrator/internal/backend/s3.go:287.34,289.5 1 13
github.com/afreidah/s3-orchestrator/internal/backend/s3.go:290.4,290.32 1 13
github.com/afreidah/s3-orchestrator/internal/backend/s3.go:290.32,292.5 1 1
github.com/afreidah/s3-orchestrator/internal/backend/s3.go:293.4,293.19 1 13
github.com/afreidah/s3-orchestrator/internal/backend/s3.go:298.73,304.35 2 64
github.com/afreidah/s3-orchestrator/internal/backend/s3.go:304.35,309.18 2 64
github.com/afreidah/s3-orchestrator/internal/backend/s3.go:309.18,311.5 1 0
github.com/afreidah/s3-orchestrator/internal/backend/s3.go:312.4,312.14 1 64
github.com/afreidah/s3-orchestrator/internal/backend/s3.go:330.106,336.35 2 5
github.com/afreidah/s3-orchestrator/internal/backend/s3.go:336.35,338.33 2 5
github.com/afreidah/s3-orchestrator/internal/backend/s3.go:338.33,340.19 2 5
github.com/afreidah/s3-orchestrator/internal/backend/s3.go:340.19,342.6 1 0
github.com/afreidah/s3-orchestrator/internal/backend/s3.go:343.5,344.26 2 5
github.com/afreidah/s3-orchestrator/internal/backend/s3.go:344.26,345.14 1 0
github.com/afreidah/s3-orchestrator/internal/backend/s3.go:347.5,347.39 1 5
github.com/afreidah/s3-orchestrator/internal/backend/s3.go:347.39,349.6 1 0
github.com/afreidah/s3-orchestrator/internal/backend/s3.go:351.4,351.14 1 5
github.com/afreidah/s3-orchestrator/internal/backend/s3.go:357.69,359.18 2 5
github.com/afreidah/s3-orchestrator/internal/backend/s3.go:359.18,361.3 1 4
github.com/afreidah/s3-orchestrator/internal/backend/s3.go:362.2,362.14 1 5
github.com/afreidah/s3-orchestrator/internal/backend/s3.go:367.144,371.16 4 5
github.com/afreidah/s3-orchestrator/internal/backend/s3.go:371.16,373.3 1 0
github.com/afreidah/s3-orchestrator/internal/backend/s3.go:374.2,374.18 1 5
github.com/afreidah/s3-orchestrator/internal/backend/s3.go:379.67,381.36 2 5
github.com/afreidah/s3-orchestrator/internal/backend/s3.go:381.36,383.21 2 96
github.com/afreidah/s3-orchestrator/internal/backend/s3.go:383.21,385.4 1 96
github.com/afreidah/s3-orchestrator/internal/backend/s3.go:386.3,387.22 2 96
github.com/afreidah/s3-orchestrator/internal/backend/s3.go:387.22,389.4 1 96
github.com/afreidah/s3-orchestrator/internal/backend/s3.go:390.3,390.55 1 96
github.com/afreidah/s3-orchestrator/internal/backend/s3.go:392.2,392.16 1 5
github.com/afreidah/s3-orchestrator/internal/backend/s3.go:403.69,406.171 1 0
github.com/afreidah/s3-orchestrator/internal/backend/s3.go:406.171,408.10 2 0
github.com/afreidah/s3-orchestrator/internal/backend/s3.go:408.10,416.5 6 0
github.com/afreidah/s3-orchestrator/internal/backend/s3.go:417.4,417.39 1 0
github.com/afreidah/s3-orchestrator/internal/backend/s3.go:426.41,428.2 1 0
github.com/afreidah/s3-orchestrator/internal/backend/s3.go:431.83,433.16 2 607
github.com/afreidah/s3-orchestrator/internal/backend/s3.go:433.16,435.3 1 58
github.com/afreidah/s3-orchestrator/internal/backend/s3.go:437.2,438.99 2 607
github.com/afreidah/s3-orchestrator/internal/breaker/breaker.go:46.32,47.11 1 184
github.com/afreidah/s3-orchestrator/internal/breaker/breaker.go:48.19,49.18 1 8
github.com/afreidah/s3-orchestrator/internal/breaker/breaker.go:50.17,51.16 1 88
github.com/afreidah/s3-orchestrator/internal/breaker/breaker.go:52.21,53.21 1 88
github.com/afreidah/s3-orchestrator/internal/breaker/breaker.go:54.10,55.19 1 0
github.com/afreidah/s3-orchestrator/internal/breaker/breaker.go:113.133,122.2 1 34
github.com/afreidah/s3-orchestrator/internal/breaker/breaker.go:128.70,132.2 3 34
github.com/afreidah/s3-orchestrator/internal/breaker/breaker.go:136.41,136.59 1 0
github.com/afreidah/s3-orchestrator/internal/breaker/breaker.go:139.44,143.2 3 33
github.com/afreidah/s3-orchestrator/internal/breaker/breaker.go:146.41,150.2 3 0
github.com/afreidah/s3-orchestrator/internal/breaker/breaker.go:154.56,157.29 3 0
github.com/afreidah/s3-orchestrator/internal/breaker/breaker.go:157.29,159.3 1 0
github.com/afreidah/s3-orchestrator/internal/breaker/breaker.go:160.2,160.32 1 0
github.com/afreidah/s3-orchestrator/internal/breaker/breaker.go:167.48,171.2 3 0
github.com/afreidah/s3-orchestrator/internal/breaker/breaker.go:187.44,191.18 3 1278
github.com/afreidah/s3-orchestrator/internal/breaker/breaker.go:192.19,193.13 1 1240
github.com/afreidah/s3-orchestrator/internal/breaker/breaker.go:194.17,195.66 1 38
github.com/afreidah/s3-orchestrator/internal/breaker/breaker.go:195.66,196.53 1 22
github.com/afreidah/s3-orchestrator/internal/breaker/breaker.go:196.53,198.5 1 0
github.com/afreidah/s3-orchestrator/internal/breaker/breaker.go:199.4,201.14 3 22
github.com/afreidah/s3-orchestrator/internal/breaker/breaker.go:203.3,203.21 1 16
github.com/afreidah/s3-orchestrator/internal/breaker/breaker.go:204.21,206.53 1 0
github.com/afreidah/s3-orchestrator/internal/breaker/breaker.go:206.53,208.31 2 0
github.com/afreidah/s3-orchestrator/internal/breaker/breaker.go:208.31,215.5 5 0
github.com/afreidah/s3-orchestrator/internal/breaker/breaker.go:217.3,217.21 1 0
github.com/afreidah/s3-orchestrator/internal/breaker/breaker.go:219.2,219.12 1 0
github.com/afreidah/s3-orchestrator/internal/breaker/breaker.go:225.54,226.22 1 1278
github.com/afreidah/s3-orchestrator/internal/breaker/breaker.go:226.22,229.3 2 1251
github.com/afreidah/s3-orchestrator/internal/breaker/breaker.go:230.2,231.21 2 27
github.com/afreidah/s3-orchestrator/internal/breaker/breaker.go:231.21,233.3 1 22
github.com/afreidah/s3-orchestrator/internal/breaker/breaker.go:234.2,234.12 1 5
github.com/afreidah/s3-orchestrator/internal/breaker/breaker.go:238.39,242.31 3 1251
github.com/afreidah/s3-orchestrator/internal/breaker/breaker.go:242.31,246.3 3 2
github.com/afreidah/s3-orchestrator/internal/breaker/breaker.go:247.2,247.17 1 1251
github.com/afreidah/s3-orchestrator/internal/breaker/breaker.go:252.39,259.18 5 27
github.com/afreidah/s3-orchestrator/internal/breaker/breaker.go:260.21,263.27 3 20
github.com/afreidah/s3-orchestrator/internal/breaker/breaker.go:264.19,265.38 1 7
github.com/afreidah/s3-orchestrator/internal/breaker/breaker.go:265.38,267.4 1 2
github.com/afreidah/s3-orchestrator/internal/breaker/breaker.go:275.50,279.31 3 0
github.com/afreidah/s3-orchestrator/internal/breaker/breaker.go:279.31,281.3 1 0
github.com/afreidah/s3-orchestrator/internal/breaker/breaker.go:282.2,283.18 2 0
github.com/afreidah/s3-orchestrator/internal/breaker/breaker.go:283.18,285.3 1 0
github.com/afreidah/s3-orchestrator/internal/breaker/breaker.go:286.2,287.28 2 0
github.com/afreidah/s3-orchestrator/internal/breaker/breaker.go:287.28,289.3 1 0
github.com/afreidah/s3-orchestrator/internal/breaker/breaker.go:291.2,296.13 5 0
github.com/afreidah/s3-orchestrator/internal/breaker/breaker.go:302.48,307.25 4 46
github.com/afreidah/s3-orchestrator/internal/breaker/breaker.go:307.25,309.3 1 44
github.com/afreidah/s3-orchestrator/internal/breaker/breaker.go:311.2,311.9 1 46
github.com/afreidah/s3-orchestrator/internal/breaker/breaker.go:312.46,320.34 3 2
github.com/afreidah/s3-orchestrator/internal/breaker/breaker.go:322.48,328.28 2 20
github.com/afreidah/s3-orchestrator/internal/breaker/breaker.go:330.27,335.62 1 22
github.com/afreidah/s3-orchestrator/internal/breaker/breaker.go:337.25,342.66 1 2
github.com/afreidah/s3-orchestrator/internal/breaker/breaker.go:345.2,345.29 1 46
github.com/afreidah/s3-orchestrator/internal/breaker/breaker.go:345.29,354.3 1 46
github.com/afreidah/s3-orchestrator/internal/breaker/breaker.go:362.73,364.38 2 994
github.com/afreidah/s3-orchestrator/internal/breaker/breaker.go:364.38,366.3 1 16
github.com/afreidah/s3-orchestrator/internal/breaker/breaker.go:367.2,368.34 2 978
github.com/afreidah/s3-orchestrator/internal/breaker/breaker.go:372.64,373.38 1 282
github.com/afreidah/s3-orchestrator/internal/breaker/breaker.go:373.38,375.3 1 0
github.com/afreidah/s3-orchestrator/internal/breaker/breaker.go:376.2,376.27 1 282
github.com/afreidah/s3-orchestrator/internal/breaker/registry.go:32.59,34.28 2 0
github.com/afreidah/s3-orchestrator/internal/breaker/registry.go:34.28,35.15 1 0
github.com/afreidah/s3-orchestrator/internal/breaker/registry.go:35.15,37.4 1 0
github.com/afreidah/s3-orchestrator/internal/breaker/registry.go:39.2,39.10 1 0
github.com/afreidah/s3-orchestrator/internal/breaker/registry.go:43.51,44.14 1 0
github.com/afreidah/s3-orchestrator/internal/breaker/registry.go:44.14,46.3 1 0
github.com/afreidah/s3-orchestrator/internal/breaker/registry.go:47.2,49.15 3 0
github.com/afreidah/s3-orchestrator/internal/breaker/registry.go:54.39,57.31 3 0
github.com/afreidah/s3-orchestrator/internal/breaker/registry.go:57.31,59.3 1 0
github.com/afreidah/s3-orchestrator/internal/breaker/registry.go:63.30,67.2 3 0
github.com/afreidah/s3-orchestrator/internal/cache/cache.go:53.30,57.31 4 10
github.com/afreidah/s3-orchestrator/internal/cache/cache.go:57.31,59.3 1 0
github.com/afreidah/s3-orchestrator/internal/cache/cache.go:60.2,60.10 1 10
github.com/afreidah/s3-orchestrator/internal/cache/memory.go:61.61,62.22 1 5
github.com/afreidah/s3-orchestrator/internal/cache/memory.go:62.22,64.3 1 0
github.com/afreidah/s3-orchestrator/internal/cache/memory.go:65.2,65.28 1 5
github.com/afreidah/s3-orchestrator/internal/cache/memory.go:65.28,67.3 1 0
github.com/afreidah/s3-orchestrator/internal/cache/memory.go:68.2,68.37 1 5
github.com/afreidah/s3-orchestrator/internal/cache/memory.go:68.37,70.3 1 0
github.com/afreidah/s3-orchestrator/internal/cache/memory.go:71.2,71.18 1 5
github.com/afreidah/s3-orchestrator/internal/cache/memory.go:71.18,73.3 1 0
github.com/afreidah/s3-orchestrator/internal/cache/memory.go:74.2,80.8 1 5
github.com/afreidah/s3-orchestrator/internal/cache/memory.go:85.54,90.9 4 17
github.com/afreidah/s3-orchestrator/internal/cache/memory.go:90.9,93.3 2 11
github.com/afreidah/s3-orchestrator/internal/cache/memory.go:95.2,96.36 2 6
github.com/afreidah/s3-orchestrator/internal/cache/memory.go:96.36,100.3 3 0
github.com/afreidah/s3-orchestrator/internal/cache/memory.go:102.2,104.23 3 6
github.com/afreidah/s3-orchestrator/internal/cache/memory.go:110.74,112.16 2 10
github.com/afreidah/s3-orchestrator/internal/cache/memory.go:112.16,114.3 1 0
github.com/afreidah/s3-orchestrator/internal/cache/memory.go:116.2,125.33 3 10
github.com/afreidah/s3-orchestrator/internal/cache/memory.go:125.33,127.3 1 1
github.com/afreidah/s3-orchestrator/internal/cache/memory.go:129.2,133.34 3 9
github.com/afreidah/s3-orchestrator/internal/cache/memory.go:133.34,135.3 1 0
github.com/afreidah/s3-orchestrator/internal/cache/memory.go:138.2,138.61 1 9
github.com/afreidah/s3-orchestrator/internal/cache/memory.go:138.61,140.3 1 0
github.com/afreidah/s3-orchestrator/internal/cache/memory.go:144.2,144.39 1 9
github.com/afreidah/s3-orchestrator/internal/cache/memory.go:144.39,146.3 1 0
github.com/afreidah/s3-orchestrator/internal/cache/memory.go:148.2,158.12 6 9
github.com/afreidah/s3-orchestrator/internal/cache/memory.go:162.46,166.34 3 11
github.com/afreidah/s3-orchestrator/internal/cache/memory.go:166.34,168.3 1 2
github.com/afreidah/s3-orchestrator/internal/cache/memory.go:172.37,180.2 3 5
github.com/afreidah/s3-orchestrator/internal/cache/memory.go:187.56,192.2 4 2
github.com/afreidah/s3-orchestrator/internal/cache/memory.go:195.37,197.17 2 0
github.com/afreidah/s3-orchestrator/internal/cache/memory.go:197.17,199.3 1 0
github.com/afreidah/s3-orchestrator/internal/cache/memory.go:200.2,201.37 2 0
github.com/afreidah/s3-orchestrator/internal/cache/memory.go:205.38,208.2 2 11
github.com/afreidah/s3-orchestrator/internal/config/backends.go:40.57,43.24 2 1
github.com/afreidah/s3-orchestrator/internal/config/backends.go:43.24,45.3 1 0
github.com/afreidah/s3-orchestrator/internal/config/backends.go:47.2,48.26 2 1
github.com/afreidah/s3-orchestrator/internal/config/backends.go:48.26,50.3 1 3
github.com/afreidah/s3-orchestrator/internal/config/backends.go:51.2,51.13 1 1
github.com/afreidah/s3-orchestrator/internal/config/backends.go:58.84,60.18 2 3
github.com/afreidah/s3-orchestrator/internal/config/backends.go:60.18,62.3 1 0
github.com/afreidah/s3-orchestrator/internal/config/backends.go:64.2,65.23 2 3
github.com/afreidah/s3-orchestrator/internal/config/backends.go:65.23,67.3 1 0
github.com/afreidah/s3-orchestrator/internal/config/backends.go:68.2,72.13 4 3
github.com/afreidah/s3-orchestrator/internal/config/backends.go:77.73,79.22 2 3
github.com/afreidah/s3-orchestrator/internal/config/backends.go:79.22,81.3 1 0
github.com/afreidah/s3-orchestrator/internal/config/backends.go:82.2,82.20 1 3
github.com/afreidah/s3-orchestrator/internal/config/backends.go:82.20,84.3 1 0
github.com/afreidah/s3-orchestrator/internal/config/backends.go:85.2,85.25 1 3
github.com/afreidah/s3-orchestrator/internal/config/backends.go:85.25,87.3 1 0
github.com/afreidah/s3-orchestrator/internal/config/backends.go:88.2,88.29 1 3
github.com/afreidah/s3-orchestrator/internal/config/backends.go:88.29,90.3 1 0
github.com/afreidah/s3-orchestrator/internal/config/backends.go:91.2,91.13 1 3
github.com/afreidah/s3-orchestrator/internal/config/backends.go:96.75,98.22 2 3
github.com/afreidah/s3-orchestrator/internal/config/backends.go:98.22,100.3 1 0
github.com/afreidah/s3-orchestrator/internal/config/backends.go:101.2,101.25 1 3
github.com/afreidah/s3-orchestrator/internal/config/backends.go:101.25,103.3 1 0
github.com/afreidah/s3-orchestrator/internal/config/backends.go:104.2,104.27 1 3
github.com/afreidah/s3-orchestrator/internal/config/backends.go:104.27,106.3 1 0
github.com/afreidah/s3-orchestrator/internal/config/backends.go:107.2,107.27 1 3
github.com/afreidah/s3-orchestrator/internal/config/backends.go:107.27,109.3 1 0
github.com/afreidah/s3-orchestrator/internal/config/backends.go:110.2,110.28 1 3
github.com/afreidah/s3-orchestrator/internal/config/backends.go:110.28,112.3 1 0
github.com/afreidah/s3-orchestrator/internal/config/backends.go:113.2,113.13 1 3
github.com/afreidah/s3-orchestrator/internal/config/buckets.go:42.54,45.23 2 1
github.com/afreidah/s3-orchestrator/internal/config/buckets.go:45.23,47.3 1 0
github.com/afreidah/s3-orchestrator/internal/config/buckets.go:49.2,51.25 3 1
github.com/afreidah/s3-orchestrator/internal/config/buckets.go:51.25,53.3 1 1
github.com/afreidah/s3-orchestrator/internal/config/buckets.go:54.2,54.13 1 1
github.com/afreidah/s3-orchestrator/internal/config/buckets.go:60.100,64.20 3 1
github.com/afreidah/s3-orchestrator/internal/config/buckets.go:64.20,66.3 1 0
github.com/afreidah/s3-orchestrator/internal/config/buckets.go:67.2,67.37 1 1
github.com/afreidah/s3-orchestrator/internal/config/buckets.go:67.37,69.3 1 0
github.com/afreidah/s3-orchestrator/internal/config/buckets.go:70.2,70.25 1 1
github.com/afreidah/s3-orchestrator/internal/config/buckets.go:70.25,72.3 1 0
github.com/afreidah/s3-orchestrator/internal/config/buckets.go:73.2,75.33 2 1
github.com/afreidah/s3-orchestrator/internal/config/buckets.go:75.33,77.3 1 0
github.com/afreidah/s3-orchestrator/internal/config/buckets.go:78.2,78.31 1 1
github.com/afreidah/s3-orchestrator/internal/config/buckets.go:78.31,80.3 1 0
github.com/afreidah/s3-orchestrator/internal/config/buckets.go:82.2,82.33 1 1
github.com/afreidah/s3-orchestrator/internal/config/buckets.go:82.33,84.3 1 1
github.com/afreidah/s3-orchestrator/internal/config/buckets.go:85.2,85.13 1 1
github.com/afreidah/s3-orchestrator/internal/config/buckets.go:89.119,95.28 5 1
github.com/afreidah/s3-orchestrator/internal/config/buckets.go:95.28,97.3 1 0
github.com/afreidah/s3-orchestrator/internal/config/buckets.go:98.2,98.28 1 1
github.com/afreidah/s3-orchestrator/internal/config/buckets.go:98.28,99.39 1 1
github.com/afreidah/s3-orchestrator/internal/config/buckets.go:99.39,101.4 1 0
github.com/afreidah/s3-orchestrator/internal/config/buckets.go:102.3,102.42 1 1
github.com/afreidah/s3-orchestrator/internal/config/buckets.go:104.2,104.13 1 1
github.com/afreidah/s3-orchestrator/internal/config/cache.go:32.57,33.17 1 1
github.com/afreidah/s3-orchestrator/internal/config/cache.go:33.17,35.3 1 1
github.com/afreidah/s3-orchestrator/internal/config/cache.go:37.2,40.17 2 0
github.com/afreidah/s3-orchestrator/internal/config/cache.go:40.17,42.3 1 0
github.com/afreidah/s3-orchestrator/internal/config/cache.go:45.2,45.22 1 0
github.com/afreidah/s3-orchestrator/internal/config/cache.go:45.22,47.3 1 0
github.com/afreidah/s3-orchestrator/internal/config/cache.go:48.2,49.9 2 0
github.com/afreidah/s3-orchestrator/internal/config/cache.go:50.18,51.61 1 0
github.com/afreidah/s3-orchestrator/internal/config/cache.go:52.20,53.50 1 0
github.com/afreidah/s3-orchestrator/internal/config/cache.go:54.10,55.28 1 0
github.com/afreidah/s3-orchestrator/internal/config/cache.go:59.2,59.28 1 0
github.com/afreidah/s3-orchestrator/internal/config/cache.go:59.28,61.3 1 0
github.com/afreidah/s3-orchestrator/internal/config/cache.go:62.2,63.9 2 0
github.com/afreidah/s3-orchestrator/internal/config/cache.go:64.18,65.68 1 0
github.com/afreidah/s3-orchestrator/internal/config/cache.go:66.19,67.52 1 0
github.com/afreidah/s3-orchestrator/internal/config/cache.go:68.10,69.33 1 0
github.com/afreidah/s3-orchestrator/internal/config/cache.go:72.2,72.97 1 0
github.com/afreidah/s3-orchestrator/internal/config/cache.go:72.97,74.3 1 0
github.com/afreidah/s3-orchestrator/internal/config/cache.go:76.2,76.13 1 0
github.com/afreidah/s3-orchestrator/internal/config/cache.go:82.45,83.13 1 0
github.com/afreidah/s3-orchestrator/internal/config/cache.go:83.13,85.3 1 0
github.com/afreidah/s3-orchestrator/internal/config/cache.go:88.2,93.9 5 0
github.com/afreidah/s3-orchestrator/internal/config/cache.go:94.30,96.24 2 0
github.com/afreidah/s3-orchestrator/internal/config/cache.go:97.30,99.24 2 0
github.com/afreidah/s3-orchestrator/internal/config/cache.go:100.30,102.24 2 0
github.com/afreidah/s3-orchestrator/internal/config/cache.go:103.29,104.24 1 0
github.com/afreidah/s3-orchestrator/internal/config/cache.go:105.10,106.13 1 0
github.com/afreidah/s3-orchestrator/internal/config/cache.go:109.2,110.18 2 0
github.com/afreidah/s3-orchestrator/internal/config/cache.go:110.18,112.3 1 0
github.com/afreidah/s3-orchestrator/internal/config/cache.go:113.2,114.16 2 0
github.com/afreidah/s3-orchestrator/internal/config/cache.go:114.16,116.3 1 0
github.com/afreidah/s3-orchestrator/internal/config/cache.go:117.2,117.13 1 0
github.com/afreidah/s3-orchestrator/internal/config/cache.go:117.13,119.3 1 0
github.com/afreidah/s3-orchestrator/internal/config/cache.go:122.2,122.54 1 0
github.com/afreidah/s3-orchestrator/internal/config/cache.go:122.54,124.3 1 0
github.com/afreidah/s3-orchestrator/internal/config/cache.go:125.2,125.30 1 0
github.com/afreidah/s3-orchestrator/internal/config/cache.go:129.33,130.50 1 0
github.com/afreidah/s3-orchestrator/internal/config/cache.go:130.50,132.3 1 0
github.com/afreidah/s3-orchestrator/internal/config/cache.go:133.2,133.64 1 0
github.com/afreidah/s3-orchestrator/internal/config/cache.go:133.64,135.3 1 0
github.com/afreidah/s3-orchestrator/internal/config/cache.go:136.2,136.10 1 0
github.com/afreidah/s3-orchestrator/internal/config/cache.go:142.31,144.19 2 0
github.com/afreidah/s3-orchestrator/internal/config/cache.go:144.19,146.27 2 0
github.com/afreidah/s3-orchestrator/internal/config/cache.go:146.27,148.4 1 0
github.com/afreidah/s3-orchestrator/internal/config/cache.go:149.3,149.11 1 0
github.com/afreidah/s3-orchestrator/internal/config/cache.go:151.2,151.18 1 0
github.com/afreidah/s3-orchestrator/internal/config/cache.go:155.39,157.2 1 0
github.com/afreidah/s3-orchestrator/internal/config/config.go:79.47,81.16 2 0
github.com/afreidah/s3-orchestrator/internal/config/config.go:81.16,83.3 1 0
github.com/afreidah/s3-orchestrator/internal/config/config.go:85.2,88.63 3 0
github.com/afreidah/s3-orchestrator/internal/config/config.go:88.63,90.3 1 0
github.com/afreidah/s3-orchestrator/internal/config/config.go:92.2,92.53 1 0
github.com/afreidah/s3-orchestrator/internal/config/config.go:92.53,94.3 1 0
github.com/afreidah/s3-orchestrator/internal/config/config.go:96.2,96.18 1 0
github.com/afreidah/s3-orchestrator/internal/config/config.go:106.49,113.2 6 1
github.com/afreidah/s3-orchestrator/internal/config/config.go:118.52,136.20 18 1
github.com/afreidah/s3-orchestrator/internal/config/config.go:136.20,138.3 1 0
github.com/afreidah/s3-orchestrator/internal/config/config.go:139.2,139.13 1 1
github.com/afreidah/s3-orchestrator/internal/config/config.go:145.43,148.37 3 1
github.com/afreidah/s3-orchestrator/internal/config/config.go:148.37,150.3 1 1
github.com/afreidah/s3-orchestrator/internal/config/config.go:151.2,151.54 1 1
github.com/afreidah/s3-orchestrator/internal/config/config.go:151.54,153.3 1 0
github.com/afreidah/s3-orchestrator/internal/config/config.go:157.52,158.29 1 1
github.com/afreidah/s3-orchestrator/internal/config/config.go:158.29,160.3 1 1
github.com/afreidah/s3-orchestrator/internal/config/config.go:161.2,161.76 1 1
github.com/afreidah/s3-orchestrator/internal/config/config.go:161.76,163.3 1 0
github.com/afreidah/s3-orchestrator/internal/config/config.go:164.2,164.12 1 1
github.com/afreidah/s3-orchestrator/internal/config/config.go:170.58,171.26 1 1
github.com/afreidah/s3-orchestrator/internal/config/config.go:171.26,173.3 1 0
github.com/afreidah/s3-orchestrator/internal/config/config.go:174.2,176.28 3 1
github.com/afreidah/s3-orchestrator/internal/config/config.go:176.28,177.36 1 3
github.com/afreidah/s3-orchestrator/internal/config/config.go:177.36,179.4 1 0
github.com/afreidah/s3-orchestrator/internal/config/config.go:181.2,183.42 2 1
github.com/afreidah/s3-orchestrator/internal/config/config.go:183.42,185.3 1 0
github.com/afreidah/s3-orchestrator/internal/config/config.go:186.2,186.53 1 1
github.com/afreidah/s3-orchestrator/internal/config/config.go:186.53,188.3 1 0
github.com/afreidah/s3-orchestrator/internal/config/config.go:189.2,189.31 1 1
github.com/afreidah/s3-orchestrator/internal/config/config.go:189.31,192.3 1 1
github.com/afreidah/s3-orchestrator/internal/config/config.go:193.2,193.13 1 1
github.com/afreidah/s3-orchestrator/internal/config/config.go:203.60,210.2 6 0
github.com/afreidah/s3-orchestrator/internal/config/config.go:214.59,216.38 2 0
github.com/afreidah/s3-orchestrator/internal/config/config.go:216.38,218.3 1 0
github.com/afreidah/s3-orchestrator/internal/config/config.go:219.2,219.60 1 0
github.com/afreidah/s3-orchestrator/internal/config/config.go:219.60,221.3 1 0
github.com/afreidah/s3-orchestrator/internal/config/config.go:222.2,222.54 1 0
github.com/afreidah/s3-orchestrator/internal/config/config.go:222.54,224.3 1 0
github.com/afreidah/s3-orchestrator/internal/config/config.go:225.2,225.56 1 0
github.com/afreidah/s3-orchestrator/internal/config/config.go:225.56,227.3 1 0
github.com/afreidah/s3-orchestrator/internal/config/config.go:228.2,228.52 1 0
github.com/afreidah/s3-orchestrator/internal/config/config.go:228.52,230.3 1 0
github.com/afreidah/s3-orchestrator/internal/config/config.go:231.2,231.44 1 0
github.com/afreidah/s3-orchestrator/internal/config/config.go:231.44,233.3 1 0
github.com/afreidah/s3-orchestrator/internal/config/config.go:234.2,237.38 1 0
github.com/afreidah/s3-orchestrator/internal/config/config.go:237.38,239.3 1 0
github.com/afreidah/s3-orchestrator/internal/config/config.go:240.2,240.44 1 0
github.com/afreidah/s3-orchestrator/internal/config/config.go:240.44,242.3 1 0
github.com/afreidah/s3-orchestrator/internal/config/config.go:243.2,243.24 1 0
github.com/afreidah/s3-orchestrator/internal/config/config.go:243.24,245.3 1 0
github.com/afreidah/s3-orchestrator/internal/config/config.go:246.2,246.16 1 0
github.com/afreidah/s3-orchestrator/internal/config/config.go:252.55,254.34 2 0
github.com/afreidah/s3-orchestrator/internal/config/config.go:254.34,256.3 1 0
github.com/afreidah/s3-orchestrator/internal/config/config.go:257.2,257.36 1 0
github.com/afreidah/s3-orchestrator/internal/config/config.go:257.36,259.3 1 0
github.com/afreidah/s3-orchestrator/internal/config/config.go:260.2,260.22 1 0
github.com/afreidah/s3-orchestrator/internal/config/config.go:260.22,262.3 1 0
github.com/afreidah/s3-orchestrator/internal/config/config.go:263.2,263.46 1 0
github.com/afreidah/s3-orchestrator/internal/config/config.go:263.46,265.3 1 0
github.com/afreidah/s3-orchestrator/internal/config/config.go:266.2,266.60 1 0
github.com/afreidah/s3-orchestrator/internal/config/config.go:266.60,268.3 1 0
github.com/afreidah/s3-orchestrator/internal/config/config.go:269.2,272.56 1 0
github.com/afreidah/s3-orchestrator/internal/config/config.go:272.56,274.3 1 0
github.com/afreidah/s3-orchestrator/internal/config/config.go:275.2,275.48 1 0
github.com/afreidah/s3-orchestrator/internal/config/config.go:275.48,277.3 1 0
github.com/afreidah/s3-orchestrator/internal/config/config.go:278.2,278.16 1 0
github.com/afreidah/s3-orchestrator/internal/config/config.go:283.57,286.22 3 0
github.com/afreidah/s3-orchestrator/internal/config/config.go:286.22,288.3 1 0
github.com/afreidah/s3-orchestrator/internal/config/config.go:289.2,289.38 1 0
github.com/afreidah/s3-orchestrator/internal/config/config.go:289.38,291.3 1 0
github.com/afreidah/s3-orchestrator/internal/config/config.go:292.2,292.12 1 0
github.com/afreidah/s3-orchestrator/internal/config/config.go:299.66,300.26 1 0
github.com/afreidah/s3-orchestrator/internal/config/config.go:300.26,302.3 1 0
github.com/afreidah/s3-orchestrator/internal/config/config.go:303.2,304.21 2 0
github.com/afreidah/s3-orchestrator/internal/config/config.go:304.21,311.43 2 0
github.com/afreidah/s3-orchestrator/internal/config/config.go:311.43,313.4 1 0
github.com/afreidah/s3-orchestrator/internal/config/config.go:315.2,315.16 1 0
github.com/afreidah/s3-orchestrator/internal/config/config.go:323.42,324.14 1 0
github.com/afreidah/s3-orchestrator/internal/config/config.go:324.14,326.3 1 0
github.com/afreidah/s3-orchestrator/internal/config/config.go:327.2,327.12 1 0
github.com/afreidah/s3-orchestrator/internal/config/config.go:333.41,334.11 1 0
github.com/afreidah/s3-orchestrator/internal/config/config.go:335.15,336.25 1 0
github.com/afreidah/s3-orchestrator/internal/config/config.go:337.14,338.24 1 0
github.com/afreidah/s3-orchestrator/internal/config/config.go:339.15,340.25 1 0
github.com/afreidah/s3-orchestrator/internal/config/config.go:341.10,342.24 1 0
github.com/afreidah/s3-orchestrator/internal/config/database.go:41.52,50.2 2 2
github.com/afreidah/s3-orchestrator/internal/config/database.go:53.59,55.20 1 1
github.com/afreidah/s3-orchestrator/internal/config/database.go:55.20,56.19 1 1
github.com/afreidah/s3-orchestrator/internal/config/database.go:56.19,58.4 1 1
github.com/afreidah/s3-orchestrator/internal/config/database.go:58.9,60.4 1 0
github.com/afreidah/s3-orchestrator/internal/config/database.go:63.2,63.18 1 1
github.com/afreidah/s3-orchestrator/internal/config/database.go:64.16,65.28 1 0
github.com/afreidah/s3-orchestrator/internal/config/database.go:66.18,67.30 1 1
github.com/afreidah/s3-orchestrator/internal/config/database.go:68.10,69.97 1 0
github.com/afreidah/s3-orchestrator/internal/config/database.go:77.51,78.18 1 0
github.com/afreidah/s3-orchestrator/internal/config/database.go:78.18,80.3 1 0
github.com/afreidah/s3-orchestrator/internal/config/database.go:81.2,81.12 1 0
github.com/afreidah/s3-orchestrator/internal/config/database.go:88.53,91.18 2 1
github.com/afreidah/s3-orchestrator/internal/config/database.go:91.18,93.3 1 0
github.com/afreidah/s3-orchestrator/internal/config/database.go:94.2,94.22 1 1
github.com/afreidah/s3-orchestrator/internal/config/database.go:94.22,96.3 1 0
github.com/afreidah/s3-orchestrator/internal/config/database.go:97.2,97.18 1 1
github.com/afreidah/s3-orchestrator/internal/config/database.go:97.18,99.3 1 0
github.com/afreidah/s3-orchestrator/internal/config/database.go:100.2,100.17 1 1
github.com/afreidah/s3-orchestrator/internal/config/database.go:100.17,102.3 1 0
github.com/afreidah/s3-orchestrator/internal/config/database.go:103.2,103.21 1 1
github.com/afreidah/s3-orchestrator/internal/config/database.go:103.21,105.3 1 0
github.com/afreidah/s3-orchestrator/internal/config/database.go:106.2,106.21 1 1
github.com/afreidah/s3-orchestrator/internal/config/database.go:106.21,108.3 1 1
github.com/afreidah/s3-orchestrator/internal/config/database.go:109.2,109.21 1 1
github.com/afreidah/s3-orchestrator/internal/config/database.go:109.21,111.3 1 1
github.com/afreidah/s3-orchestrator/internal/config/database.go:112.2,112.28 1 1
github.com/afreidah/s3-orchestrator/internal/config/database.go:112.28,114.3 1 1
github.com/afreidah/s3-orchestrator/internal/config/database.go:116.2,116.29 1 1
github.com/afreidah/s3-orchestrator/internal/config/database.go:116.29,118.3 1 0
github.com/afreidah/s3-orchestrator/internal/config/database.go:120.2,120.13 1 1
github.com/afreidah/s3-orchestrator/internal/config/encryption.go:56.61,57.16 1 1
github.com/afreidah/s3-orchestrator/internal/config/encryption.go:57.16,59.3 1 1
github.com/afreidah/s3-orchestrator/internal/config/encryption.go:60.2,66.20 7 0
github.com/afreidah/s3-orchestrator/internal/config/encryption.go:66.20,68.3 1 0
github.com/afreidah/s3-orchestrator/internal/config/encryption.go:69.2,69.13 1 0
github.com/afreidah/s3-orchestrator/internal/config/encryption.go:74.56,75.22 1 0
github.com/afreidah/s3-orchestrator/internal/config/encryption.go:75.22,77.3 1 0
github.com/afreidah/s3-orchestrator/internal/config/encryption.go:78.2,79.31 2 0
github.com/afreidah/s3-orchestrator/internal/config/encryption.go:79.31,81.3 1 0
github.com/afreidah/s3-orchestrator/internal/config/encryption.go:82.2,82.20 1 0
github.com/afreidah/s3-orchestrator/internal/config/encryption.go:82.20,84.3 1 0
github.com/afreidah/s3-orchestrator/internal/config/encryption.go:85.2,85.12 1 0
github.com/afreidah/s3-orchestrator/internal/config/encryption.go:90.57,92.23 2 0
github.com/afreidah/s3-orchestrator/internal/config/encryption.go:92.23,94.3 1 0
github.com/afreidah/s3-orchestrator/internal/config/encryption.go:95.2,95.27 1 0
github.com/afreidah/s3-orchestrator/internal/config/encryption.go:95.27,97.3 1 0
github.com/afreidah/s3-orchestrator/internal/config/encryption.go:98.2,98.20 1 0
github.com/afreidah/s3-orchestrator/internal/config/encryption.go:98.20,100.3 1 0
github.com/afreidah/s3-orchestrator/internal/config/encryption.go:101.2,101.9 1 0
github.com/afreidah/s3-orchestrator/internal/config/encryption.go:102.20,103.39 1 0
github.com/afreidah/s3-orchestrator/internal/config/encryption.go:104.19,105.40 1 0
github.com/afreidah/s3-orchestrator/internal/config/encryption.go:107.2,107.12 1 0
github.com/afreidah/s3-orchestrator/internal/config/encryption.go:113.50,114.21 1 0
github.com/afreidah/s3-orchestrator/internal/config/encryption.go:114.21,116.3 1 0
github.com/afreidah/s3-orchestrator/internal/config/encryption.go:117.2,118.16 2 0
github.com/afreidah/s3-orchestrator/internal/config/encryption.go:118.16,120.3 1 0
github.com/afreidah/s3-orchestrator/internal/config/encryption.go:121.2,121.25 1 0
github.com/afreidah/s3-orchestrator/internal/config/encryption.go:121.25,123.3 1 0
github.com/afreidah/s3-orchestrator/internal/config/encryption.go:124.2,124.12 1 0
github.com/afreidah/s3-orchestrator/internal/config/encryption.go:129.49,130.16 1 0
github.com/afreidah/s3-orchestrator/internal/config/encryption.go:130.16,132.3 1 0
github.com/afreidah/s3-orchestrator/internal/config/encryption.go:133.2,134.16 2 0
github.com/afreidah/s3-orchestrator/internal/config/encryption.go:134.16,136.3 1 0
github.com/afreidah/s3-orchestrator/internal/config/encryption.go:137.2,137.23 1 0
github.com/afreidah/s3-orchestrator/internal/config/encryption.go:137.23,139.3 1 0
github.com/afreidah/s3-orchestrator/internal/config/encryption.go:140.2,140.12 1 0
github.com/afreidah/s3-orchestrator/internal/config/encryption.go:146.50,148.26 2 0
github.com/afreidah/s3-orchestrator/internal/config/encryption.go:148.26,150.17 2 0
github.com/afreidah/s3-orchestrator/internal/config/encryption.go:150.17,152.12 2 0
github.com/afreidah/s3-orchestrator/internal/config/encryption.go:154.3,154.26 1 0
github.com/afreidah/s3-orchestrator/internal/config/encryption.go:154.26,156.4 1 0
github.com/afreidah/s3-orchestrator/internal/config/encryption.go:158.2,158.13 1 0
github.com/afreidah/s3-orchestrator/internal/config/encryption.go:162.63,165.21 2 0
github.com/afreidah/s3-orchestrator/internal/config/encryption.go:165.21,167.3 1 0
github.com/afreidah/s3-orchestrator/internal/config/encryption.go:168.2,168.40 1 0
github.com/afreidah/s3-orchestrator/internal/config/encryption.go:168.40,170.3 1 0
github.com/afreidah/s3-orchestrator/internal/config/encryption.go:171.2,171.40 1 0
github.com/afreidah/s3-orchestrator/internal/config/encryption.go:171.40,173.3 1 0
github.com/afreidah/s3-orchestrator/internal/config/encryption.go:174.2,174.21 1 0
github.com/afreidah/s3-orchestrator/internal/config/encryption.go:174.21,176.3 1 0
github.com/afreidah/s3-orchestrator/internal/config/encryption.go:177.2,177.23 1 0
github.com/afreidah/s3-orchestrator/internal/config/encryption.go:177.23,179.3 1 0
github.com/afreidah/s3-orchestrator/internal/config/encryption.go:180.2,180.26 1 0
github.com/afreidah/s3-orchestrator/internal/config/encryption.go:180.26,182.3 1 0
github.com/afreidah/s3-orchestrator/internal/config/encryption.go:184.2,184.13 1 0
github.com/afreidah/s3-orchestrator/internal/config/errors.go:25.52,27.2 1 0
github.com/afreidah/s3-orchestrator/internal/config/errors.go:32.73,34.2 1 0
github.com/afreidah/s3-orchestrator/internal/config/errors.go:40.43,42.2 1 0
github.com/afreidah/s3-orchestrator/internal/config/integrity.go:33.59,34.17 1 0
github.com/afreidah/s3-orchestrator/internal/config/integrity.go:34.17,36.3 1 0
github.com/afreidah/s3-orchestrator/internal/config/integrity.go:37.2,37.33 1 0
github.com/afreidah/s3-orchestrator/internal/config/integrity.go:37.33,39.3 1 0
github.com/afreidah/s3-orchestrator/internal/config/integrity.go:40.2,40.30 1 0
github.com/afreidah/s3-orchestrator/internal/config/integrity.go:48.61,49.17 1 1
github.com/afreidah/s3-orchestrator/internal/config/integrity.go:49.17,51.3 1 1
github.com/afreidah/s3-orchestrator/internal/config/integrity.go:53.2,53.31 1 0
github.com/afreidah/s3-orchestrator/internal/config/integrity.go:53.31,55.3 1 0
github.com/afreidah/s3-orchestrator/internal/config/integrity.go:57.2,57.29 1 0
github.com/afreidah/s3-orchestrator/internal/config/integrity.go:57.29,59.3 1 0
github.com/afreidah/s3-orchestrator/internal/config/integrity.go:61.2,61.12 1 0
github.com/afreidah/s3-orchestrator/internal/config/notifications.go:36.63,38.29 2 1
github.com/afreidah/s3-orchestrator/internal/config/notifications.go:38.29,40.19 2 0
github.com/afreidah/s3-orchestrator/internal/config/notifications.go:40.19,42.4 1 0
github.com/afreidah/s3-orchestrator/internal/config/notifications.go:43.3,43.26 1 0
github.com/afreidah/s3-orchestrator/internal/config/notifications.go:43.26,45.4 1 0
github.com/afreidah/s3-orchestrator/internal/config/notifications.go:46.3,46.22 1 0
github.com/afreidah/s3-orchestrator/internal/config/notifications.go:46.22,48.4 1 0
github.com/afreidah/s3-orchestrator/internal/config/notifications.go:49.3,49.25 1 0
github.com/afreidah/s3-orchestrator/internal/config/notifications.go:49.25,51.4 1 0
github.com/afreidah/s3-orchestrator/internal/config/notifications.go:53.2,53.13 1 1
github.com/afreidah/s3-orchestrator/internal/config/ratelimit.go:53.60,59.40 2 1
github.com/afreidah/s3-orchestrator/internal/config/ratelimit.go:59.40,60.51 1 0
github.com/afreidah/s3-orchestrator/internal/config/ratelimit.go:60.51,62.4 1 0
github.com/afreidah/s3-orchestrator/internal/config/ratelimit.go:65.2,65.16 1 1
github.com/afreidah/s3-orchestrator/internal/config/ratelimit.go:65.16,67.3 1 1
github.com/afreidah/s3-orchestrator/internal/config/ratelimit.go:69.2,69.27 1 0
github.com/afreidah/s3-orchestrator/internal/config/ratelimit.go:69.27,71.3 1 0
github.com/afreidah/s3-orchestrator/internal/config/ratelimit.go:72.2,72.18 1 0
github.com/afreidah/s3-orchestrator/internal/config/ratelimit.go:72.18,74.3 1 0
github.com/afreidah/s3-orchestrator/internal/config/ratelimit.go:75.2,75.28 1 0
github.com/afreidah/s3-orchestrator/internal/config/ratelimit.go:75.28,77.3 1 0
github.com/afreidah/s3-orchestrator/internal/config/ratelimit.go:78.2,78.26 1 0
github.com/afreidah/s3-orchestrator/internal/config/ratelimit.go:78.26,80.3 1 0
github.com/afreidah/s3-orchestrator/internal/config/ratelimit.go:82.2,82.27 1 0
github.com/afreidah/s3-orchestrator/internal/config/ratelimit.go:82.27,84.3 1 0
github.com/afreidah/s3-orchestrator/internal/config/ratelimit.go:85.2,85.18 1 0
github.com/afreidah/s3-orchestrator/internal/config/ratelimit.go:85.18,87.3 1 0
github.com/afreidah/s3-orchestrator/internal/config/ratelimit.go:89.2,89.13 1 0
github.com/afreidah/s3-orchestrator/internal/config/ratelimit.go:93.47,94.30 1 1
github.com/afreidah/s3-orchestrator/internal/config/ratelimit.go:94.30,96.3 1 0
github.com/afreidah/s3-orchestrator/internal/config/ratelimit.go:97.2,97.25 1 1
github.com/afreidah/s3-orchestrator/internal/config/ratelimit.go:97.25,99.3 1 0
github.com/afreidah/s3-orchestrator/internal/config/ratelimit.go:100.2,100.22 1 1
github.com/afreidah/s3-orchestrator/internal/config/ratelimit.go:100.22,102.3 1 0
github.com/afreidah/s3-orchestrator/internal/config/ratelimit.go:106.55,107.18 1 1
github.com/afreidah/s3-orchestrator/internal/config/ratelimit.go:107.18,109.3 1 1
github.com/afreidah/s3-orchestrator/internal/config/ratelimit.go:110.2,110.31 1 0
github.com/afreidah/s3-orchestrator/internal/config/ratelimit.go:110.31,112.3 1 0
github.com/afreidah/s3-orchestrator/internal/config/ratelimit.go:113.2,113.26 1 0
github.com/afreidah/s3-orchestrator/internal/config/ratelimit.go:113.26,115.3 1 0
github.com/afreidah/s3-orchestrator/internal/config/redis.go:33.56,36.21 2 0
github.com/afreidah/s3-orchestrator/internal/config/redis.go:36.21,38.3 1 0
github.com/afreidah/s3-orchestrator/internal/config/redis.go:39.2,39.23 1 0
github.com/afreidah/s3-orchestrator/internal/config/redis.go:39.23,41.3 1 0
github.com/afreidah/s3-orchestrator/internal/config/redis.go:42.2,42.29 1 0
github.com/afreidah/s3-orchestrator/internal/config/redis.go:42.29,44.3 1 0
github.com/afreidah/s3-orchestrator/internal/config/redis.go:45.2,45.24 1 0
github.com/afreidah/s3-orchestrator/internal/config/redis.go:45.24,47.3 1 0
github.com/afreidah/s3-orchestrator/internal/config/redis.go:49.2,49.28 1 0
github.com/afreidah/s3-orchestrator/internal/config/redis.go:49.28,51.3 1 0
github.com/afreidah/s3-orchestrator/internal/config/redis.go:52.2,52.23 1 0
github.com/afreidah/s3-orchestrator/internal/config/redis.go:52.23,54.3 1 0
github.com/afreidah/s3-orchestrator/internal/config/redis.go:56.2,56.13 1 0
github.com/afreidah/s3-orchestrator/internal/config/server.go:60.57,68.2 7 1
github.com/afreidah/s3-orchestrator/internal/config/server.go:72.49,74.24 2 1
github.com/afreidah/s3-orchestrator/internal/config/server.go:74.24,76.3 1 0
github.com/afreidah/s3-orchestrator/internal/config/server.go:77.2,77.22 1 1
github.com/afreidah/s3-orchestrator/internal/config/server.go:77.22,79.3 1 1
github.com/afreidah/s3-orchestrator/internal/config/server.go:80.2,80.20 1 1
github.com/afreidah/s3-orchestrator/internal/config/server.go:81.40,81.40 0 1
github.com/afreidah/s3-orchestrator/internal/config/server.go:82.10,83.115 1 0
github.com/afreidah/s3-orchestrator/internal/config/server.go:85.2,85.26 1 1
github.com/afreidah/s3-orchestrator/internal/config/server.go:85.26,87.3 1 1
github.com/afreidah/s3-orchestrator/internal/config/server.go:88.2,88.13 1 1
github.com/afreidah/s3-orchestrator/internal/config/server.go:93.54,95.33 2 1
github.com/afreidah/s3-orchestrator/internal/config/server.go:95.33,97.3 1 0
github.com/afreidah/s3-orchestrator/internal/config/server.go:98.2,98.93 1 1
github.com/afreidah/s3-orchestrator/internal/config/server.go:98.93,100.3 1 1
github.com/afreidah/s3-orchestrator/internal/config/server.go:101.2,101.30 1 1
github.com/afreidah/s3-orchestrator/internal/config/server.go:101.30,103.3 1 0
github.com/afreidah/s3-orchestrator/internal/config/server.go:104.2,104.31 1 1
github.com/afreidah/s3-orchestrator/internal/config/server.go:104.31,106.3 1 0
github.com/afreidah/s3-orchestrator/internal/config/server.go:107.2,107.87 1 1
github.com/afreidah/s3-orchestrator/internal/config/server.go:107.87,109.3 1 0
github.com/afreidah/s3-orchestrator/internal/config/server.go:110.2,110.25 1 1
github.com/afreidah/s3-orchestrator/internal/config/server.go:110.25,112.3 1 0
github.com/afreidah/s3-orchestrator/internal/config/server.go:113.2,113.13 1 1
github.com/afreidah/s3-orchestrator/internal/config/server.go:118.47,119.27 1 1
github.com/afreidah/s3-orchestrator/internal/config/server.go:119.27,121.3 1 1
github.com/afreidah/s3-orchestrator/internal/config/server.go:122.2,122.30 1 1
github.com/afreidah/s3-orchestrator/internal/config/server.go:122.30,124.3 1 1
github.com/afreidah/s3-orchestrator/internal/config/server.go:125.2,125.24 1 1
github.com/afreidah/s3-orchestrator/internal/config/server.go:125.24,127.3 1 1
github.com/afreidah/s3-orchestrator/internal/config/server.go:128.2,128.25 1 1
github.com/afreidah/s3-orchestrator/internal/config/server.go:128.25,130.3 1 1
github.com/afreidah/s3-orchestrator/internal/config/server.go:131.2,131.24 1 1
github.com/afreidah/s3-orchestrator/internal/config/server.go:131.24,133.3 1 1
github.com/afreidah/s3-orchestrator/internal/config/server.go:138.51,140.41 2 1
github.com/afreidah/s3-orchestrator/internal/config/server.go:140.41,142.3 1 0
github.com/afreidah/s3-orchestrator/internal/config/server.go:143.2,143.39 1 1
github.com/afreidah/s3-orchestrator/internal/config/server.go:143.39,145.3 1 0
github.com/afreidah/s3-orchestrator/internal/config/server.go:146.2,146.13 1 1
github.com/afreidah/s3-orchestrator/internal/config/server.go:151.46,155.23 4 1
github.com/afreidah/s3-orchestrator/internal/config/server.go:155.23,157.3 1 0
github.com/afreidah/s3-orchestrator/internal/config/server.go:158.2,158.23 1 1
github.com/afreidah/s3-orchestrator/internal/config/server.go:158.23,159.29 1 0
github.com/afreidah/s3-orchestrator/internal/config/server.go:159.29,161.4 1 0
github.com/afreidah/s3-orchestrator/internal/config/server.go:162.3,162.61 1 0
github.com/afreidah/s3-orchestrator/internal/config/server.go:162.61,164.4 1 0
github.com/afreidah/s3-orchestrator/internal/config/server.go:166.2,166.13 1 1
github.com/afreidah/s3-orchestrator/internal/config/storage_services.go:77.49,79.2 1 0
github.com/afreidah/s3-orchestrator/internal/config/storage_services.go:108.60,109.23 1 1
github.com/afreidah/s3-orchestrator/internal/config/storage_services.go:109.23,111.3 1 1
github.com/afreidah/s3-orchestrator/internal/config/storage_services.go:113.2,114.22 2 0
github.com/afreidah/s3-orchestrator/internal/config/storage_services.go:114.22,116.3 1 0
github.com/afreidah/s3-orchestrator/internal/config/storage_services.go:117.2,117.31 1 0
github.com/afreidah/s3-orchestrator/internal/config/storage_services.go:117.31,118.24 1 0
github.com/afreidah/s3-orchestrator/internal/config/storage_services.go:118.24,120.4 1 0
github.com/afreidah/s3-orchestrator/internal/config/storage_services.go:121.3,121.31 1 0
github.com/afreidah/s3-orchestrator/internal/config/storage_services.go:121.31,123.4 1 0
github.com/afreidah/s3-orchestrator/internal/config/storage_services.go:125.2,125.13 1 0
github.com/afreidah/s3-orchestrator/internal/config/storage_services.go:129.60,130.16 1 1
github.com/afreidah/s3-orchestrator/internal/config/storage_services.go:130.16,132.3 1 1
github.com/afreidah/s3-orchestrator/internal/config/storage_services.go:134.2,136.22 2 0
github.com/afreidah/s3-orchestrator/internal/config/storage_services.go:136.22,138.3 1 0
github.com/afreidah/s3-orchestrator/internal/config/storage_services.go:139.2,139.21 1 0
github.com/afreidah/s3-orchestrator/internal/config/storage_services.go:139.21,141.3 1 0
github.com/afreidah/s3-orchestrator/internal/config/storage_services.go:142.2,142.22 1 0
github.com/afreidah/s3-orchestrator/internal/config/storage_services.go:142.22,144.3 1 0
github.com/afreidah/s3-orchestrator/internal/config/storage_services.go:145.2,145.22 1 0
github.com/afreidah/s3-orchestrator/internal/config/storage_services.go:145.22,147.3 1 0
github.com/afreidah/s3-orchestrator/internal/config/storage_services.go:148.2,148.24 1 0
github.com/afreidah/s3-orchestrator/internal/config/storage_services.go:148.24,150.3 1 0
github.com/afreidah/s3-orchestrator/internal/config/storage_services.go:152.2,152.52 1 0
github.com/afreidah/s3-orchestrator/internal/config/storage_services.go:152.52,154.3 1 0
github.com/afreidah/s3-orchestrator/internal/config/storage_services.go:155.2,155.21 1 0
github.com/afreidah/s3-orchestrator/internal/config/storage_services.go:155.21,157.3 1 0
github.com/afreidah/s3-orchestrator/internal/config/storage_services.go:158.2,158.22 1 0
github.com/afreidah/s3-orchestrator/internal/config/storage_services.go:158.22,160.3 1 0
github.com/afreidah/s3-orchestrator/internal/config/storage_services.go:161.2,161.40 1 0
github.com/afreidah/s3-orchestrator/internal/config/storage_services.go:161.40,163.3 1 0
github.com/afreidah/s3-orchestrator/internal/config/storage_services.go:164.2,164.24 1 0
github.com/afreidah/s3-orchestrator/internal/config/storage_services.go:164.24,166.3 1 0
github.com/afreidah/s3-orchestrator/internal/config/storage_services.go:168.2,168.13 1 0
github.com/afreidah/s3-orchestrator/internal/config/storage_services.go:172.78,174.19 2 1
github.com/afreidah/s3-orchestrator/internal/config/storage_services.go:174.19,176.3 1 1
github.com/afreidah/s3-orchestrator/internal/config/storage_services.go:177.2,177.18 1 1
github.com/afreidah/s3-orchestrator/internal/config/storage_services.go:177.18,179.3 1 0
github.com/afreidah/s3-orchestrator/internal/config/storage_services.go:180.2,180.18 1 1
github.com/afreidah/s3-orchestrator/internal/config/storage_services.go:180.18,183.3 2 0
github.com/afreidah/s3-orchestrator/internal/config/storage_services.go:184.2,184.13 1 1
github.com/afreidah/s3-orchestrator/internal/config/storage_services.go:191.56,192.27 1 0
github.com/afreidah/s3-orchestrator/internal/config/storage_services.go:192.27,194.3 1 0
github.com/afreidah/s3-orchestrator/internal/config/storage_services.go:195.2,195.22 1 0
github.com/afreidah/s3-orchestrator/internal/config/storage_services.go:195.22,197.3 1 0
github.com/afreidah/s3-orchestrator/internal/config/storage_services.go:198.2,198.31 1 0
github.com/afreidah/s3-orchestrator/internal/config/storage_services.go:198.31,200.3 1 0
github.com/afreidah/s3-orchestrator/internal/config/storage_services.go:201.2,201.24 1 0
github.com/afreidah/s3-orchestrator/internal/config/storage_services.go:201.24,203.3 1 0
github.com/afreidah/s3-orchestrator/internal/config/storage_services.go:208.81,210.29 2 0
github.com/afreidah/s3-orchestrator/internal/config/storage_services.go:210.29,213.3 1 0
github.com/afreidah/s3-orchestrator/internal/config/storage_services.go:214.2,214.27 1 0
github.com/afreidah/s3-orchestrator/internal/config/storage_services.go:214.27,216.3 1 0
github.com/afreidah/s3-orchestrator/internal/config/storage_services.go:217.2,217.22 1 0
github.com/afreidah/s3-orchestrator/internal/config/storage_services.go:217.22,219.3 1 0
github.com/afreidah/s3-orchestrator/internal/config/storage_services.go:220.2,220.13 1 0
github.com/afreidah/s3-orchestrator/internal/config/storage_services.go:227.60,231.23 3 1
github.com/afreidah/s3-orchestrator/internal/config/storage_services.go:231.23,235.21 3 0
github.com/afreidah/s3-orchestrator/internal/config/storage_services.go:235.21,237.4 1 0
github.com/afreidah/s3-orchestrator/internal/config/storage_services.go:238.3,238.28 1 0
github.com/afreidah/s3-orchestrator/internal/config/storage_services.go:238.28,240.4 1 0
github.com/afreidah/s3-orchestrator/internal/config/storage_services.go:241.3,241.25 1 0
github.com/afreidah/s3-orchestrator/internal/config/storage_services.go:241.25,243.4 1 0
github.com/afreidah/s3-orchestrator/internal/config/storage_services.go:244.3,244.28 1 0
github.com/afreidah/s3-orchestrator/internal/config/storage_services.go:247.2,247.13 1 1
github.com/afreidah/s3-orchestrator/internal/config/telemetry.go:37.60,40.26 2 1
github.com/afreidah/s3-orchestrator/internal/config/telemetry.go:40.26,42.3 1 1
github.com/afreidah/s3-orchestrator/internal/config/telemetry.go:43.2,43.52 1 1
github.com/afreidah/s3-orchestrator/internal/config/telemetry.go:43.52,45.3 1 0
github.com/afreidah/s3-orchestrator/internal/config/telemetry.go:46.2,46.51 1 1
github.com/afreidah/s3-orchestrator/internal/config/telemetry.go:46.51,48.3 1 0
github.com/afreidah/s3-orchestrator/internal/config/telemetry.go:50.2,50.13 1 1
github.com/afreidah/s3-orchestrator/internal/config/ui.go:28.53,31.18 2 1
github.com/afreidah/s3-orchestrator/internal/config/ui.go:31.18,33.3 1 1
github.com/afreidah/s3-orchestrator/internal/config/ui.go:34.2,34.15 1 1
github.com/afreidah/s3-orchestrator/internal/config/ui.go:34.15,35.46 1 0
github.com/afreidah/s3-orchestrator/internal/config/ui.go:35.46,37.4 1 0
github.com/afreidah/s3-orchestrator/internal/config/ui.go:38.3,38.28 1 0
github.com/afreidah/s3-orchestrator/internal/config/ui.go:38.28,40.4 1 0
github.com/afreidah/s3-orchestrator/internal/config/ui.go:43.2,43.13 1 1
github.com/afreidah/s3-orchestrator/internal/config/usage.go:32.61,35.21 2 1
github.com/afreidah/s3-orchestrator/internal/config/usage.go:35.21,37.3 1 1
github.com/afreidah/s3-orchestrator/internal/config/usage.go:38.2,38.30 1 1
github.com/afreidah/s3-orchestrator/internal/config/usage.go:38.30,40.3 1 1
github.com/afreidah/s3-orchestrator/internal/config/usage.go:41.2,41.25 1 1
github.com/afreidah/s3-orchestrator/internal/config/usage.go:41.25,43.3 1 1
github.com/afreidah/s3-orchestrator/internal/config/usage.go:45.2,45.21 1 1
github.com/afreidah/s3-orchestrator/internal/config/usage.go:45.21,47.3 1 0
github.com/afreidah/s3-orchestrator/internal/config/usage.go:48.2,48.58 1 1
github.com/afreidah/s3-orchestrator/internal/config/usage.go:48.58,50.3 1 0
github.com/afreidah/s3-orchestrator/internal/config/usage.go:51.2,51.25 1 1
github.com/afreidah/s3-orchestrator/internal/config/usage.go:51.25,53.3 1 0
github.com/afreidah/s3-orchestrator/internal/config/usage.go:54.2,54.34 1 1
github.com/afreidah/s3-orchestrator/internal/config/usage.go:54.34,56.3 1 0
github.com/afreidah/s3-orchestrator/internal/config/usage.go:58.2,58.13 1 1
github.com/afreidah/s3-orchestrator/internal/counter/local.go:35.73,37.36 2 34
github.com/afreidah/s3-orchestrator/internal/counter/local.go:37.36,39.3 1 69
github.com/afreidah/s3-orchestrator/internal/counter/local.go:40.2,40.49 1 34
github.com/afreidah/s3-orchestrator/internal/counter/local.go:48.51,52.31 4 0
github.com/afreidah/s3-orchestrator/internal/counter/local.go:52.31,54.3 1 0
github.com/afreidah/s3-orchestrator/internal/counter/local.go:55.2,55.14 1 0
github.com/afreidah/s3-orchestrator/internal/counter/local.go:59.71,61.14 2 0
github.com/afreidah/s3-orchestrator/internal/counter/local.go:61.14,63.3 1 0
github.com/afreidah/s3-orchestrator/internal/counter/local.go:64.2,64.15 1 0
github.com/afreidah/s3-orchestrator/internal/counter/local.go:65.24,66.27 1 0
github.com/afreidah/s3-orchestrator/internal/counter/local.go:67.24,68.27 1 0
github.com/afreidah/s3-orchestrator/internal/counter/local.go:69.25,70.28 1 0
github.com/afreidah/s3-orchestrator/internal/counter/local.go:75.65,77.14 2 0
github.com/afreidah/s3-orchestrator/internal/counter/local.go:77.14,79.3 1 0
github.com/afreidah/s3-orchestrator/internal/counter/local.go:80.2,80.15 1 0
github.com/afreidah/s3-orchestrator/internal/counter/local.go:81.24,82.30 1 0
github.com/afreidah/s3-orchestrator/internal/counter/local.go:83.24,84.30 1 0
github.com/afreidah/s3-orchestrator/internal/counter/local.go:85.25,86.31 1 0
github.com/afreidah/s3-orchestrator/internal/counter/local.go:88.2,88.10 1 0
github.com/afreidah/s3-orchestrator/internal/counter/local.go:92.65,94.14 2 0
github.com/afreidah/s3-orchestrator/internal/counter/local.go:94.14,96.3 1 0
github.com/afreidah/s3-orchestrator/internal/counter/local.go:97.2,97.15 1 0
github.com/afreidah/s3-orchestrator/internal/counter/local.go:98.24,99.31 1 0
github.com/afreidah/s3-orchestrator/internal/counter/local.go:100.24,101.31 1 0
github.com/afreidah/s3-orchestrator/internal/counter/local.go:102.25,103.32 1 0
github.com/afreidah/s3-orchestrator/internal/counter/local.go:105.2,105.10 1 0
github.com/afreidah/s3-orchestrator/internal/counter/local.go:112.86,114.14 2 557
github.com/afreidah/s3-orchestrator/internal/counter/local.go:114.14,116.3 1 0
github.com/afreidah/s3-orchestrator/internal/counter/local.go:117.2,117.17 1 557
github.com/afreidah/s3-orchestrator/internal/counter/local.go:117.17,119.3 1 557
github.com/afreidah/s3-orchestrator/internal/counter/local.go:120.2,120.16 1 557
github.com/afreidah/s3-orchestrator/internal/counter/local.go:120.16,122.3 1 136
github.com/afreidah/s3-orchestrator/internal/counter/local.go:123.2,123.17 1 557
github.com/afreidah/s3-orchestrator/internal/counter/local.go:123.17,125.3 1 314
github.com/afreidah/s3-orchestrator/internal/counter/local.go:132.69,134.14 2 0
github.com/afreidah/s3-orchestrator/internal/counter/local.go:134.14,136.3 1 0
github.com/afreidah/s3-orchestrator/internal/counter/local.go:137.2,141.3 1 0
github.com/afreidah/s3-orchestrator/internal/counter/local.go:146.69,148.14 2 0
github.com/afreidah/s3-orchestrator/internal/counter/local.go:148.14,150.3 1 0
github.com/afreidah/s3-orchestrator/internal/counter/local.go:151.2,155.3 1 0
github.com/afreidah/s3-orchestrator/internal/counter/local.go:162.74,166.24 4 0
github.com/afreidah/s3-orchestrator/internal/counter/local.go:166.24,168.3 1 0
github.com/afreidah/s3-orchestrator/internal/counter/local.go:169.2,173.27 4 0
github.com/afreidah/s3-orchestrator/internal/counter/local.go:173.27,179.3 1 0
github.com/afreidah/s3-orchestrator/internal/counter/local.go:180.2,180.15 1 0
github.com/afreidah/s3-orchestrator/internal/counter/local.go:188.66,193.2 4 557
github.com/afreidah/s3-orchestrator/internal/counter/redis.go:98.127,101.47 3 7
github.com/afreidah/s3-orchestrator/internal/counter/redis.go:101.47,103.3 1 0
github.com/afreidah/s3-orchestrator/internal/counter/redis.go:105.2,106.103 2 7
github.com/afreidah/s3-orchestrator/internal/counter/redis.go:106.103,108.3 1 16
github.com/afreidah/s3-orchestrator/internal/counter/redis.go:109.2,128.15 5 7
github.com/afreidah/s3-orchestrator/internal/counter/redis.go:136.51,138.2 1 1
github.com/afreidah/s3-orchestrator/internal/counter/redis.go:141.71,142.20 1 6
github.com/afreidah/s3-orchestrator/internal/counter/redis.go:142.20,145.3 2 0
github.com/afreidah/s3-orchestrator/internal/counter/redis.go:147.2,152.16 5 6
github.com/afreidah/s3-orchestrator/internal/counter/redis.go:152.16,157.3 4 0
github.com/afreidah/s3-orchestrator/internal/counter/redis.go:158.2,162.35 3 6
github.com/afreidah/s3-orchestrator/internal/counter/redis.go:166.65,167.20 1 6
github.com/afreidah/s3-orchestrator/internal/counter/redis.go:167.20,169.3 1 0
github.com/afreidah/s3-orchestrator/internal/counter/redis.go:171.2,176.46 5 6
github.com/afreidah/s3-orchestrator/internal/counter/redis.go:176.46,180.3 3 0
github.com/afreidah/s3-orchestrator/internal/counter/redis.go:181.2,183.12 3 6
github.com/afreidah/s3-orchestrator/internal/counter/redis.go:187.65,188.20 1 1
github.com/afreidah/s3-orchestrator/internal/counter/redis.go:188.20,190.3 1 0
github.com/afreidah/s3-orchestrator/internal/counter/redis.go:192.2,197.46 5 1
github.com/afreidah/s3-orchestrator/internal/counter/redis.go:197.46,201.3 3 0
github.com/afreidah/s3-orchestrator/internal/counter/redis.go:202.2,204.12 3 1
github.com/afreidah/s3-orchestrator/internal/counter/redis.go:208.86,209.20 1 2
github.com/afreidah/s3-orchestrator/internal/counter/redis.go:209.20,212.3 2 0
github.com/afreidah/s3-orchestrator/internal/counter/redis.go:214.2,214.49 1 2
github.com/afreidah/s3-orchestrator/internal/counter/redis.go:214.49,216.3 1 0
github.com/afreidah/s3-orchestrator/internal/counter/redis.go:218.2,222.17 4 2
github.com/afreidah/s3-orchestrator/internal/counter/redis.go:222.17,226.3 3 2
github.com/afreidah/s3-orchestrator/internal/counter/redis.go:227.2,227.16 1 2
github.com/afreidah/s3-orchestrator/internal/counter/redis.go:227.16,231.3 3 2
github.com/afreidah/s3-orchestrator/internal/counter/redis.go:232.2,232.17 1 2
github.com/afreidah/s3-orchestrator/internal/counter/redis.go:232.17,236.3 3 1
github.com/afreidah/s3-orchestrator/internal/counter/redis.go:238.2,239.16 2 2
github.com/afreidah/s3-orchestrator/internal/counter/redis.go:239.16,244.3 4 0
github.com/afreidah/s3-orchestrator/internal/counter/redis.go:245.2,246.38 2 2
github.com/afreidah/s3-orchestrator/internal/counter/redis.go:250.69,251.20 1 1
github.com/afreidah/s3-orchestrator/internal/counter/redis.go:251.20,253.3 1 0
github.com/afreidah/s3-orchestrator/internal/counter/redis.go:255.2,264.34 8 1
github.com/afreidah/s3-orchestrator/internal/counter/redis.go:264.34,268.3 3 0
github.com/afreidah/s3-orchestrator/internal/counter/redis.go:269.2,276.3 3 1
github.com/afreidah/s3-orchestrator/internal/counter/redis.go:286.45,291.6 4 7
github.com/afreidah/s3-orchestrator/internal/counter/redis.go:291.6,292.10 1 7
github.com/afreidah/s3-orchestrator/internal/counter/redis.go:293.19,294.24 1 0
github.com/afreidah/s3-orchestrator/internal/counter/redis.go:294.24,295.13 1 0
github.com/afreidah/s3-orchestrator/internal/counter/redis.go:297.4,297.18 1 0
github.com/afreidah/s3-orchestrator/internal/counter/redis.go:298.22,299.10 1 7
github.com/afreidah/s3-orchestrator/internal/counter/redis.go:308.44,312.49 3 0
github.com/afreidah/s3-orchestrator/internal/counter/redis.go:312.49,314.3 1 0
github.com/afreidah/s3-orchestrator/internal/counter/redis.go:316.2,327.33 4 0
github.com/afreidah/s3-orchestrator/internal/counter/redis.go:327.33,328.24 1 0
github.com/afreidah/s3-orchestrator/internal/counter/redis.go:328.24,332.4 3 0
github.com/afreidah/s3-orchestrator/internal/counter/redis.go:333.3,333.24 1 0
github.com/afreidah/s3-orchestrator/internal/counter/redis.go:333.24,337.4 3 0
github.com/afreidah/s3-orchestrator/internal/counter/redis.go:338.3,338.25 1 0
github.com/afreidah/s3-orchestrator/internal/counter/redis.go:338.25,342.4 3 0
github.com/afreidah/s3-orchestrator/internal/counter/redis.go:345.2,345.42 1 0
github.com/afreidah/s3-orchestrator/internal/counter/redis.go:345.42,348.34 1 0
github.com/afreidah/s3-orchestrator/internal/counter/redis.go:348.34,350.4 1 0
github.com/afreidah/s3-orchestrator/internal/counter/redis.go:351.3,352.9 2 0
github.com/afreidah/s3-orchestrator/internal/counter/redis.go:356.2,359.96 3 0
github.com/afreidah/s3-orchestrator/internal/counter/redis.go:367.49,371.2 3 16
github.com/afreidah/s3-orchestrator/internal/counter/redis.go:374.51,378.7 4 0
github.com/afreidah/s3-orchestrator/internal/counter/redis.go:378.7,380.3 1 0
github.com/afreidah/s3-orchestrator/internal/counter/redis.go:380.8,382.3 1 0
github.com/afreidah/s3-orchestrator/internal/counter/redis.go:390.69,391.50 1 16
github.com/afreidah/s3-orchestrator/internal/counter/redis.go:391.50,395.3 2 0
github.com/afreidah/s3-orchestrator/internal/counter/redis.go:401.56,403.42 2 0
github.com/afreidah/s3-orchestrator/internal/counter/redis.go:403.42,406.3 2 0
github.com/afreidah/s3-orchestrator/internal/counter/redis.go:414.65,416.2 1 21
github.com/afreidah/s3-orchestrator/internal/counter/redis.go:419.82,421.2 1 21
github.com/afreidah/s3-orchestrator/internal/counter/redis.go:429.43,431.16 2 3
github.com/afreidah/s3-orchestrator/internal/counter/redis.go:431.16,433.3 1 0
github.com/afreidah/s3-orchestrator/internal/counter/redis.go:434.2,434.10 1 3
github.com/afreidah/s3-orchestrator/internal/counter/redis.go:440.31,442.2 1 0
github.com/afreidah/s3-orchestrator/internal/counter/redis.go:449.48,451.2 1 1
github.com/afreidah/s3-orchestrator/internal/counter/redis.go:455.45,456.24 1 7
github.com/afreidah/s3-orchestrator/internal/counter/redis.go:456.24,458.3 1 7
github.com/afreidah/s3-orchestrator/internal/counter/redis.go:459.2,460.25 2 7
github.com/afreidah/s3-orchestrator/internal/counter/tracker.go:38.96,39.19 1 27
github.com/afreidah/s3-orchestrator/internal/counter/tracker.go:39.19,41.3 1 27
github.com/afreidah/s3-orchestrator/internal/counter/tracker.go:42.2,46.3 1 27
github.com/afreidah/s3-orchestrator/internal/counter/tracker.go:50.84,52.2 1 557
github.com/afreidah/s3-orchestrator/internal/counter/tracker.go:72.95,76.9 4 1288
github.com/afreidah/s3-orchestrator/internal/counter/tracker.go:76.9,78.3 1 1288
github.com/afreidah/s3-orchestrator/internal/counter/tracker.go:79.2,79.87 1 0
github.com/afreidah/s3-orchestrator/internal/counter/tracker.go:79.87,81.3 1 0
github.com/afreidah/s3-orchestrator/internal/counter/tracker.go:83.2,89.29 5 0
github.com/afreidah/s3-orchestrator/internal/counter/tracker.go:89.29,90.70 1 0
github.com/afreidah/s3-orchestrator/internal/counter/tracker.go:90.70,92.4 1 0
github.com/afreidah/s3-orchestrator/internal/counter/tracker.go:94.2,94.29 1 0
github.com/afreidah/s3-orchestrator/internal/counter/tracker.go:94.29,95.68 1 0
github.com/afreidah/s3-orchestrator/internal/counter/tracker.go:95.68,97.4 1 0
github.com/afreidah/s3-orchestrator/internal/counter/tracker.go:99.2,99.30 1 0
github.com/afreidah/s3-orchestrator/internal/counter/tracker.go:99.30,100.72 1 0
github.com/afreidah/s3-orchestrator/internal/counter/tracker.go:100.72,102.4 1 0
github.com/afreidah/s3-orchestrator/internal/counter/tracker.go:104.2,104.13 1 0
github.com/afreidah/s3-orchestrator/internal/counter/tracker.go:109.103,111.29 2 0
github.com/afreidah/s3-orchestrator/internal/counter/tracker.go:111.29,112.54 1 0
github.com/afreidah/s3-orchestrator/internal/counter/tracker.go:112.54,114.4 1 0
github.com/afreidah/s3-orchestrator/internal/counter/tracker.go:116.2,116.17 1 0
github.com/afreidah/s3-orchestrator/internal/counter/tracker.go:125.73,129.2 3 0
github.com/afreidah/s3-orchestrator/internal/counter/tracker.go:132.64,138.2 5 0
github.com/afreidah/s3-orchestrator/internal/counter/tracker.go:145.70,149.2 3 0
github.com/afreidah/s3-orchestrator/internal/counter/tracker.go:152.55,155.29 3 0
github.com/afreidah/s3-orchestrator/internal/counter/tracker.go:155.29,157.3 1 0
github.com/afreidah/s3-orchestrator/internal/counter/tracker.go:163.58,169.34 5 0
github.com/afreidah/s3-orchestrator/internal/counter/tracker.go:169.34,170.23 1 0
github.com/afreidah/s3-orchestrator/internal/counter/tracker.go:170.23,171.12 1 0
github.com/afreidah/s3-orchestrator/internal/counter/tracker.go:173.3,175.50 3 0
github.com/afreidah/s3-orchestrator/internal/counter/tracker.go:175.50,177.4 1 0
github.com/afreidah/s3-orchestrator/internal/counter/tracker.go:179.2,179.14 1 0
github.com/afreidah/s3-orchestrator/internal/counter/tracker.go:183.45,185.2 1 0
github.com/afreidah/s3-orchestrator/internal/counter/tracker.go:192.109,193.29 1 0
github.com/afreidah/s3-orchestrator/internal/counter/tracker.go:193.29,194.90 1 0
github.com/afreidah/s3-orchestrator/internal/counter/tracker.go:194.90,196.4 1 0
github.com/afreidah/s3-orchestrator/internal/counter/tracker.go:198.2,198.29 1 0
github.com/afreidah/s3-orchestrator/internal/counter/tracker.go:198.29,199.90 1 0
github.com/afreidah/s3-orchestrator/internal/counter/tracker.go:199.90,201.4 1 0
github.com/afreidah/s3-orchestrator/internal/counter/tracker.go:203.2,203.30 1 0
github.com/afreidah/s3-orchestrator/internal/counter/tracker.go:203.30,204.93 1 0
github.com/afreidah/s3-orchestrator/internal/counter/tracker.go:204.93,206.4 1 0
github.com/afreidah/s3-orchestrator/internal/counter/tracker.go:208.2,208.14 1 0
github.com/afreidah/s3-orchestrator/internal/counter/tracker.go:218.29,220.2 1 21
github.com/afreidah/s3-orchestrator/internal/counter/tracker.go:226.109,230.44 3 0
github.com/afreidah/s3-orchestrator/internal/counter/tracker.go:230.44,235.50 4 0
github.com/afreidah/s3-orchestrator/internal/counter/tracker.go:235.50,236.12 1 0
github.com/afreidah/s3-orchestrator/internal/counter/tracker.go:239.3,239.17 1 0
github.com/afreidah/s3-orchestrator/internal/counter/tracker.go:239.17,240.12 1 0
github.com/afreidah/s3-orchestrator/internal/counter/tracker.go:243.3,243.93 1 0
github.com/afreidah/s3-orchestrator/internal/counter/tracker.go:243.93,250.4 5 0
github.com/afreidah/s3-orchestrator/internal/counter/tracker.go:253.2,253.16 1 0
github.com/afreidah/s3-orchestrator/internal/counter/tracker.go:257.49,259.2 1 0
github.com/afreidah/s3-orchestrator/internal/encryption/chunk.go:75.89,77.16 2 12
github.com/afreidah/s3-orchestrator/internal/encryption/chunk.go:77.16,79.3 1 0
github.com/afreidah/s3-orchestrator/internal/encryption/chunk.go:80.2,81.16 2 12
github.com/afreidah/s3-orchestrator/internal/encryption/chunk.go:81.16,83.3 1 0
github.com/afreidah/s3-orchestrator/internal/encryption/chunk.go:85.2,86.48 2 12
github.com/afreidah/s3-orchestrator/internal/encryption/chunk.go:86.48,88.3 1 0
github.com/afreidah/s3-orchestrator/internal/encryption/chunk.go:91.2,106.8 6 12
github.com/afreidah/s3-orchestrator/internal/encryption/chunk.go:110.53,112.23 1 36
github.com/afreidah/s3-orchestrator/internal/encryption/chunk.go:112.23,116.3 3 12
github.com/afreidah/s3-orchestrator/internal/encryption/chunk.go:119.2,119.20 1 24
github.com/afreidah/s3-orchestrator/internal/encryption/chunk.go:119.20,123.3 3 0
github.com/afreidah/s3-orchestrator/internal/encryption/chunk.go:125.2,125.15 1 24
github.com/afreidah/s3-orchestrator/internal/encryption/chunk.go:125.15,127.3 1 12
github.com/afreidah/s3-orchestrator/internal/encryption/chunk.go:130.2,131.26 2 12
github.com/afreidah/s3-orchestrator/internal/encryption/chunk.go:131.26,134.3 2 0
github.com/afreidah/s3-orchestrator/internal/encryption/chunk.go:135.2,137.49 2 12
github.com/afreidah/s3-orchestrator/internal/encryption/chunk.go:137.49,139.3 1 12
github.com/afreidah/s3-orchestrator/internal/encryption/chunk.go:139.8,139.23 1 0
github.com/afreidah/s3-orchestrator/internal/encryption/chunk.go:139.23,141.3 1 0
github.com/afreidah/s3-orchestrator/internal/encryption/chunk.go:144.2,154.20 9 12
github.com/afreidah/s3-orchestrator/internal/encryption/chunk.go:179.126,181.16 2 10
github.com/afreidah/s3-orchestrator/internal/encryption/chunk.go:181.16,183.3 1 0
github.com/afreidah/s3-orchestrator/internal/encryption/chunk.go:184.2,185.16 2 10
github.com/afreidah/s3-orchestrator/internal/encryption/chunk.go:185.16,187.3 1 0
github.com/afreidah/s3-orchestrator/internal/encryption/chunk.go:189.2,197.8 1 10
github.com/afreidah/s3-orchestrator/internal/encryption/chunk.go:202.53,204.20 1 20
github.com/afreidah/s3-orchestrator/internal/encryption/chunk.go:204.20,208.3 3 0
github.com/afreidah/s3-orchestrator/internal/encryption/chunk.go:210.2,210.15 1 20
github.com/afreidah/s3-orchestrator/internal/encryption/chunk.go:210.15,212.3 1 10
github.com/afreidah/s3-orchestrator/internal/encryption/chunk.go:215.2,216.26 2 10
github.com/afreidah/s3-orchestrator/internal/encryption/chunk.go:216.26,219.3 2 0
github.com/afreidah/s3-orchestrator/internal/encryption/chunk.go:220.2,222.49 2 10
github.com/afreidah/s3-orchestrator/internal/encryption/chunk.go:222.49,224.3 1 10
github.com/afreidah/s3-orchestrator/internal/encryption/chunk.go:224.8,224.23 1 0
github.com/afreidah/s3-orchestrator/internal/encryption/chunk.go:224.23,226.3 1 0
github.com/afreidah/s3-orchestrator/internal/encryption/chunk.go:228.2,228.36 1 10
github.com/afreidah/s3-orchestrator/internal/encryption/chunk.go:228.36,230.3 1 0
github.com/afreidah/s3-orchestrator/internal/encryption/chunk.go:233.2,235.37 3 10
github.com/afreidah/s3-orchestrator/internal/encryption/chunk.go:235.37,237.3 1 0
github.com/afreidah/s3-orchestrator/internal/encryption/chunk.go:238.2,242.16 3 10
github.com/afreidah/s3-orchestrator/internal/encryption/chunk.go:242.16,244.3 1 0
github.com/afreidah/s3-orchestrator/internal/encryption/chunk.go:246.2,249.20 4 10
github.com/afreidah/s3-orchestrator/internal/encryption/chunk.go:279.49,283.2 3 0
github.com/afreidah/s3-orchestrator/internal/encryption/chunk.go:288.48,292.19 4 22
github.com/afreidah/s3-orchestrator/internal/encryption/chunk.go:292.19,294.3 1 176
github.com/afreidah/s3-orchestrator/internal/encryption/chunk.go:303.76,305.47 2 10
github.com/afreidah/s3-orchestrator/internal/encryption/chunk.go:305.47,307.3 1 0
github.com/afreidah/s3-orchestrator/internal/encryption/chunk.go:309.2,310.56 1 10
github.com/afreidah/s3-orchestrator/internal/encryption/chunk.go:310.56,312.3 1 0
github.com/afreidah/s3-orchestrator/internal/encryption/chunk.go:314.2,314.20 1 10
github.com/afreidah/s3-orchestrator/internal/encryption/chunk.go:314.20,316.3 1 0
github.com/afreidah/s3-orchestrator/internal/encryption/chunk.go:318.2,319.13 2 10
github.com/afreidah/s3-orchestrator/internal/encryption/chunk.go:319.13,321.3 1 0
github.com/afreidah/s3-orchestrator/internal/encryption/chunk.go:322.2,325.23 3 10
github.com/afreidah/s3-orchestrator/internal/encryption/encryption.go:65.41,65.60 1 0
github.com/afreidah/s3-orchestrator/internal/encryption/encryption.go:74.76,75.20 1 12
github.com/afreidah/s3-orchestrator/internal/encryption/encryption.go:75.20,77.3 1 0
github.com/afreidah/s3-orchestrator/internal/encryption/encryption.go:78.2,81.8 1 12
github.com/afreidah/s3-orchestrator/internal/encryption/encryption.go:85.37,85.59 1 0
github.com/afreidah/s3-orchestrator/internal/encryption/encryption.go:88.44,88.65 1 0
github.com/afreidah/s3-orchestrator/internal/encryption/encryption.go:98.111,101.42 2 12
github.com/afreidah/s3-orchestrator/internal/encryption/encryption.go:101.42,103.3 1 0
github.com/afreidah/s3-orchestrator/internal/encryption/encryption.go:104.2,105.16 2 12
github.com/afreidah/s3-orchestrator/internal/encryption/encryption.go:105.16,107.3 1 0
github.com/afreidah/s3-orchestrator/internal/encryption/encryption.go:108.2,108.77 1 12
github.com/afreidah/s3-orchestrator/internal/encryption/encryption.go:119.135,121.2 1 0
github.com/afreidah/s3-orchestrator/internal/encryption/encryption.go:129.111,131.41 2 0
github.com/afreidah/s3-orchestrator/internal/encryption/encryption.go:131.41,133.3 1 0
github.com/afreidah/s3-orchestrator/internal/encryption/encryption.go:134.2,135.16 2 0
github.com/afreidah/s3-orchestrator/internal/encryption/encryption.go:135.16,137.3 1 0
github.com/afreidah/s3-orchestrator/internal/encryption/encryption.go:138.2,138.36 1 0
github.com/afreidah/s3-orchestrator/internal/encryption/encryption.go:145.142,147.16 2 12
github.com/afreidah/s3-orchestrator/internal/encryption/encryption.go:147.16,149.3 1 0
github.com/afreidah/s3-orchestrator/internal/encryption/encryption.go:150.2,157.8 1 12
github.com/afreidah/s3-orchestrator/internal/encryption/encryption.go:167.118,169.16 2 11
github.com/afreidah/s3-orchestrator/internal/encryption/encryption.go:169.16,171.3 1 1
github.com/afreidah/s3-orchestrator/internal/encryption/encryption.go:173.2,174.16 2 10
github.com/afreidah/s3-orchestrator/internal/encryption/encryption.go:174.16,176.3 1 0
github.com/afreidah/s3-orchestrator/internal/encryption/encryption.go:178.2,178.61 1 10
github.com/afreidah/s3-orchestrator/internal/encryption/encryption.go:185.166,187.16 2 0
github.com/afreidah/s3-orchestrator/internal/encryption/encryption.go:187.16,189.3 1 0
github.com/afreidah/s3-orchestrator/internal/encryption/encryption.go:191.2,192.16 2 0
github.com/afreidah/s3-orchestrator/internal/encryption/encryption.go:192.16,194.3 1 0
github.com/afreidah/s3-orchestrator/internal/encryption/encryption.go:198.2,199.24 2 0
github.com/afreidah/s3-orchestrator/internal/encryption/encryption.go:199.24,200.69 1 0
github.com/afreidah/s3-orchestrator/internal/encryption/encryption.go:200.69,202.4 1 0
github.com/afreidah/s3-orchestrator/internal/encryption/encryption.go:204.2,206.34 2 0
github.com/afreidah/s3-orchestrator/internal/encryption/encryption.go:215.63,217.2 1 0
github.com/afreidah/s3-orchestrator/internal/encryption/encryption.go:225.55,230.2 4 12
github.com/afreidah/s3-orchestrator/internal/encryption/encryption.go:233.75,234.28 1 13
github.com/afreidah/s3-orchestrator/internal/encryption/encryption.go:234.28,236.3 1 2
github.com/afreidah/s3-orchestrator/internal/encryption/encryption.go:237.2,237.48 1 11
github.com/afreidah/s3-orchestrator/internal/encryption/key.go:60.83,62.16 2 12
github.com/afreidah/s3-orchestrator/internal/encryption/key.go:62.16,64.3 1 0
github.com/afreidah/s3-orchestrator/internal/encryption/key.go:65.2,65.20 1 12
github.com/afreidah/s3-orchestrator/internal/encryption/key.go:65.20,67.3 1 0
github.com/afreidah/s3-orchestrator/internal/encryption/key.go:68.2,68.17 1 12
github.com/afreidah/s3-orchestrator/internal/encryption/key.go:68.17,70.3 1 0
github.com/afreidah/s3-orchestrator/internal/encryption/key.go:71.2,71.56 1 12
github.com/afreidah/s3-orchestrator/internal/encryption/key.go:75.44,75.62 1 0
github.com/afreidah/s3-orchestrator/internal/encryption/key.go:78.92,80.16 2 12
github.com/afreidah/s3-orchestrator/internal/encryption/key.go:80.16,82.3 1 0
github.com/afreidah/s3-orchestrator/internal/encryption/key.go:83.2,83.30 1 12
github.com/afreidah/s3-orchestrator/internal/encryption/key.go:87.103,89.2 1 11
github.com/afreidah/s3-orchestrator/internal/encryption/key.go:105.71,107.16 2 0
github.com/afreidah/s3-orchestrator/internal/encryption/key.go:107.16,109.3 1 0
github.com/afreidah/s3-orchestrator/internal/encryption/key.go:110.2,110.20 1 0
github.com/afreidah/s3-orchestrator/internal/encryption/key.go:110.20,112.3 1 0
github.com/afreidah/s3-orchestrator/internal/encryption/key.go:113.2,113.17 1 0
github.com/afreidah/s3-orchestrator/internal/encryption/key.go:113.17,115.3 1 0
github.com/afreidah/s3-orchestrator/internal/encryption/key.go:116.2,116.54 1 0
github.com/afreidah/s3-orchestrator/internal/encryption/key.go:120.42,120.60 1 0
github.com/afreidah/s3-orchestrator/internal/encryption/key.go:123.90,125.16 2 0
github.com/afreidah/s3-orchestrator/internal/encryption/key.go:125.16,127.3 1 0
github.com/afreidah/s3-orchestrator/internal/encryption/key.go:128.2,128.30 1 0
github.com/afreidah/s3-orchestrator/internal/encryption/key.go:132.101,134.2 1 0
github.com/afreidah/s3-orchestrator/internal/encryption/key.go:152.89,154.29 2 0
github.com/afreidah/s3-orchestrator/internal/encryption/key.go:154.29,156.3 1 0
github.com/afreidah/s3-orchestrator/internal/encryption/key.go:157.2,157.60 1 0
github.com/afreidah/s3-orchestrator/internal/encryption/key.go:161.43,161.71 1 0
github.com/afreidah/s3-orchestrator/internal/encryption/key.go:164.93,166.2 1 0
github.com/afreidah/s3-orchestrator/internal/encryption/key.go:172.108,173.32 1 0
github.com/afreidah/s3-orchestrator/internal/encryption/key.go:173.32,175.3 1 0
github.com/afreidah/s3-orchestrator/internal/encryption/key.go:176.2,176.39 1 0
github.com/afreidah/s3-orchestrator/internal/encryption/key.go:176.39,178.3 1 0
github.com/afreidah/s3-orchestrator/internal/encryption/key.go:179.2,182.112 3 0
github.com/afreidah/s3-orchestrator/internal/encryption/key.go:192.82,196.9 3 0
github.com/afreidah/s3-orchestrator/internal/encryption/key.go:197.27,198.65 1 0
github.com/afreidah/s3-orchestrator/internal/encryption/key.go:199.31,200.65 1 0
github.com/afreidah/s3-orchestrator/internal/encryption/key.go:201.24,202.48 1 0
github.com/afreidah/s3-orchestrator/internal/encryption/key.go:203.10,204.64 1 0
github.com/afreidah/s3-orchestrator/internal/encryption/key.go:206.2,206.16 1 0
github.com/afreidah/s3-orchestrator/internal/encryption/key.go:206.16,208.3 1 0
github.com/afreidah/s3-orchestrator/internal/encryption/key.go:210.2,210.32 1 0
github.com/afreidah/s3-orchestrator/internal/encryption/key.go:210.32,212.3 1 0
github.com/afreidah/s3-orchestrator/internal/encryption/key.go:214.2,215.37 2 0
github.com/afreidah/s3-orchestrator/internal/encryption/key.go:215.37,217.17 2 0
github.com/afreidah/s3-orchestrator/internal/encryption/key.go:217.17,219.4 1 0
github.com/afreidah/s3-orchestrator/internal/encryption/key.go:220.3,220.33 1 0
github.com/afreidah/s3-orchestrator/internal/encryption/key.go:222.2,222.52 1 0
github.com/afreidah/s3-orchestrator/internal/encryption/key.go:232.56,234.16 2 12
github.com/afreidah/s3-orchestrator/internal/encryption/key.go:234.16,236.3 1 0
github.com/afreidah/s3-orchestrator/internal/encryption/key.go:237.2,238.16 2 12
github.com/afreidah/s3-orchestrator/internal/encryption/key.go:238.16,240.3 1 0
github.com/afreidah/s3-orchestrator/internal/encryption/key.go:241.2,242.44 2 12
github.com/afreidah/s3-orchestrator/internal/encryption/key.go:242.44,244.3 1 0
github.com/afreidah/s3-orchestrator/internal/encryption/key.go:245.2,245.46 1 12
github.com/afreidah/s3-orchestrator/internal/encryption/key.go:250.62,252.16 2 11
github.com/afreidah/s3-orchestrator/internal/encryption/key.go:252.16,254.3 1 0
github.com/afreidah/s3-orchestrator/internal/encryption/key.go:255.2,256.16 2 11
github.com/afreidah/s3-orchestrator/internal/encryption/key.go:256.16,258.3 1 0
github.com/afreidah/s3-orchestrator/internal/encryption/key.go:259.2,260.30 2 11
github.com/afreidah/s3-orchestrator/internal/encryption/key.go:260.30,262.3 1 0
github.com/afreidah/s3-orchestrator/internal/encryption/key.go:263.2,263.69 1 11
github.com/afreidah/s3-orchestrator/internal/encryption/range.go:17.68,18.24 1 12
github.com/afreidah/s3-orchestrator/internal/encryption/range.go:18.24,20.3 1 0
github.com/afreidah/s3-orchestrator/internal/encryption/range.go:21.2,27.19 6 12
github.com/afreidah/s3-orchestrator/internal/encryption/range.go:27.19,29.3 1 12
github.com/afreidah/s3-orchestrator/internal/encryption/range.go:30.2,30.14 1 12
github.com/afreidah/s3-orchestrator/internal/encryption/range.go:55.77,56.30 1 0
github.com/afreidah/s3-orchestrator/internal/encryption/range.go:56.30,58.3 1 0
github.com/afreidah/s3-orchestrator/internal/encryption/range.go:60.2,83.8 9 0
github.com/afreidah/s3-orchestrator/internal/encryption/vault.go:53.85,58.22 4 0
github.com/afreidah/s3-orchestrator/internal/encryption/vault.go:58.22,59.85 1 0
github.com/afreidah/s3-orchestrator/internal/encryption/vault.go:59.85,61.4 1 0
github.com/afreidah/s3-orchestrator/internal/encryption/vault.go:64.2,65.16 2 0
github.com/afreidah/s3-orchestrator/internal/encryption/vault.go:65.16,67.3 1 0
github.com/afreidah/s3-orchestrator/internal/encryption/vault.go:70.2,70.25 1 0
github.com/afreidah/s3-orchestrator/internal/encryption/vault.go:70.25,72.17 2 0
github.com/afreidah/s3-orchestrator/internal/encryption/vault.go:72.17,74.4 1 0
github.com/afreidah/s3-orchestrator/internal/encryption/vault.go:75.3,75.25 1 0
github.com/afreidah/s3-orchestrator/internal/encryption/vault.go:76.8,78.3 1 0
github.com/afreidah/s3-orchestrator/internal/encryption/vault.go:80.2,81.24 2 0
github.com/afreidah/s3-orchestrator/internal/encryption/vault.go:81.24,83.3 1 0
github.com/afreidah/s3-orchestrator/internal/encryption/vault.go:85.2,97.15 4 0
github.com/afreidah/s3-orchestrator/internal/encryption/vault.go:101.43,101.61 1 0
github.com/afreidah/s3-orchestrator/internal/encryption/vault.go:104.36,104.50 1 0
github.com/afreidah/s3-orchestrator/internal/encryption/vault.go:112.93,120.16 5 0
github.com/afreidah/s3-orchestrator/internal/encryption/vault.go:120.16,122.3 1 0
github.com/afreidah/s3-orchestrator/internal/encryption/vault.go:123.2,123.41 1 0
github.com/afreidah/s3-orchestrator/internal/encryption/vault.go:123.41,125.3 1 0
github.com/afreidah/s3-orchestrator/internal/encryption/vault.go:127.2,128.29 2 0
github.com/afreidah/s3-orchestrator/internal/encryption/vault.go:128.29,130.3 1 0
github.com/afreidah/s3-orchestrator/internal/encryption/vault.go:131.2,131.41 1 0
github.com/afreidah/s3-orchestrator/internal/encryption/vault.go:136.104,144.16 5 0
github.com/afreidah/s3-orchestrator/internal/encryption/vault.go:144.16,146.3 1 0
github.com/afreidah/s3-orchestrator/internal/encryption/vault.go:147.2,147.41 1 0
github.com/afreidah/s3-orchestrator/internal/encryption/vault.go:147.41,149.3 1 0
github.com/afreidah/s3-orchestrator/internal/encryption/vault.go:151.2,152.28 2 0
github.com/afreidah/s3-orchestrator/internal/encryption/vault.go:152.28,154.3 1 0
github.com/afreidah/s3-orchestrator/internal/encryption/vault.go:156.2,157.16 2 0
github.com/afreidah/s3-orchestrator/internal/encryption/vault.go:157.16,159.3 1 0
github.com/afreidah/s3-orchestrator/internal/encryption/vault.go:160.2,160.17 1 0
github.com/afreidah/s3-orchestrator/internal/encryption/vault.go:170.66,174.6 3 0
github.com/afreidah/s3-orchestrator/internal/encryption/vault.go:174.6,175.10 1 0
github.com/afreidah/s3-orchestrator/internal/encryption/vault.go:176.21,177.10 1 0
github.com/afreidah/s3-orchestrator/internal/encryption/vault.go:178.19,179.25 1 0
github.com/afreidah/s3-orchestrator/internal/encryption/vault.go:179.25,180.50 1 0
github.com/afreidah/s3-orchestrator/internal/encryption/vault.go:180.50,183.6 1 0
github.com/afreidah/s3-orchestrator/internal/encryption/vault.go:184.10,185.45 1 0
github.com/afreidah/s3-orchestrator/internal/encryption/vault.go:185.45,187.6 1 0
github.com/afreidah/s3-orchestrator/internal/encryption/vault.go:197.66,205.16 5 0
github.com/afreidah/s3-orchestrator/internal/encryption/vault.go:205.16,207.3 1 0
github.com/afreidah/s3-orchestrator/internal/encryption/vault.go:208.2,208.41 1 0
github.com/afreidah/s3-orchestrator/internal/encryption/vault.go:208.41,210.3 1 0
github.com/afreidah/s3-orchestrator/internal/encryption/vault.go:211.2,212.12 2 0
github.com/afreidah/s3-orchestrator/internal/encryption/vault.go:218.71,220.16 2 0
github.com/afreidah/s3-orchestrator/internal/encryption/vault.go:220.16,222.3 1 0
github.com/afreidah/s3-orchestrator/internal/encryption/vault.go:223.2,227.12 5 0
github.com/afreidah/s3-orchestrator/internal/encryption/vault.go:234.49,236.16 2 0
github.com/afreidah/s3-orchestrator/internal/encryption/vault.go:236.16,238.3 1 0
github.com/afreidah/s3-orchestrator/internal/encryption/vault.go:239.2,239.49 1 0
github.com/afreidah/s3-orchestrator/internal/encryption/vault.go:239.49,242.3 1 0
github.com/afreidah/s3-orchestrator/internal/encryption/vault.go:243.2,244.16 2 0
github.com/afreidah/s3-orchestrator/internal/encryption/vault.go:244.16,246.3 1 0
github.com/afreidah/s3-orchestrator/internal/encryption/vault.go:247.2,248.17 2 0
github.com/afreidah/s3-orchestrator/internal/encryption/vault.go:248.17,250.3 1 0
github.com/afreidah/s3-orchestrator/internal/encryption/vault.go:251.2,251.19 1 0
github.com/afreidah/s3-orchestrator/internal/internalkey/internalkey.go:23.42,25.2 1 469
github.com/afreidah/s3-orchestrator/internal/internalkey/internalkey.go:29.35,31.2 1 13
github.com/afreidah/s3-orchestrator/internal/internalkey/internalkey.go:35.57,38.2 2 0
github.com/afreidah/s3-orchestrator/internal/observe/span.go:57.76,59.2 1 607
github.com/afreidah/s3-orchestrator/internal/observe/span.go:62.76,64.2 1 0
github.com/afreidah/s3-orchestrator/internal/observe/span.go:67.78,69.2 1 36
github.com/afreidah/s3-orchestrator/internal/observe/span.go:74.93,84.15 6 643
github.com/afreidah/s3-orchestrator/internal/observe/span.go:84.15,85.25 1 643
github.com/afreidah/s3-orchestrator/internal/observe/span.go:85.25,87.4 1 602
github.com/afreidah/s3-orchestrator/internal/observe/span.go:88.3,88.17 1 643
github.com/afreidah/s3-orchestrator/internal/observe/span.go:88.17,91.4 2 58
github.com/afreidah/s3-orchestrator/internal/observe/span.go:91.9,93.4 1 585
github.com/afreidah/s3-orchestrator/internal/observe/span.go:96.2,97.20 2 643
github.com/afreidah/s3-orchestrator/internal/observe/span.go:102.79,103.69 1 69
github.com/afreidah/s3-orchestrator/internal/observe/span.go:103.69,105.3 1 69
github.com/afreidah/s3-orchestrator/internal/observe/span.go:106.2,106.12 1 69
github.com/afreidah/s3-orchestrator/internal/observe/audit/audit.go:29.13,31.2 1 1
github.com/afreidah/s3-orchestrator/internal/observe/audit/audit.go:41.40,42.15 1 0
github.com/afreidah/s3-orchestrator/internal/observe/audit/audit.go:42.15,44.3 1 0
github.com/afreidah/s3-orchestrator/internal/observe/audit/audit.go:44.8,46.3 1 0
github.com/afreidah/s3-orchestrator/internal/observe/audit/audit.go:70.21,74.2 3 751
github.com/afreidah/s3-orchestrator/internal/observe/audit/audit.go:77.68,79.2 1 510
github.com/afreidah/s3-orchestrator/internal/observe/audit/audit.go:83.44,84.52 1 960
github.com/afreidah/s3-orchestrator/internal/observe/audit/audit.go:84.52,86.3 1 956
github.com/afreidah/s3-orchestrator/internal/observe/audit/audit.go:87.2,87.11 1 4
github.com/afreidah/s3-orchestrator/internal/observe/audit/audit.go:97.65,98.37 1 960
github.com/afreidah/s3-orchestrator/internal/observe/audit/audit.go:98.37,100.3 1 0
github.com/afreidah/s3-orchestrator/internal/observe/audit/audit.go:102.2,107.36 2 960
github.com/afreidah/s3-orchestrator/internal/observe/audit/audit.go:107.36,109.3 1 956
github.com/afreidah/s3-orchestrator/internal/observe/audit/audit.go:111.2,113.54 2 960
github.com/afreidah/s3-orchestrator/internal/observe/event/event.go:89.62,90.29 1 0
github.com/afreidah/s3-orchestrator/internal/observe/event/event.go:90.29,91.33 1 0
github.com/afreidah/s3-orchestrator/internal/observe/event/event.go:91.33,93.4 1 0
github.com/afreidah/s3-orchestrator/internal/observe/event/event.go:94.3,94.32 1 0
github.com/afreidah/s3-orchestrator/internal/observe/event/event.go:94.32,96.44 2 0
github.com/afreidah/s3-orchestrator/internal/observe/event/event.go:96.44,98.5 1 0
github.com/afreidah/s3-orchestrator/internal/observe/event/event.go:101.2,101.14 1 0
github.com/afreidah/s3-orchestrator/internal/observe/logfmt/logfmt.go:36.56,38.2 1 1
github.com/afreidah/s3-orchestrator/internal/observe/logfmt/logfmt.go:63.31,64.16 1 147
github.com/afreidah/s3-orchestrator/internal/observe/logfmt/logfmt.go:64.16,66.3 1 0
github.com/afreidah/s3-orchestrator/internal/observe/logfmt/logfmt.go:67.2,67.42 1 147
github.com/afreidah/s3-orchestrator/internal/observe/logfmt/logfmt.go:72.38,74.2 1 0
github.com/afreidah/s3-orchestrator/internal/observe/logfmt/logfmt.go:79.39,81.2 1 201
github.com/afreidah/s3-orchestrator/internal/observe/logfmt/logfmt.go:87.54,88.24 1 0
github.com/afreidah/s3-orchestrator/internal/observe/logfmt/logfmt.go:88.24,90.3 1 0
github.com/afreidah/s3-orchestrator/internal/observe/logfmt/logfmt.go:91.2,92.14 2 0
github.com/afreidah/s3-orchestrator/internal/observe/logfmt/logfmt.go:92.14,94.3 1 0
github.com/afreidah/s3-orchestrator/internal/observe/logfmt/logfmt.go:95.2,95.38 1 0
github.com/afreidah/s3-orchestrator/internal/observe/logfmt/logfmt.go:101.73,103.29 2 0
github.com/afreidah/s3-orchestrator/internal/observe/logfmt/logfmt.go:103.29,105.3 1 0
github.com/afreidah/s3-orchestrator/internal/observe/logfmt/logfmt.go:106.2,106.24 1 0
github.com/afreidah/s3-orchestrator/internal/observe/telemetry/cb_hook.go:27.71,30.44 2 34
github.com/afreidah/s3-orchestrator/internal/observe/telemetry/cb_hook.go:30.44,34.3 3 46
github.com/afreidah/s3-orchestrator/internal/observe/telemetry/cb_hook.go:40.53,41.23 1 46
github.com/afreidah/s3-orchestrator/internal/observe/telemetry/cb_hook.go:41.23,43.3 1 46
github.com/afreidah/s3-orchestrator/internal/observe/telemetry/cb_hook.go:44.2,44.9 1 0
github.com/afreidah/s3-orchestrator/internal/observe/telemetry/cb_hook.go:45.72,54.5 1 0
github.com/afreidah/s3-orchestrator/internal/observe/telemetry/cb_hook.go:55.38,63.5 1 0
github.com/afreidah/s3-orchestrator/internal/observe/telemetry/logbuffer.go:67.32,71.2 1 0
github.com/afreidah/s3-orchestrator/internal/observe/telemetry/logbuffer.go:75.41,81.29 5 0
github.com/afreidah/s3-orchestrator/internal/observe/telemetry/logbuffer.go:81.29,84.3 2 0
github.com/afreidah/s3-orchestrator/internal/observe/telemetry/logbuffer.go:93.60,95.24 2 0
github.com/afreidah/s3-orchestrator/internal/observe/telemetry/logbuffer.go:95.24,97.3 1 0
github.com/afreidah/s3-orchestrator/internal/observe/telemetry/logbuffer.go:98.2,99.48 2 0
github.com/afreidah/s3-orchestrator/internal/observe/telemetry/logbuffer.go:99.48,101.3 1 0
github.com/afreidah/s3-orchestrator/internal/observe/telemetry/logbuffer.go:102.2,102.15 1 0
github.com/afreidah/s3-orchestrator/internal/observe/telemetry/logbuffer.go:109.50,114.12 4 0
github.com/afreidah/s3-orchestrator/internal/observe/telemetry/logbuffer.go:114.12,116.3 1 0
github.com/afreidah/s3-orchestrator/internal/observe/telemetry/logbuffer.go:116.8,118.3 1 0
github.com/afreidah/s3-orchestrator/internal/observe/telemetry/logbuffer.go:119.2,119.16 1 0
github.com/afreidah/s3-orchestrator/internal/observe/telemetry/logbuffer.go:119.16,121.3 1 0
github.com/afreidah/s3-orchestrator/internal/observe/telemetry/logbuffer.go:122.2,123.23 2 0
github.com/afreidah/s3-orchestrator/internal/observe/telemetry/logbuffer.go:123.23,125.13 2 0
github.com/afreidah/s3-orchestrator/internal/observe/telemetry/logbuffer.go:125.13,127.4 1 0
github.com/afreidah/s3-orchestrator/internal/observe/telemetry/logbuffer.go:127.9,129.4 1 0
github.com/afreidah/s3-orchestrator/internal/observe/telemetry/logbuffer.go:130.3,130.31 1 0
github.com/afreidah/s3-orchestrator/internal/observe/telemetry/logbuffer.go:132.2,132.17 1 0
github.com/afreidah/s3-orchestrator/internal/observe/telemetry/logbuffer.go:137.72,139.29 2 0
github.com/afreidah/s3-orchestrator/internal/observe/telemetry/logbuffer.go:139.29,140.56 1 0
github.com/afreidah/s3-orchestrator/internal/observe/telemetry/logbuffer.go:140.56,141.12 1 0
github.com/afreidah/s3-orchestrator/internal/observe/telemetry/logbuffer.go:143.3,143.59 1 0
github.com/afreidah/s3-orchestrator/internal/observe/telemetry/logbuffer.go:143.59,144.12 1 0
github.com/afreidah/s3-orchestrator/internal/observe/telemetry/logbuffer.go:146.3,146.43 1 0
github.com/afreidah/s3-orchestrator/internal/observe/telemetry/logbuffer.go:146.43,147.12 1 0
github.com/afreidah/s3-orchestrator/internal/observe/telemetry/logbuffer.go:149.3,149.27 1 0
github.com/afreidah/s3-orchestrator/internal/observe/telemetry/logbuffer.go:149.27,150.71 1 0
github.com/afreidah/s3-orchestrator/internal/observe/telemetry/logbuffer.go:150.71,151.13 1 0
github.com/afreidah/s3-orchestrator/internal/observe/telemetry/logbuffer.go:154.3,154.29 1 0
github.com/afreidah/s3-orchestrator/internal/observe/telemetry/logbuffer.go:156.2,156.15 1 0
github.com/afreidah/s3-orchestrator/internal/observe/telemetry/logbuffer.go:160.39,161.11 1 0
github.com/afreidah/s3-orchestrator/internal/observe/telemetry/logbuffer.go:162.15,163.25 1 0
github.com/afreidah/s3-orchestrator/internal/observe/telemetry/logbuffer.go:164.14,165.24 1 0
github.com/afreidah/s3-orchestrator/internal/observe/telemetry/logbuffer.go:166.14,167.24 1 0
github.com/afreidah/s3-orchestrator/internal/observe/telemetry/logbuffer.go:168.15,169.25 1 0
github.com/afreidah/s3-orchestrator/internal/observe/telemetry/logbuffer.go:170.10,171.25 1 0
github.com/afreidah/s3-orchestrator/internal/observe/telemetry/logbuffer.go:190.70,195.2 1 0
github.com/afreidah/s3-orchestrator/internal/observe/telemetry/logbuffer.go:199.74,201.2 1 0
github.com/afreidah/s3-orchestrator/internal/observe/telemetry/logbuffer.go:205.71,220.28 5 0
github.com/afreidah/s3-orchestrator/internal/observe/telemetry/logbuffer.go:220.28,222.3 1 0
github.com/afreidah/s3-orchestrator/internal/observe/telemetry/logbuffer.go:223.2,223.33 1 0
github.com/afreidah/s3-orchestrator/internal/observe/telemetry/logbuffer.go:223.33,226.3 2 0
github.com/afreidah/s3-orchestrator/internal/observe/telemetry/logbuffer.go:228.2,228.20 1 0
github.com/afreidah/s3-orchestrator/internal/observe/telemetry/logbuffer.go:228.20,230.3 1 0
github.com/afreidah/s3-orchestrator/internal/observe/telemetry/logbuffer.go:232.2,234.12 2 0
github.com/afreidah/s3-orchestrator/internal/observe/telemetry/logbuffer.go:238.64,245.2 1 0
github.com/afreidah/s3-orchestrator/internal/observe/telemetry/logbuffer.go:248.58,249.16 1 0
github.com/afreidah/s3-orchestrator/internal/observe/telemetry/logbuffer.go:249.16,251.3 1 0
github.com/afreidah/s3-orchestrator/internal/observe/telemetry/logbuffer.go:252.2,257.3 1 0
github.com/afreidah/s3-orchestrator/internal/observe/telemetry/logbuffer.go:261.42,262.22 1 0
github.com/afreidah/s3-orchestrator/internal/observe/telemetry/logbuffer.go:262.22,264.3 1 0
github.com/afreidah/s3-orchestrator/internal/observe/telemetry/logbuffer.go:265.2,265.40 1 0
github.com/afreidah/s3-orchestrator/internal/observe/telemetry/tracehandler.go:29.56,31.2 1 0
github.com/afreidah/s3-orchestrator/internal/observe/telemetry/tracehandler.go:34.76,36.2 1 0
github.com/afreidah/s3-orchestrator/internal/observe/telemetry/tracehandler.go:40.73,42.34 2 0
github.com/afreidah/s3-orchestrator/internal/observe/telemetry/tracehandler.go:42.34,47.3 1 0
github.com/afreidah/s3-orchestrator/internal/observe/telemetry/tracehandler.go:48.2,48.31 1 0
github.com/afreidah/s3-orchestrator/internal/observe/telemetry/tracehandler.go:52.66,54.2 1 0
github.com/afreidah/s3-orchestrator/internal/observe/telemetry/tracehandler.go:57.60,59.2 1 0
github.com/afreidah/s3-orchestrator/internal/observe/telemetry/tracing.go:48.101,49.18 1 0
github.com/afreidah/s3-orchestrator/internal/observe/telemetry/tracing.go:49.18,51.38 1 0
github.com/afreidah/s3-orchestrator/internal/observe/telemetry/tracing.go:51.38,51.52 1 0
github.com/afreidah/s3-orchestrator/internal/observe/telemetry/tracing.go:55.2,58.18 2 0
github.com/afreidah/s3-orchestrator/internal/observe/telemetry/tracing.go:58.18,60.3 1 0
github.com/afreidah/s3-orchestrator/internal/observe/telemetry/tracing.go:61.2,62.16 2 0
github.com/afreidah/s3-orchestrator/internal/observe/telemetry/tracing.go:62.16,64.3 1 0
github.com/afreidah/s3-orchestrator/internal/observe/telemetry/tracing.go:67.2,74.16 2 0
github.com/afreidah/s3-orchestrator/internal/observe/telemetry/tracing.go:74.16,76.3 1 0
github.com/afreidah/s3-orchestrator/internal/observe/telemetry/tracing.go:79.2,80.9 2 0
github.com/afreidah/s3-orchestrator/internal/observe/telemetry/tracing.go:81.29,82.36 1 0
github.com/afreidah/s3-orchestrator/internal/observe/telemetry/tracing.go:83.27,84.35 1 0
github.com/afreidah/s3-orchestrator/internal/observe/telemetry/tracing.go:85.10,86.55 1 0
github.com/afreidah/s3-orchestrator/internal/observe/telemetry/tracing.go:90.2,105.25 4 0
github.com/afreidah/s3-orchestrator/internal/observe/telemetry/tracing.go:113.28,115.2 1 1574
github.com/afreidah/s3-orchestrator/internal/observe/telemetry/tracing.go:118.109,120.2 1 465
github.com/afreidah/s3-orchestrator/internal/observe/telemetry/tracing.go:123.115,125.2 1 466
github.com/afreidah/s3-orchestrator/internal/observe/telemetry/tracing.go:128.115,130.2 1 0
github.com/afreidah/s3-orchestrator/internal/observe/telemetry/tracing.go:158.89,166.2 1 466
github.com/afreidah/s3-orchestrator/internal/observe/telemetry/tracing.go:169.99,177.2 1 607
github.com/afreidah/s3-orchestrator/internal/proxy/cache.go:31.57,36.2 1 27
github.com/afreidah/s3-orchestrator/internal/proxy/cache.go:39.56,41.2 1 29
github.com/afreidah/s3-orchestrator/internal/proxy/cache.go:45.50,48.2 2 1
github.com/afreidah/s3-orchestrator/internal/proxy/cache.go:51.44,53.2 1 258
github.com/afreidah/s3-orchestrator/internal/proxy/cache.go:56.33,58.2 1 125
github.com/afreidah/s3-orchestrator/internal/proxy/cache.go:62.35,64.2 1 0
github.com/afreidah/s3-orchestrator/internal/proxy/cache.go:67.33,69.2 1 0
github.com/afreidah/s3-orchestrator/internal/proxy/core.go:62.66,63.27 1 44
github.com/afreidah/s3-orchestrator/internal/proxy/core.go:63.27,65.3 1 44
github.com/afreidah/s3-orchestrator/internal/proxy/core.go:66.2,66.9 1 0
github.com/afreidah/s3-orchestrator/internal/proxy/core.go:67.36,68.14 1 0
github.com/afreidah/s3-orchestrator/internal/proxy/core.go:69.20,70.15 1 0
github.com/afreidah/s3-orchestrator/internal/proxy/core.go:76.42,77.27 1 44
github.com/afreidah/s3-orchestrator/internal/proxy/core.go:77.27,79.3 1 44
github.com/afreidah/s3-orchestrator/internal/proxy/core.go:80.2,80.18 1 0
github.com/afreidah/s3-orchestrator/internal/proxy/core.go:91.94,92.27 1 552
github.com/afreidah/s3-orchestrator/internal/proxy/core.go:92.27,95.22 1 0
github.com/afreidah/s3-orchestrator/internal/proxy/core.go:95.23,97.4 0 0
github.com/afreidah/s3-orchestrator/internal/proxy/core.go:99.2,99.40 1 552
github.com/afreidah/s3-orchestrator/internal/proxy/core.go:99.40,100.70 1 0
github.com/afreidah/s3-orchestrator/internal/proxy/core.go:100.70,102.4 1 0
github.com/afreidah/s3-orchestrator/internal/proxy/core.go:104.2,104.51 1 552
github.com/afreidah/s3-orchestrator/internal/proxy/core.go:113.78,115.2 1 67
github.com/afreidah/s3-orchestrator/internal/proxy/core.go:118.78,120.9 2 328
github.com/afreidah/s3-orchestrator/internal/proxy/core.go:120.9,122.3 1 2
github.com/afreidah/s3-orchestrator/internal/proxy/core.go:123.2,123.15 1 326
github.com/afreidah/s3-orchestrator/internal/proxy/core.go:133.52,134.23 1 1083
github.com/afreidah/s3-orchestrator/internal/proxy/core.go:134.23,136.3 1 0
github.com/afreidah/s3-orchestrator/internal/proxy/core.go:137.2,137.36 1 1083
github.com/afreidah/s3-orchestrator/internal/proxy/core.go:141.67,143.32 2 0
github.com/afreidah/s3-orchestrator/internal/proxy/core.go:143.32,144.26 1 0
github.com/afreidah/s3-orchestrator/internal/proxy/core.go:144.26,146.4 1 0
github.com/afreidah/s3-orchestrator/internal/proxy/core.go:148.2,148.17 1 0
github.com/afreidah/s3-orchestrator/internal/proxy/core.go:156.68,158.32 2 0
github.com/afreidah/s3-orchestrator/internal/proxy/core.go:158.32,160.10 2 0
github.com/afreidah/s3-orchestrator/internal/proxy/core.go:160.10,161.12 1 0
github.com/afreidah/s3-orchestrator/internal/proxy/core.go:163.3,163.113 1 0
github.com/afreidah/s3-orchestrator/internal/proxy/core.go:163.113,164.12 1 0
github.com/afreidah/s3-orchestrator/internal/proxy/core.go:166.3,166.36 1 0
github.com/afreidah/s3-orchestrator/internal/proxy/core.go:168.2,168.17 1 0
github.com/afreidah/s3-orchestrator/internal/proxy/core.go:175.82,177.31 2 524
github.com/afreidah/s3-orchestrator/internal/proxy/core.go:177.31,178.25 1 1062
github.com/afreidah/s3-orchestrator/internal/proxy/core.go:178.25,179.12 1 2
github.com/afreidah/s3-orchestrator/internal/proxy/core.go:181.3,182.10 2 1060
github.com/afreidah/s3-orchestrator/internal/proxy/core.go:182.10,183.12 1 0
github.com/afreidah/s3-orchestrator/internal/proxy/core.go:185.3,185.113 1 1060
github.com/afreidah/s3-orchestrator/internal/proxy/core.go:185.113,186.12 1 0
github.com/afreidah/s3-orchestrator/internal/proxy/core.go:188.3,188.61 1 1060
github.com/afreidah/s3-orchestrator/internal/proxy/core.go:188.61,189.12 1 0
github.com/afreidah/s3-orchestrator/internal/proxy/core.go:191.3,191.62 1 1060
github.com/afreidah/s3-orchestrator/internal/proxy/core.go:191.62,192.12 1 0
github.com/afreidah/s3-orchestrator/internal/proxy/core.go:194.3,194.36 1 1060
github.com/afreidah/s3-orchestrator/internal/proxy/core.go:196.2,196.17 1 524
github.com/afreidah/s3-orchestrator/internal/proxy/core.go:207.94,208.43 1 8
github.com/afreidah/s3-orchestrator/internal/proxy/core.go:208.43,212.3 3 6
github.com/afreidah/s3-orchestrator/internal/proxy/core.go:213.2,213.46 1 2
github.com/afreidah/s3-orchestrator/internal/proxy/core.go:213.46,216.3 2 2
github.com/afreidah/s3-orchestrator/internal/proxy/core.go:217.2,219.12 3 0
github.com/afreidah/s3-orchestrator/internal/proxy/core.go:224.106,228.2 3 62
github.com/afreidah/s3-orchestrator/internal/proxy/core.go:233.105,237.16 4 42
github.com/afreidah/s3-orchestrator/internal/proxy/core.go:237.16,239.3 1 0
github.com/afreidah/s3-orchestrator/internal/proxy/core.go:240.2,240.15 1 42
github.com/afreidah/s3-orchestrator/internal/proxy/core.go:240.15,240.42 1 42
github.com/afreidah/s3-orchestrator/internal/proxy/core.go:242.2,245.16 4 42
github.com/afreidah/s3-orchestrator/internal/proxy/core.go:245.16,247.3 1 0
github.com/afreidah/s3-orchestrator/internal/proxy/core.go:248.2,248.12 1 42
github.com/afreidah/s3-orchestrator/internal/proxy/core.go:256.94,258.2 1 373
github.com/afreidah/s3-orchestrator/internal/proxy/core.go:261.69,263.2 1 0
github.com/afreidah/s3-orchestrator/internal/proxy/core.go:270.66,270.100 1 44
github.com/afreidah/s3-orchestrator/internal/proxy/core.go:273.42,273.66 1 44
github.com/afreidah/s3-orchestrator/internal/proxy/core.go:276.94,278.2 1 2
github.com/afreidah/s3-orchestrator/internal/proxy/core.go:281.67,281.88 1 108
github.com/afreidah/s3-orchestrator/internal/proxy/core.go:284.47,284.65 1 39
github.com/afreidah/s3-orchestrator/internal/proxy/core.go:287.53,287.71 1 96
github.com/afreidah/s3-orchestrator/internal/proxy/core.go:290.105,292.2 1 42
github.com/afreidah/s3-orchestrator/internal/proxy/core.go:295.106,297.2 1 2
github.com/afreidah/s3-orchestrator/internal/proxy/core.go:300.67,300.105 1 0
github.com/afreidah/s3-orchestrator/internal/proxy/dashboard.go:26.89,28.16 2 0
github.com/afreidah/s3-orchestrator/internal/proxy/dashboard.go:28.16,30.3 1 0
github.com/afreidah/s3-orchestrator/internal/proxy/dashboard.go:32.2,33.31 2 0
github.com/afreidah/s3-orchestrator/internal/proxy/dashboard.go:33.31,34.26 1 0
github.com/afreidah/s3-orchestrator/internal/proxy/dashboard.go:34.26,35.12 1 0
github.com/afreidah/s3-orchestrator/internal/proxy/dashboard.go:37.3,38.17 2 0
github.com/afreidah/s3-orchestrator/internal/proxy/dashboard.go:38.17,40.4 1 0
github.com/afreidah/s3-orchestrator/internal/proxy/dashboard.go:43.2,44.35 2 0
github.com/afreidah/s3-orchestrator/internal/proxy/dashboard.go:44.35,45.75 1 0
github.com/afreidah/s3-orchestrator/internal/proxy/dashboard.go:45.75,47.4 1 0
github.com/afreidah/s3-orchestrator/internal/proxy/dashboard.go:50.2,50.18 1 0
github.com/afreidah/s3-orchestrator/internal/proxy/dashboard.go:54.143,56.2 1 0
github.com/afreidah/s3-orchestrator/internal/proxy/encryption_helpers.go:46.51,51.22 2 0
github.com/afreidah/s3-orchestrator/internal/proxy/encryption_helpers.go:51.22,53.17 2 0
github.com/afreidah/s3-orchestrator/internal/proxy/encryption_helpers.go:53.17,57.4 3 0
github.com/afreidah/s3-orchestrator/internal/proxy/encryption_helpers.go:58.8,60.3 1 0
github.com/afreidah/s3-orchestrator/internal/proxy/encryption_helpers.go:61.2,61.16 1 0
github.com/afreidah/s3-orchestrator/internal/proxy/encryption_helpers.go:61.16,64.3 2 0
github.com/afreidah/s3-orchestrator/internal/proxy/encryption_helpers.go:65.2,71.8 2 0
github.com/afreidah/s3-orchestrator/internal/proxy/encryption_helpers.go:78.151,80.16 2 0
github.com/afreidah/s3-orchestrator/internal/proxy/encryption_helpers.go:80.16,83.3 2 0
github.com/afreidah/s3-orchestrator/internal/proxy/encryption_helpers.go:84.2,92.54 3 0
github.com/afreidah/s3-orchestrator/internal/proxy/encryption_helpers.go:98.178,100.16 2 4
github.com/afreidah/s3-orchestrator/internal/proxy/encryption_helpers.go:100.16,103.3 2 0
github.com/afreidah/s3-orchestrator/internal/proxy/encryption_helpers.go:105.2,105.16 1 4
github.com/afreidah/s3-orchestrator/internal/proxy/encryption_helpers.go:105.16,107.20 2 0
github.com/afreidah/s3-orchestrator/internal/proxy/encryption_helpers.go:107.20,110.4 2 0
github.com/afreidah/s3-orchestrator/internal/proxy/encryption_helpers.go:111.3,114.84 4 0
github.com/afreidah/s3-orchestrator/internal/proxy/encryption_helpers.go:115.8,117.20 2 4
github.com/afreidah/s3-orchestrator/internal/proxy/encryption_helpers.go:117.20,120.4 2 0
github.com/afreidah/s3-orchestrator/internal/proxy/encryption_helpers.go:121.3,123.29 3 4
github.com/afreidah/s3-orchestrator/internal/proxy/encryption_helpers.go:125.2,125.12 1 4
github.com/afreidah/s3-orchestrator/internal/proxy/integrity.go:23.35,26.2 2 0
github.com/afreidah/s3-orchestrator/internal/proxy/integrity.go:38.59,43.2 1 0
github.com/afreidah/s3-orchestrator/internal/proxy/integrity.go:47.56,49.11 2 0
github.com/afreidah/s3-orchestrator/internal/proxy/integrity.go:49.11,51.3 1 0
github.com/afreidah/s3-orchestrator/internal/proxy/integrity.go:52.2,52.15 1 0
github.com/afreidah/s3-orchestrator/internal/proxy/integrity.go:57.42,59.47 2 0
github.com/afreidah/s3-orchestrator/internal/proxy/integrity.go:59.47,61.28 2 0
github.com/afreidah/s3-orchestrator/internal/proxy/integrity.go:61.28,63.4 1 0
github.com/afreidah/s3-orchestrator/internal/proxy/integrity.go:65.2,65.12 1 0
github.com/afreidah/s3-orchestrator/internal/proxy/integrity.go:71.103,74.2 2 0
github.com/afreidah/s3-orchestrator/internal/proxy/integrity.go:79.58,80.20 1 0
github.com/afreidah/s3-orchestrator/internal/proxy/integrity.go:80.20,82.3 1 0
github.com/afreidah/s3-orchestrator/internal/proxy/integrity.go:83.2,84.24 2 0
github.com/afreidah/s3-orchestrator/internal/proxy/integrity.go:84.24,86.3 1 0
github.com/afreidah/s3-orchestrator/internal/proxy/integrity.go:87.2,87.12 1 0
github.com/afreidah/s3-orchestrator/internal/proxy/lifecycle.go:31.121,39.29 4 0
github.com/afreidah/s3-orchestrator/internal/proxy/lifecycle.go:39.29,43.3 3 0
github.com/afreidah/s3-orchestrator/internal/proxy/lifecycle.go:44.2,44.24 1 0
github.com/afreidah/s3-orchestrator/internal/proxy/lifecycle.go:49.58,50.37 1 0
github.com/afreidah/s3-orchestrator/internal/proxy/lifecycle.go:50.37,52.3 1 0
github.com/afreidah/s3-orchestrator/internal/proxy/lifecycle.go:53.2,53.12 1 0
github.com/afreidah/s3-orchestrator/internal/proxy/lifecycle.go:59.130,61.6 2 0
github.com/afreidah/s3-orchestrator/internal/proxy/lifecycle.go:61.6,63.17 2 0
github.com/afreidah/s3-orchestrator/internal/proxy/lifecycle.go:63.17,68.4 3 0
github.com/afreidah/s3-orchestrator/internal/proxy/lifecycle.go:69.3,69.24 1 0
github.com/afreidah/s3-orchestrator/internal/proxy/lifecycle.go:69.24,71.4 1 0
github.com/afreidah/s3-orchestrator/internal/proxy/lifecycle.go:72.3,76.24 4 0
github.com/afreidah/s3-orchestrator/internal/proxy/lifecycle.go:76.24,80.4 2 0
github.com/afreidah/s3-orchestrator/internal/proxy/lifecycle.go:81.3,81.31 1 0
github.com/afreidah/s3-orchestrator/internal/proxy/lifecycle.go:81.31,83.4 1 0
github.com/afreidah/s3-orchestrator/internal/proxy/lifecycle.go:89.148,90.25 1 0
github.com/afreidah/s3-orchestrator/internal/proxy/lifecycle.go:90.25,91.81 1 0
github.com/afreidah/s3-orchestrator/internal/proxy/lifecycle.go:91.81,96.12 4 0
github.com/afreidah/s3-orchestrator/internal/proxy/lifecycle.go:98.3,104.12 3 0
github.com/afreidah/s3-orchestrator/internal/proxy/lifecycle.go:106.2,106.24 1 0
github.com/afreidah/s3-orchestrator/internal/proxy/manager.go:118.54,121.2 2 27
github.com/afreidah/s3-orchestrator/internal/proxy/manager.go:124.67,126.33 2 27
github.com/afreidah/s3-orchestrator/internal/proxy/manager.go:126.33,128.3 1 59
github.com/afreidah/s3-orchestrator/internal/proxy/manager.go:130.2,131.21 2 27
github.com/afreidah/s3-orchestrator/internal/proxy/manager.go:131.21,133.3 1 27
github.com/afreidah/s3-orchestrator/internal/proxy/manager.go:134.2,147.22 4 27
github.com/afreidah/s3-orchestrator/internal/proxy/manager.go:147.22,149.3 1 27
github.com/afreidah/s3-orchestrator/internal/proxy/manager.go:150.2,155.135 4 27
github.com/afreidah/s3-orchestrator/internal/proxy/manager.go:155.135,156.15 1 320
github.com/afreidah/s3-orchestrator/internal/proxy/manager.go:156.15,158.4 1 0
github.com/afreidah/s3-orchestrator/internal/proxy/manager.go:159.3,159.29 1 320
github.com/afreidah/s3-orchestrator/internal/proxy/manager.go:162.2,174.10 5 27
github.com/afreidah/s3-orchestrator/internal/proxy/manager.go:178.39,180.2 1 125
github.com/afreidah/s3-orchestrator/internal/proxy/manager.go:184.44,186.2 1 116
github.com/afreidah/s3-orchestrator/internal/proxy/manager.go:191.55,193.2 1 0
github.com/afreidah/s3-orchestrator/internal/proxy/manager.go:198.34,200.69 2 0
github.com/afreidah/s3-orchestrator/internal/proxy/manager.go:200.69,202.3 1 0
github.com/afreidah/s3-orchestrator/internal/proxy/manager.go:207.91,209.2 1 41
github.com/afreidah/s3-orchestrator/internal/proxy/manager.go:213.80,215.2 1 0
github.com/afreidah/s3-orchestrator/internal/proxy/manager.go:220.64,223.2 2 0
github.com/afreidah/s3-orchestrator/internal/proxy/manager.go:229.52,232.2 2 0
github.com/afreidah/s3-orchestrator/internal/proxy/manager.go:238.56,241.2 2 0
github.com/afreidah/s3-orchestrator/internal/proxy/manager.go:248.76,250.2 1 0
github.com/afreidah/s3-orchestrator/internal/proxy/manager.go:253.70,255.2 1 0
github.com/afreidah/s3-orchestrator/internal/proxy/manager.go:258.74,260.2 1 0
github.com/afreidah/s3-orchestrator/internal/proxy/manager.go:263.68,265.2 1 0
github.com/afreidah/s3-orchestrator/internal/proxy/manager.go:270.74,272.2 1 0
github.com/afreidah/s3-orchestrator/internal/proxy/manager.go:275.68,277.2 1 320
github.com/afreidah/s3-orchestrator/internal/proxy/manager.go:280.65,282.2 1 0
github.com/afreidah/s3-orchestrator/internal/proxy/manager.go:289.32,293.2 3 6
github.com/afreidah/s3-orchestrator/internal/proxy/manager.go:301.145,303.16 2 0
github.com/afreidah/s3-orchestrator/internal/proxy/manager.go:303.16,305.3 1 0
github.com/afreidah/s3-orchestrator/internal/proxy/manager.go:307.2,313.76 5 0
github.com/afreidah/s3-orchestrator/internal/proxy/manager.go:313.76,319.3 5 0
github.com/afreidah/s3-orchestrator/internal/proxy/manager.go:323.2,323.18 1 0
github.com/afreidah/s3-orchestrator/internal/proxy/manager.go:323.18,325.3 1 0
github.com/afreidah/s3-orchestrator/internal/proxy/manager.go:326.2,326.16 1 0
github.com/afreidah/s3-orchestrator/internal/proxy/manager.go:326.16,328.3 1 0
github.com/afreidah/s3-orchestrator/internal/proxy/manager.go:330.2,332.31 2 0
github.com/afreidah/s3-orchestrator/internal/proxy/manager.go:343.38,344.30 1 0
github.com/afreidah/s3-orchestrator/internal/proxy/manager.go:344.30,346.10 2 0
github.com/afreidah/s3-orchestrator/internal/proxy/manager.go:346.10,347.12 1 0
github.com/afreidah/s3-orchestrator/internal/proxy/manager.go:349.3,350.23 2 0
github.com/afreidah/s3-orchestrator/internal/proxy/manager.go:350.23,352.4 1 0
github.com/afreidah/s3-orchestrator/internal/proxy/manager.go:353.3,353.15 1 0
github.com/afreidah/s3-orchestrator/internal/proxy/manager.go:353.15,355.4 1 0
github.com/afreidah/s3-orchestrator/internal/proxy/manager.go:355.9,357.4 1 0
github.com/afreidah/s3-orchestrator/internal/proxy/manager.go:359.2,359.31 1 0
github.com/afreidah/s3-orchestrator/internal/proxy/manager.go:366.91,367.45 1 0
github.com/afreidah/s3-orchestrator/internal/proxy/manager.go:367.45,369.3 1 0
github.com/afreidah/s3-orchestrator/internal/proxy/manager.go:370.2,370.34 1 0
github.com/afreidah/s3-orchestrator/internal/proxy/manager.go:370.34,371.35 1 0
github.com/afreidah/s3-orchestrator/internal/proxy/manager.go:371.35,373.4 1 0
github.com/afreidah/s3-orchestrator/internal/proxy/manager.go:375.2,375.36 1 0
github.com/afreidah/s3-orchestrator/internal/proxy/manager.go:386.59,387.66 1 1
github.com/afreidah/s3-orchestrator/internal/proxy/manager.go:387.66,388.85 1 1
github.com/afreidah/s3-orchestrator/internal/proxy/manager.go:388.85,390.4 1 0
github.com/afreidah/s3-orchestrator/internal/proxy/manager.go:391.3,391.95 1 1
github.com/afreidah/s3-orchestrator/internal/proxy/manager.go:391.95,394.4 1 0
github.com/afreidah/s3-orchestrator/internal/proxy/manager.go:395.3,395.13 1 1
github.com/afreidah/s3-orchestrator/internal/proxy/manager.go:408.148,410.16 2 1
github.com/afreidah/s3-orchestrator/internal/proxy/manager.go:410.16,412.3 1 0
github.com/afreidah/s3-orchestrator/internal/proxy/manager.go:414.2,431.53 10 1
github.com/afreidah/s3-orchestrator/internal/proxy/manager.go:431.53,433.3 1 1
github.com/afreidah/s3-orchestrator/internal/proxy/manager.go:434.2,434.21 1 1
github.com/afreidah/s3-orchestrator/internal/proxy/manager.go:434.21,437.3 1 0
github.com/afreidah/s3-orchestrator/internal/proxy/manager.go:439.2,443.8 1 1
github.com/afreidah/s3-orchestrator/internal/proxy/manager.go:450.78,452.16 2 1
github.com/afreidah/s3-orchestrator/internal/proxy/manager.go:452.16,454.3 1 0
github.com/afreidah/s3-orchestrator/internal/proxy/manager.go:455.2,456.6 2 1
github.com/afreidah/s3-orchestrator/internal/proxy/manager.go:456.6,458.10 2 1
github.com/afreidah/s3-orchestrator/internal/proxy/manager.go:458.10,459.9 1 1
github.com/afreidah/s3-orchestrator/internal/proxy/manager.go:461.3,461.21 1 0
github.com/afreidah/s3-orchestrator/internal/proxy/manager.go:463.2,464.9 2 1
github.com/afreidah/s3-orchestrator/internal/proxy/manager.go:464.9,466.3 1 0
github.com/afreidah/s3-orchestrator/internal/proxy/manager.go:467.2,467.20 1 1
github.com/afreidah/s3-orchestrator/internal/proxy/manager.go:472.70,474.33 2 1
github.com/afreidah/s3-orchestrator/internal/proxy/manager.go:474.33,475.19 1 1
github.com/afreidah/s3-orchestrator/internal/proxy/manager.go:475.19,477.4 1 0
github.com/afreidah/s3-orchestrator/internal/proxy/manager.go:479.2,479.12 1 1
github.com/afreidah/s3-orchestrator/internal/proxy/manager_writepath.go:38.58,38.87 1 0
github.com/afreidah/s3-orchestrator/internal/proxy/manager_writepath.go:42.72,44.2 1 0
github.com/afreidah/s3-orchestrator/internal/proxy/manager_writepath.go:53.122,56.32 3 26
github.com/afreidah/s3-orchestrator/internal/proxy/manager_writepath.go:56.32,57.23 1 66
github.com/afreidah/s3-orchestrator/internal/proxy/manager_writepath.go:57.23,59.4 1 33
github.com/afreidah/s3-orchestrator/internal/proxy/manager_writepath.go:61.2,61.24 1 26
github.com/afreidah/s3-orchestrator/internal/proxy/manager_writepath.go:61.24,63.3 1 0
github.com/afreidah/s3-orchestrator/internal/proxy/manager_writepath.go:64.2,65.46 2 26
github.com/afreidah/s3-orchestrator/internal/proxy/manager_writepath.go:65.46,67.3 1 4
github.com/afreidah/s3-orchestrator/internal/proxy/manager_writepath.go:68.2,68.18 1 22
github.com/afreidah/s3-orchestrator/internal/proxy/manager_writepath.go:74.116,75.47 1 279
github.com/afreidah/s3-orchestrator/internal/proxy/manager_writepath.go:75.47,77.3 1 12
github.com/afreidah/s3-orchestrator/internal/proxy/manager_writepath.go:78.2,78.64 1 267
github.com/afreidah/s3-orchestrator/internal/proxy/manager_writepath.go:85.128,87.24 2 7
github.com/afreidah/s3-orchestrator/internal/proxy/manager_writepath.go:87.24,91.3 3 0
github.com/afreidah/s3-orchestrator/internal/proxy/manager_writepath.go:92.2,93.16 2 7
github.com/afreidah/s3-orchestrator/internal/proxy/manager_writepath.go:93.16,95.3 1 0
github.com/afreidah/s3-orchestrator/internal/proxy/manager_writepath.go:96.2,96.18 1 7
github.com/afreidah/s3-orchestrator/internal/proxy/manager_writepath.go:106.181,108.16 2 4
github.com/afreidah/s3-orchestrator/internal/proxy/manager_writepath.go:108.16,117.20 5 0
github.com/afreidah/s3-orchestrator/internal/proxy/manager_writepath.go:117.20,121.4 2 0
github.com/afreidah/s3-orchestrator/internal/proxy/manager_writepath.go:122.3,124.56 3 0
github.com/afreidah/s3-orchestrator/internal/proxy/manager_writepath.go:127.2,128.12 2 4
github.com/afreidah/s3-orchestrator/internal/proxy/manager_writepath.go:138.146,139.29 1 241
github.com/afreidah/s3-orchestrator/internal/proxy/manager_writepath.go:139.29,141.3 1 0
github.com/afreidah/s3-orchestrator/internal/proxy/manager_writepath.go:142.2,149.16 3 241
github.com/afreidah/s3-orchestrator/internal/proxy/manager_writepath.go:149.16,155.3 5 0
github.com/afreidah/s3-orchestrator/internal/proxy/manager_writepath.go:156.2,156.64 1 241
github.com/afreidah/s3-orchestrator/internal/proxy/manager_writepath.go:156.64,158.3 1 0
github.com/afreidah/s3-orchestrator/internal/proxy/manager_writepath.go:159.2,160.22 2 241
github.com/afreidah/s3-orchestrator/internal/proxy/manager_writepath.go:173.179,174.20 1 241
github.com/afreidah/s3-orchestrator/internal/proxy/manager_writepath.go:174.20,180.10 2 0
github.com/afreidah/s3-orchestrator/internal/proxy/manager_writepath.go:180.10,182.4 1 0
github.com/afreidah/s3-orchestrator/internal/proxy/manager_writepath.go:183.3,183.77 1 0
github.com/afreidah/s3-orchestrator/internal/proxy/manager_writepath.go:186.2,187.16 2 241
github.com/afreidah/s3-orchestrator/internal/proxy/manager_writepath.go:187.16,189.3 1 240
github.com/afreidah/s3-orchestrator/internal/proxy/manager_writepath.go:190.2,190.16 1 241
github.com/afreidah/s3-orchestrator/internal/proxy/manager_writepath.go:190.16,200.3 5 1
github.com/afreidah/s3-orchestrator/internal/proxy/manager_writepath.go:202.2,203.12 2 240
github.com/afreidah/s3-orchestrator/internal/proxy/manager_writepath.go:209.124,210.31 1 244
github.com/afreidah/s3-orchestrator/internal/proxy/manager_writepath.go:210.31,212.10 2 2
github.com/afreidah/s3-orchestrator/internal/proxy/manager_writepath.go:212.10,215.12 2 0
github.com/afreidah/s3-orchestrator/internal/proxy/manager_writepath.go:217.3,217.94 1 2
github.com/afreidah/s3-orchestrator/internal/proxy/manager_writepath.go:220.2,220.24 1 244
github.com/afreidah/s3-orchestrator/internal/proxy/manager_writepath.go:220.24,226.3 1 2
github.com/afreidah/s3-orchestrator/internal/proxy/manager_writepath.go:234.139,235.58 1 60
github.com/afreidah/s3-orchestrator/internal/proxy/manager_writepath.go:235.58,239.3 2 0
github.com/afreidah/s3-orchestrator/internal/proxy/manager_writepath.go:244.139,246.2 1 28
github.com/afreidah/s3-orchestrator/internal/proxy/manager_writepath.go:253.118,254.104 1 0
github.com/afreidah/s3-orchestrator/internal/proxy/manager_writepath.go:254.104,258.3 2 0
github.com/afreidah/s3-orchestrator/internal/proxy/manager_writepath.go:259.2,259.19 1 0
github.com/afreidah/s3-orchestrator/internal/proxy/manager_writepath.go:259.19,260.92 1 0
github.com/afreidah/s3-orchestrator/internal/proxy/manager_writepath.go:260.92,263.4 1 0
github.com/afreidah/s3-orchestrator/internal/proxy/manager_writepath.go:265.2,265.67 1 0
github.com/afreidah/s3-orchestrator/internal/proxy/multipart.go:62.157,69.2 1 27
github.com/afreidah/s3-orchestrator/internal/proxy/multipart.go:76.146,77.49 1 0
github.com/afreidah/s3-orchestrator/internal/proxy/multipart.go:77.49,79.3 1 0
github.com/afreidah/s3-orchestrator/internal/proxy/multipart.go:80.2,81.16 2 0
github.com/afreidah/s3-orchestrator/internal/proxy/multipart.go:81.16,83.3 1 0
github.com/afreidah/s3-orchestrator/internal/proxy/multipart.go:84.2,84.52 1 0
github.com/afreidah/s3-orchestrator/internal/proxy/multipart.go:84.52,86.3 1 0
github.com/afreidah/s3-orchestrator/internal/proxy/multipart.go:87.2,88.16 2 0
github.com/afreidah/s3-orchestrator/internal/proxy/multipart.go:88.16,90.3 1 0
github.com/afreidah/s3-orchestrator/internal/proxy/multipart.go:91.2,92.46 2 0
github.com/afreidah/s3-orchestrator/internal/proxy/multipart.go:98.62,100.2 1 6
github.com/afreidah/s3-orchestrator/internal/proxy/multipart.go:103.63,105.2 1 33
github.com/afreidah/s3-orchestrator/internal/proxy/multipart.go:118.149,129.16 6 6
github.com/afreidah/s3-orchestrator/internal/proxy/multipart.go:129.16,131.3 1 0
github.com/afreidah/s3-orchestrator/internal/proxy/multipart.go:133.2,147.25 3 6
github.com/afreidah/s3-orchestrator/internal/proxy/multipart.go:147.25,149.18 2 0
github.com/afreidah/s3-orchestrator/internal/proxy/multipart.go:149.18,152.4 2 0
github.com/afreidah/s3-orchestrator/internal/proxy/multipart.go:153.3,154.14 2 0
github.com/afreidah/s3-orchestrator/internal/proxy/multipart.go:157.2,165.17 1 6
github.com/afreidah/s3-orchestrator/internal/proxy/multipart.go:165.17,168.3 2 0
github.com/afreidah/s3-orchestrator/internal/proxy/multipart.go:170.2,180.35 5 6
github.com/afreidah/s3-orchestrator/internal/proxy/multipart.go:185.138,195.42 5 12
github.com/afreidah/s3-orchestrator/internal/proxy/multipart.go:195.42,199.3 3 0
github.com/afreidah/s3-orchestrator/internal/proxy/multipart.go:201.2,202.16 2 12
github.com/afreidah/s3-orchestrator/internal/proxy/multipart.go:202.16,204.3 1 0
github.com/afreidah/s3-orchestrator/internal/proxy/multipart.go:206.2,207.16 2 12
github.com/afreidah/s3-orchestrator/internal/proxy/multipart.go:207.16,210.3 2 0
github.com/afreidah/s3-orchestrator/internal/proxy/multipart.go:213.2,213.56 1 12
github.com/afreidah/s3-orchestrator/internal/proxy/multipart.go:213.56,216.3 2 0
github.com/afreidah/s3-orchestrator/internal/proxy/multipart.go:225.2,228.41 4 12
github.com/afreidah/s3-orchestrator/internal/proxy/multipart.go:228.41,230.18 2 0
github.com/afreidah/s3-orchestrator/internal/proxy/multipart.go:230.18,233.4 2 0
github.com/afreidah/s3-orchestrator/internal/proxy/multipart.go:234.3,235.17 2 0
github.com/afreidah/s3-orchestrator/internal/proxy/multipart.go:235.17,239.4 3 0
github.com/afreidah/s3-orchestrator/internal/proxy/multipart.go:240.3,248.4 4 0
github.com/afreidah/s3-orchestrator/internal/proxy/multipart.go:252.2,256.16 5 12
github.com/afreidah/s3-orchestrator/internal/proxy/multipart.go:256.16,260.3 3 0
github.com/afreidah/s3-orchestrator/internal/proxy/multipart.go:262.2,262.112 1 12
github.com/afreidah/s3-orchestrator/internal/proxy/multipart.go:262.112,272.20 5 0
github.com/afreidah/s3-orchestrator/internal/proxy/multipart.go:272.20,276.4 2 0
github.com/afreidah/s3-orchestrator/internal/proxy/multipart.go:277.3,279.58 3 0
github.com/afreidah/s3-orchestrator/internal/proxy/multipart.go:282.2,285.18 4 12
github.com/afreidah/s3-orchestrator/internal/proxy/multipart.go:296.44,300.2 3 3
github.com/afreidah/s3-orchestrator/internal/proxy/multipart.go:313.126,323.121 6 3
github.com/afreidah/s3-orchestrator/internal/proxy/multipart.go:323.121,327.3 3 3
github.com/afreidah/s3-orchestrator/internal/proxy/multipart.go:328.2,328.16 1 3
github.com/afreidah/s3-orchestrator/internal/proxy/multipart.go:328.16,330.3 1 0
github.com/afreidah/s3-orchestrator/internal/proxy/multipart.go:331.2,331.15 1 3
github.com/afreidah/s3-orchestrator/internal/proxy/multipart.go:331.15,338.3 2 0
github.com/afreidah/s3-orchestrator/internal/proxy/multipart.go:339.2,339.18 1 3
github.com/afreidah/s3-orchestrator/internal/proxy/multipart.go:356.19,358.16 2 3
github.com/afreidah/s3-orchestrator/internal/proxy/multipart.go:358.16,360.3 1 0
github.com/afreidah/s3-orchestrator/internal/proxy/multipart.go:361.2,362.16 2 3
github.com/afreidah/s3-orchestrator/internal/proxy/multipart.go:362.16,365.3 2 0
github.com/afreidah/s3-orchestrator/internal/proxy/multipart.go:367.2,368.16 2 3
github.com/afreidah/s3-orchestrator/internal/proxy/multipart.go:368.16,370.3 1 0
github.com/afreidah/s3-orchestrator/internal/proxy/multipart.go:372.2,380.16 6 3
github.com/afreidah/s3-orchestrator/internal/proxy/multipart.go:380.16,382.3 1 0
github.com/afreidah/s3-orchestrator/internal/proxy/multipart.go:385.2,386.16 2 3
github.com/afreidah/s3-orchestrator/internal/proxy/multipart.go:386.16,391.3 4 0
github.com/afreidah/s3-orchestrator/internal/proxy/multipart.go:392.2,394.118 2 3
github.com/afreidah/s3-orchestrator/internal/proxy/multipart.go:394.118,396.3 1 0
github.com/afreidah/s3-orchestrator/internal/proxy/multipart.go:398.2,408.23 4 3
github.com/afreidah/s3-orchestrator/internal/proxy/multipart.go:408.23,423.3 2 0
github.com/afreidah/s3-orchestrator/internal/proxy/multipart.go:424.2,424.27 1 3
github.com/afreidah/s3-orchestrator/internal/proxy/multipart.go:424.27,426.3 1 0
github.com/afreidah/s3-orchestrator/internal/proxy/multipart.go:428.2,429.18 2 3
github.com/afreidah/s3-orchestrator/internal/proxy/multipart.go:442.184,443.29 1 3
github.com/afreidah/s3-orchestrator/internal/proxy/multipart.go:443.29,446.3 2 9
github.com/afreidah/s3-orchestrator/internal/proxy/multipart.go:447.2,447.88 1 3
github.com/afreidah/s3-orchestrator/internal/proxy/multipart.go:447.88,449.3 1 0
github.com/afreidah/s3-orchestrator/internal/proxy/multipart.go:450.2,450.30 1 3
github.com/afreidah/s3-orchestrator/internal/proxy/multipart.go:456.155,458.16 2 3
github.com/afreidah/s3-orchestrator/internal/proxy/multipart.go:458.16,461.3 2 0
github.com/afreidah/s3-orchestrator/internal/proxy/multipart.go:462.2,463.29 2 3
github.com/afreidah/s3-orchestrator/internal/proxy/multipart.go:463.29,465.3 1 9
github.com/afreidah/s3-orchestrator/internal/proxy/multipart.go:466.2,467.33 2 3
github.com/afreidah/s3-orchestrator/internal/proxy/multipart.go:467.33,468.20 1 9
github.com/afreidah/s3-orchestrator/internal/proxy/multipart.go:468.20,470.4 1 0
github.com/afreidah/s3-orchestrator/internal/proxy/multipart.go:472.2,472.22 1 3
github.com/afreidah/s3-orchestrator/internal/proxy/multipart.go:472.22,476.3 3 0
github.com/afreidah/s3-orchestrator/internal/proxy/multipart.go:478.2,479.33 2 3
github.com/afreidah/s3-orchestrator/internal/proxy/multipart.go:479.33,481.3 1 9
github.com/afreidah/s3-orchestrator/internal/proxy/multipart.go:482.2,483.29 2 3
github.com/afreidah/s3-orchestrator/internal/proxy/multipart.go:483.29,484.30 1 9
github.com/afreidah/s3-orchestrator/internal/proxy/multipart.go:484.30,486.4 1 9
github.com/afreidah/s3-orchestrator/internal/proxy/multipart.go:488.2,488.59 1 3
github.com/afreidah/s3-orchestrator/internal/proxy/multipart.go:488.59,490.3 1 6
github.com/afreidah/s3-orchestrator/internal/proxy/multipart.go:491.2,491.19 1 3
github.com/afreidah/s3-orchestrator/internal/proxy/multipart.go:497.65,500.29 3 3
github.com/afreidah/s3-orchestrator/internal/proxy/multipart.go:500.29,501.21 1 9
github.com/afreidah/s3-orchestrator/internal/proxy/multipart.go:501.21,504.4 2 0
github.com/afreidah/s3-orchestrator/internal/proxy/multipart.go:504.9,506.4 1 9
github.com/afreidah/s3-orchestrator/internal/proxy/multipart.go:508.2,508.28 1 3
github.com/afreidah/s3-orchestrator/internal/proxy/multipart.go:527.51,530.25 3 3
github.com/afreidah/s3-orchestrator/internal/proxy/multipart.go:530.25,532.3 1 3
github.com/afreidah/s3-orchestrator/internal/proxy/multipart.go:533.2,534.17 2 0
github.com/afreidah/s3-orchestrator/internal/proxy/multipart.go:534.17,537.3 2 0
github.com/afreidah/s3-orchestrator/internal/proxy/multipart.go:538.2,539.16 2 0
github.com/afreidah/s3-orchestrator/internal/proxy/multipart.go:539.16,543.3 3 0
github.com/afreidah/s3-orchestrator/internal/proxy/multipart.go:544.2,550.8 2 0
github.com/afreidah/s3-orchestrator/internal/proxy/multipart.go:555.94,565.16 6 3
github.com/afreidah/s3-orchestrator/internal/proxy/multipart.go:565.16,567.3 1 0
github.com/afreidah/s3-orchestrator/internal/proxy/multipart.go:569.2,570.16 2 3
github.com/afreidah/s3-orchestrator/internal/proxy/multipart.go:570.16,573.3 2 0
github.com/afreidah/s3-orchestrator/internal/proxy/multipart.go:575.2,576.16 2 3
github.com/afreidah/s3-orchestrator/internal/proxy/multipart.go:576.16,580.3 3 0
github.com/afreidah/s3-orchestrator/internal/proxy/multipart.go:583.2,583.29 1 3
github.com/afreidah/s3-orchestrator/internal/proxy/multipart.go:583.29,586.3 2 3
github.com/afreidah/s3-orchestrator/internal/proxy/multipart.go:589.2,589.88 1 3
github.com/afreidah/s3-orchestrator/internal/proxy/multipart.go:589.88,592.3 2 0
github.com/afreidah/s3-orchestrator/internal/proxy/multipart.go:596.2,609.12 6 3
github.com/afreidah/s3-orchestrator/internal/proxy/multipart.go:614.134,616.2 1 1
github.com/afreidah/s3-orchestrator/internal/proxy/multipart.go:619.106,621.2 1 3
github.com/afreidah/s3-orchestrator/internal/proxy/multipart.go:625.104,627.16 2 0
github.com/afreidah/s3-orchestrator/internal/proxy/multipart.go:627.16,630.3 2 0
github.com/afreidah/s3-orchestrator/internal/proxy/multipart.go:632.2,633.25 2 0
github.com/afreidah/s3-orchestrator/internal/proxy/multipart.go:633.25,636.67 3 0
github.com/afreidah/s3-orchestrator/internal/proxy/multipart.go:636.67,638.4 1 0
github.com/afreidah/s3-orchestrator/internal/proxy/multipart.go:638.9,640.4 1 0
github.com/afreidah/s3-orchestrator/internal/proxy/multipart.go:643.2,643.17 1 0
github.com/afreidah/s3-orchestrator/internal/proxy/multipart.go:643.17,648.3 1 0
github.com/afreidah/s3-orchestrator/internal/proxy/multipart.go:653.101,655.16 2 3
github.com/afreidah/s3-orchestrator/internal/proxy/multipart.go:655.16,658.3 2 0
github.com/afreidah/s3-orchestrator/internal/proxy/multipart.go:660.2,660.25 1 3
github.com/afreidah/s3-orchestrator/internal/proxy/multipart.go:660.25,663.67 3 0
github.com/afreidah/s3-orchestrator/internal/proxy/multipart.go:663.67,666.4 1 0
github.com/afreidah/s3-orchestrator/internal/proxy/multipart.go:684.40,688.12 3 3
github.com/afreidah/s3-orchestrator/internal/proxy/multipart.go:688.12,690.16 2 3
github.com/afreidah/s3-orchestrator/internal/proxy/multipart.go:690.16,691.32 1 3
github.com/afreidah/s3-orchestrator/internal/proxy/multipart.go:691.32,693.5 1 0
github.com/afreidah/s3-orchestrator/internal/proxy/multipart.go:694.4,695.18 2 3
github.com/afreidah/s3-orchestrator/internal/proxy/multipart.go:697.3,697.24 1 3
github.com/afreidah/s3-orchestrator/internal/proxy/multipart.go:697.24,698.81 1 9
github.com/afreidah/s3-orchestrator/internal/proxy/multipart.go:698.81,701.5 2 0
github.com/afreidah/s3-orchestrator/internal/proxy/multipart.go:703.3,703.36 1 3
github.com/afreidah/s3-orchestrator/internal/proxy/multipart.go:703.36,705.4 1 0
github.com/afreidah/s3-orchestrator/internal/proxy/multipart.go:708.2,708.23 1 3
github.com/afreidah/s3-orchestrator/internal/proxy/multipart.go:722.9,728.16 5 9
github.com/afreidah/s3-orchestrator/internal/proxy/multipart.go:728.16,730.3 1 0
github.com/afreidah/s3-orchestrator/internal/proxy/multipart.go:731.2,731.15 1 9
github.com/afreidah/s3-orchestrator/internal/proxy/multipart.go:731.15,731.42 1 9
github.com/afreidah/s3-orchestrator/internal/proxy/multipart.go:733.2,734.43 2 9
github.com/afreidah/s3-orchestrator/internal/proxy/multipart.go:734.43,736.23 2 0
github.com/afreidah/s3-orchestrator/internal/proxy/multipart.go:736.23,739.4 2 0
github.com/afreidah/s3-orchestrator/internal/proxy/multipart.go:740.3,741.20 2 0
github.com/afreidah/s3-orchestrator/internal/proxy/multipart.go:741.20,744.4 2 0
github.com/afreidah/s3-orchestrator/internal/proxy/multipart.go:745.3,746.18 2 0
github.com/afreidah/s3-orchestrator/internal/proxy/multipart.go:749.2,749.49 1 9
github.com/afreidah/s3-orchestrator/internal/proxy/multipart.go:749.49,751.3 1 0
github.com/afreidah/s3-orchestrator/internal/proxy/multipart.go:752.2,752.12 1 9
github.com/afreidah/s3-orchestrator/internal/proxy/multipart.go:756.44,758.27 2 0
github.com/afreidah/s3-orchestrator/internal/proxy/multipart.go:758.27,760.3 1 0
github.com/afreidah/s3-orchestrator/internal/proxy/multipart.go:761.2,761.30 1 0
github.com/afreidah/s3-orchestrator/internal/proxy/objects.go:46.215,55.2 1 27
github.com/afreidah/s3-orchestrator/internal/proxy/objects.go:58.53,59.26 1 258
github.com/afreidah/s3-orchestrator/internal/proxy/objects.go:59.26,61.3 1 11
github.com/afreidah/s3-orchestrator/internal/proxy/objects.go:68.57,73.2 1 4
github.com/afreidah/s3-orchestrator/internal/proxy/objects.go:78.70,80.2 1 74
github.com/afreidah/s3-orchestrator/internal/proxy/objects.go:93.46,97.2 3 74
github.com/afreidah/s3-orchestrator/internal/proxy/objects.go:106.57,108.2 1 245
github.com/afreidah/s3-orchestrator/internal/proxy/objects_read.go:61.116,62.24 1 133
github.com/afreidah/s3-orchestrator/internal/proxy/objects_read.go:62.24,64.3 1 129
github.com/afreidah/s3-orchestrator/internal/proxy/objects_read.go:65.2,66.16 2 4
github.com/afreidah/s3-orchestrator/internal/proxy/objects_read.go:66.16,68.3 1 0
github.com/afreidah/s3-orchestrator/internal/proxy/objects_read.go:69.2,70.27 2 4
github.com/afreidah/s3-orchestrator/internal/proxy/objects_read.go:70.27,72.3 1 4
github.com/afreidah/s3-orchestrator/internal/proxy/objects_read.go:73.2,73.10 1 4
github.com/afreidah/s3-orchestrator/internal/proxy/objects_read.go:88.21,90.2 0 74
github.com/afreidah/s3-orchestrator/internal/proxy/objects_read.go:96.128,105.16 5 133
github.com/afreidah/s3-orchestrator/internal/proxy/objects_read.go:105.16,106.45 1 50
github.com/afreidah/s3-orchestrator/internal/proxy/objects_read.go:106.45,109.4 2 17
github.com/afreidah/s3-orchestrator/internal/proxy/objects_read.go:110.3,110.44 1 33
github.com/afreidah/s3-orchestrator/internal/proxy/objects_read.go:110.44,112.4 1 29
github.com/afreidah/s3-orchestrator/internal/proxy/objects_read.go:113.3,115.67 3 4
github.com/afreidah/s3-orchestrator/internal/proxy/objects_read.go:118.2,118.83 1 83
github.com/afreidah/s3-orchestrator/internal/proxy/objects_read.go:126.194,129.27 3 83
github.com/afreidah/s3-orchestrator/internal/proxy/objects_read.go:129.27,134.10 4 84
github.com/afreidah/s3-orchestrator/internal/proxy/objects_read.go:134.10,136.12 2 0
github.com/afreidah/s3-orchestrator/internal/proxy/objects_read.go:139.3,140.17 2 84
github.com/afreidah/s3-orchestrator/internal/proxy/objects_read.go:140.17,142.41 2 1
github.com/afreidah/s3-orchestrator/internal/proxy/objects_read.go:142.41,144.5 1 0
github.com/afreidah/s3-orchestrator/internal/proxy/objects_read.go:145.4,145.28 1 1
github.com/afreidah/s3-orchestrator/internal/proxy/objects_read.go:145.28,148.5 1 1
github.com/afreidah/s3-orchestrator/internal/proxy/objects_read.go:149.4,149.12 1 1
github.com/afreidah/s3-orchestrator/internal/proxy/objects_read.go:152.3,154.12 3 83
github.com/afreidah/s3-orchestrator/internal/proxy/objects_read.go:154.12,156.4 1 1
github.com/afreidah/s3-orchestrator/internal/proxy/objects_read.go:157.3,159.19 3 83
github.com/afreidah/s3-orchestrator/internal/proxy/objects_read.go:162.2,162.83 1 0
github.com/afreidah/s3-orchestrator/internal/proxy/objects_read.go:168.133,169.52 1 0
github.com/afreidah/s3-orchestrator/internal/proxy/objects_read.go:169.52,173.3 3 0
github.com/afreidah/s3-orchestrator/internal/proxy/objects_read.go:174.2,176.16 3 0
github.com/afreidah/s3-orchestrator/internal/proxy/objects_read.go:182.159,187.47 3 29
github.com/afreidah/s3-orchestrator/internal/proxy/objects_read.go:187.47,188.59 1 1
github.com/afreidah/s3-orchestrator/internal/proxy/objects_read.go:188.59,190.18 2 1
github.com/afreidah/s3-orchestrator/internal/proxy/objects_read.go:190.18,198.5 7 1
github.com/afreidah/s3-orchestrator/internal/proxy/objects_read.go:204.2,205.25 2 28
github.com/afreidah/s3-orchestrator/internal/proxy/objects_read.go:205.25,207.3 1 0
github.com/afreidah/s3-orchestrator/internal/proxy/objects_read.go:208.2,208.84 1 28
github.com/afreidah/s3-orchestrator/internal/proxy/objects_read.go:221.19,222.22 1 28
github.com/afreidah/s3-orchestrator/internal/proxy/objects_read.go:222.22,224.3 1 28
github.com/afreidah/s3-orchestrator/internal/proxy/objects_read.go:225.2,225.78 1 0
github.com/afreidah/s3-orchestrator/internal/proxy/objects_read.go:237.19,239.31 2 28
github.com/afreidah/s3-orchestrator/internal/proxy/objects_read.go:239.31,241.10 2 55
github.com/afreidah/s3-orchestrator/internal/proxy/objects_read.go:241.10,242.12 1 0
github.com/afreidah/s3-orchestrator/internal/proxy/objects_read.go:244.3,245.17 2 55
github.com/afreidah/s3-orchestrator/internal/proxy/objects_read.go:245.17,247.12 2 54
github.com/afreidah/s3-orchestrator/internal/proxy/objects_read.go:249.3,251.19 3 1
github.com/afreidah/s3-orchestrator/internal/proxy/objects_read.go:253.2,253.42 1 27
github.com/afreidah/s3-orchestrator/internal/proxy/objects_read.go:275.19,280.53 4 0
github.com/afreidah/s3-orchestrator/internal/proxy/objects_read.go:280.53,282.19 2 0
github.com/afreidah/s3-orchestrator/internal/proxy/objects_read.go:282.19,284.12 2 0
github.com/afreidah/s3-orchestrator/internal/proxy/objects_read.go:286.3,286.23 1 0
github.com/afreidah/s3-orchestrator/internal/proxy/objects_read.go:286.23,288.4 1 0
github.com/afreidah/s3-orchestrator/internal/proxy/objects_read.go:289.3,289.58 1 0
github.com/afreidah/s3-orchestrator/internal/proxy/objects_read.go:289.58,291.4 1 0
github.com/afreidah/s3-orchestrator/internal/proxy/objects_read.go:292.3,293.21 2 0
github.com/afreidah/s3-orchestrator/internal/proxy/objects_read.go:295.2,295.42 1 0
github.com/afreidah/s3-orchestrator/internal/proxy/objects_read.go:305.7,307.31 2 0
github.com/afreidah/s3-orchestrator/internal/proxy/objects_read.go:307.31,309.10 2 0
github.com/afreidah/s3-orchestrator/internal/proxy/objects_read.go:309.10,310.12 1 0
github.com/afreidah/s3-orchestrator/internal/proxy/objects_read.go:312.3,313.59 2 0
github.com/afreidah/s3-orchestrator/internal/proxy/objects_read.go:315.2,315.17 1 0
github.com/afreidah/s3-orchestrator/internal/proxy/objects_read.go:328.3,330.16 2 0
github.com/afreidah/s3-orchestrator/internal/proxy/objects_read.go:330.16,333.3 2 0
github.com/afreidah/s3-orchestrator/internal/proxy/objects_read.go:334.2,334.65 1 0
github.com/afreidah/s3-orchestrator/internal/proxy/objects_read.go:340.70,341.15 1 0
github.com/afreidah/s3-orchestrator/internal/proxy/objects_read.go:341.15,341.28 1 0
github.com/afreidah/s3-orchestrator/internal/proxy/objects_read.go:342.2,342.22 1 0
github.com/afreidah/s3-orchestrator/internal/proxy/objects_read.go:342.22,343.36 1 0
github.com/afreidah/s3-orchestrator/internal/proxy/objects_read.go:343.36,345.4 1 0
github.com/afreidah/s3-orchestrator/internal/proxy/objects_read.go:357.3,362.14 5 1
github.com/afreidah/s3-orchestrator/internal/proxy/objects_read.go:362.14,364.3 1 0
github.com/afreidah/s3-orchestrator/internal/proxy/objects_read.go:365.2,365.30 1 1
github.com/afreidah/s3-orchestrator/internal/proxy/objects_read.go:371.73,372.20 1 27
github.com/afreidah/s3-orchestrator/internal/proxy/objects_read.go:372.20,376.3 3 27
github.com/afreidah/s3-orchestrator/internal/proxy/objects_read.go:377.2,378.35 2 0
github.com/afreidah/s3-orchestrator/internal/proxy/objects_read.go:389.119,390.66 1 88
github.com/afreidah/s3-orchestrator/internal/proxy/objects_read.go:390.66,392.3 1 6
github.com/afreidah/s3-orchestrator/internal/proxy/objects_read.go:394.2,398.156 4 82
github.com/afreidah/s3-orchestrator/internal/proxy/objects_read.go:398.156,409.3 2 75
github.com/afreidah/s3-orchestrator/internal/proxy/objects_read.go:410.2,410.16 1 82
github.com/afreidah/s3-orchestrator/internal/proxy/objects_read.go:410.16,412.3 1 8
github.com/afreidah/s3-orchestrator/internal/proxy/objects_read.go:413.2,421.72 3 74
github.com/afreidah/s3-orchestrator/internal/proxy/objects_read.go:421.72,423.3 1 0
github.com/afreidah/s3-orchestrator/internal/proxy/objects_read.go:424.2,424.20 1 74
github.com/afreidah/s3-orchestrator/internal/proxy/objects_read.go:430.119,431.47 1 88
github.com/afreidah/s3-orchestrator/internal/proxy/objects_read.go:431.47,433.3 1 71
github.com/afreidah/s3-orchestrator/internal/proxy/objects_read.go:434.2,435.9 2 17
github.com/afreidah/s3-orchestrator/internal/proxy/objects_read.go:435.9,437.3 1 11
github.com/afreidah/s3-orchestrator/internal/proxy/objects_read.go:438.2,449.9 2 6
github.com/afreidah/s3-orchestrator/internal/proxy/objects_read.go:468.110,471.48 2 75
github.com/afreidah/s3-orchestrator/internal/proxy/objects_read.go:471.48,474.3 2 0
github.com/afreidah/s3-orchestrator/internal/proxy/objects_read.go:475.2,475.51 1 75
github.com/afreidah/s3-orchestrator/internal/proxy/objects_read.go:475.51,478.3 2 0
github.com/afreidah/s3-orchestrator/internal/proxy/objects_read.go:480.2,484.16 4 75
github.com/afreidah/s3-orchestrator/internal/proxy/objects_read.go:484.16,488.3 3 1
github.com/afreidah/s3-orchestrator/internal/proxy/objects_read.go:489.2,489.53 1 74
github.com/afreidah/s3-orchestrator/internal/proxy/objects_read.go:489.53,494.3 4 0
github.com/afreidah/s3-orchestrator/internal/proxy/objects_read.go:496.2,496.55 1 74
github.com/afreidah/s3-orchestrator/internal/proxy/objects_read.go:496.55,497.88 1 4
github.com/afreidah/s3-orchestrator/internal/proxy/objects_read.go:497.88,501.4 3 0
github.com/afreidah/s3-orchestrator/internal/proxy/objects_read.go:504.2,507.21 3 74
github.com/afreidah/s3-orchestrator/internal/proxy/objects_read.go:507.21,507.40 1 74
github.com/afreidah/s3-orchestrator/internal/proxy/objects_read.go:508.2,508.22 1 74
github.com/afreidah/s3-orchestrator/internal/proxy/objects_read.go:508.22,510.3 1 0
github.com/afreidah/s3-orchestrator/internal/proxy/objects_read.go:511.2,511.33 1 74
github.com/afreidah/s3-orchestrator/internal/proxy/objects_read.go:517.139,518.55 1 75
github.com/afreidah/s3-orchestrator/internal/proxy/objects_read.go:518.55,520.3 1 75
github.com/afreidah/s3-orchestrator/internal/proxy/objects_read.go:521.2,522.9 2 0
github.com/afreidah/s3-orchestrator/internal/proxy/objects_read.go:522.9,524.3 1 0
github.com/afreidah/s3-orchestrator/internal/proxy/objects_read.go:525.2,526.16 2 0
github.com/afreidah/s3-orchestrator/internal/proxy/objects_read.go:526.16,528.3 1 0
github.com/afreidah/s3-orchestrator/internal/proxy/objects_read.go:529.2,529.46 1 0
github.com/afreidah/s3-orchestrator/internal/proxy/objects_read.go:542.3,544.56 2 74
github.com/afreidah/s3-orchestrator/internal/proxy/objects_read.go:544.56,546.3 1 74
github.com/afreidah/s3-orchestrator/internal/proxy/objects_read.go:547.2,548.16 2 0
github.com/afreidah/s3-orchestrator/internal/proxy/objects_read.go:548.16,550.3 1 0
github.com/afreidah/s3-orchestrator/internal/proxy/objects_read.go:551.2,551.24 1 0
github.com/afreidah/s3-orchestrator/internal/proxy/objects_read.go:551.24,553.3 1 0
github.com/afreidah/s3-orchestrator/internal/proxy/objects_read.go:554.2,555.65 2 0
github.com/afreidah/s3-orchestrator/internal/proxy/objects_read.go:555.65,561.3 3 0
github.com/afreidah/s3-orchestrator/internal/proxy/objects_read.go:562.2,562.13 1 0
github.com/afreidah/s3-orchestrator/internal/proxy/objects_read.go:569.106,570.47 1 74
github.com/afreidah/s3-orchestrator/internal/proxy/objects_read.go:570.47,572.3 1 64
github.com/afreidah/s3-orchestrator/internal/proxy/objects_read.go:573.2,575.20 3 10
github.com/afreidah/s3-orchestrator/internal/proxy/objects_read.go:575.20,577.3 1 0
github.com/afreidah/s3-orchestrator/internal/proxy/objects_read.go:578.2,584.12 3 10
github.com/afreidah/s3-orchestrator/internal/proxy/objects_read.go:590.101,597.157 4 51
github.com/afreidah/s3-orchestrator/internal/proxy/objects_read.go:597.157,599.45 2 65
github.com/afreidah/s3-orchestrator/internal/proxy/objects_read.go:599.45,602.4 2 0
github.com/afreidah/s3-orchestrator/internal/proxy/objects_read.go:603.3,604.17 2 65
github.com/afreidah/s3-orchestrator/internal/proxy/objects_read.go:604.17,608.4 3 54
github.com/afreidah/s3-orchestrator/internal/proxy/objects_read.go:611.3,611.63 1 11
github.com/afreidah/s3-orchestrator/internal/proxy/objects_read.go:611.63,613.4 1 0
github.com/afreidah/s3-orchestrator/internal/proxy/objects_read.go:615.3,615.18 1 11
github.com/afreidah/s3-orchestrator/internal/proxy/objects_read.go:615.18,615.32 1 11
github.com/afreidah/s3-orchestrator/internal/proxy/objects_read.go:619.3,619.30 1 11
github.com/afreidah/s3-orchestrator/internal/proxy/objects_read.go:621.2,621.16 1 51
github.com/afreidah/s3-orchestrator/internal/proxy/objects_read.go:621.16,623.3 1 40
github.com/afreidah/s3-orchestrator/internal/proxy/objects_read.go:624.2,632.20 3 11
github.com/afreidah/s3-orchestrator/internal/proxy/objects_read.go:650.100,651.37 1 1
github.com/afreidah/s3-orchestrator/internal/proxy/objects_read.go:651.37,653.3 1 0
github.com/afreidah/s3-orchestrator/internal/proxy/objects_read.go:654.2,654.40 1 1
github.com/afreidah/s3-orchestrator/internal/proxy/objects_read.go:654.40,656.3 1 0
github.com/afreidah/s3-orchestrator/internal/proxy/objects_read.go:657.2,659.13 3 1
github.com/afreidah/s3-orchestrator/internal/proxy/objects_read.go:659.13,661.3 1 0
github.com/afreidah/s3-orchestrator/internal/proxy/objects_read.go:662.2,663.15 2 1
github.com/afreidah/s3-orchestrator/internal/proxy/objects_read.go:663.15,665.3 1 0
github.com/afreidah/s3-orchestrator/internal/proxy/objects_read.go:666.2,667.18 2 1
github.com/afreidah/s3-orchestrator/internal/proxy/objects_read.go:667.18,669.3 1 0
github.com/afreidah/s3-orchestrator/internal/proxy/objects_read.go:670.2,670.50 1 1
github.com/afreidah/s3-orchestrator/internal/proxy/objects_read.go:687.139,704.70 10 11
github.com/afreidah/s3-orchestrator/internal/proxy/objects_read.go:704.70,706.17 2 12
github.com/afreidah/s3-orchestrator/internal/proxy/objects_read.go:706.17,708.4 1 3
github.com/afreidah/s3-orchestrator/internal/proxy/objects_read.go:709.3,709.36 1 9
github.com/afreidah/s3-orchestrator/internal/proxy/objects_read.go:709.36,710.9 1 0
github.com/afreidah/s3-orchestrator/internal/proxy/objects_read.go:712.3,715.53 3 9
github.com/afreidah/s3-orchestrator/internal/proxy/objects_read.go:715.53,716.9 1 7
github.com/afreidah/s3-orchestrator/internal/proxy/objects_read.go:718.3,720.75 2 2
github.com/afreidah/s3-orchestrator/internal/proxy/objects_read.go:720.75,723.4 2 0
github.com/afreidah/s3-orchestrator/internal/proxy/objects_read.go:726.2,726.77 1 8
github.com/afreidah/s3-orchestrator/internal/proxy/objects_read.go:726.77,729.3 2 1
github.com/afreidah/s3-orchestrator/internal/proxy/objects_read.go:731.2,741.20 5 8
github.com/afreidah/s3-orchestrator/internal/proxy/objects_read.go:747.57,748.43 1 3
github.com/afreidah/s3-orchestrator/internal/proxy/objects_read.go:748.43,751.3 2 3
github.com/afreidah/s3-orchestrator/internal/proxy/objects_read.go:752.2,754.54 3 0
github.com/afreidah/s3-orchestrator/internal/proxy/objects_read.go:767.3,769.26 2 9
github.com/afreidah/s3-orchestrator/internal/proxy/objects_read.go:769.26,771.22 2 23
github.com/afreidah/s3-orchestrator/internal/proxy/objects_read.go:771.22,773.15 2 6
github.com/afreidah/s3-orchestrator/internal/proxy/objects_read.go:773.15,775.18 2 6
github.com/afreidah/s3-orchestrator/internal/proxy/objects_read.go:775.18,777.6 1 0
github.com/afreidah/s3-orchestrator/internal/proxy/objects_read.go:778.5,778.13 1 6
github.com/afreidah/s3-orchestrator/internal/proxy/objects_read.go:781.3,781.33 1 17
github.com/afreidah/s3-orchestrator/internal/proxy/objects_read.go:781.33,785.4 3 0
github.com/afreidah/s3-orchestrator/internal/proxy/objects_read.go:786.3,788.16 3 17
github.com/afreidah/s3-orchestrator/internal/proxy/objects_read.go:802.16,805.13 3 6
github.com/afreidah/s3-orchestrator/internal/proxy/objects_read.go:805.13,807.3 1 0
github.com/afreidah/s3-orchestrator/internal/proxy/objects_read.go:808.2,809.14 2 6
github.com/afreidah/s3-orchestrator/internal/proxy/objects_read.go:809.14,811.3 1 3
github.com/afreidah/s3-orchestrator/internal/proxy/objects_read.go:812.2,812.32 1 3
github.com/afreidah/s3-orchestrator/internal/proxy/objects_read.go:812.32,816.3 3 0
github.com/afreidah/s3-orchestrator/internal/proxy/objects_read.go:817.2,820.20 4 3
github.com/afreidah/s3-orchestrator/internal/proxy/objects_read.go:830.95,831.47 1 0
github.com/afreidah/s3-orchestrator/internal/proxy/objects_read.go:831.47,833.3 1 0
github.com/afreidah/s3-orchestrator/internal/proxy/objects_read.go:834.2,836.21 3 0
github.com/afreidah/s3-orchestrator/internal/proxy/objects_read.go:836.21,838.3 1 0
github.com/afreidah/s3-orchestrator/internal/proxy/objects_read.go:840.2,840.20 1 0
github.com/afreidah/s3-orchestrator/internal/proxy/objects_read.go:840.20,843.27 2 0
github.com/afreidah/s3-orchestrator/internal/proxy/objects_read.go:843.27,845.4 1 0
github.com/afreidah/s3-orchestrator/internal/proxy/objects_read.go:846.3,847.40 2 0
github.com/afreidah/s3-orchestrator/internal/proxy/objects_read.go:850.2,851.16 2 0
github.com/afreidah/s3-orchestrator/internal/proxy/objects_read.go:851.16,853.3 1 0
github.com/afreidah/s3-orchestrator/internal/proxy/objects_read.go:857.2,857.28 1 0
github.com/afreidah/s3-orchestrator/internal/proxy/objects_read.go:857.28,859.3 1 0
github.com/afreidah/s3-orchestrator/internal/proxy/objects_read.go:861.2,861.20 1 0
github.com/afreidah/s3-orchestrator/internal/proxy/objects_read.go:861.20,864.3 1 0
github.com/afreidah/s3-orchestrator/internal/proxy/objects_read.go:866.2,867.16 2 0
github.com/afreidah/s3-orchestrator/internal/proxy/objects_read.go:867.16,869.3 1 0
github.com/afreidah/s3-orchestrator/internal/proxy/objects_read.go:872.2,872.17 1 0
github.com/afreidah/s3-orchestrator/internal/proxy/objects_read.go:872.17,874.3 1 0
github.com/afreidah/s3-orchestrator/internal/proxy/objects_read.go:878.2,878.26 1 0
github.com/afreidah/s3-orchestrator/internal/proxy/objects_read.go:878.26,880.3 1 0
github.com/afreidah/s3-orchestrator/internal/proxy/objects_read.go:882.2,882.25 1 0
github.com/afreidah/s3-orchestrator/internal/proxy/objects_write.go:47.160,58.24 6 246
github.com/afreidah/s3-orchestrator/internal/proxy/objects_write.go:58.24,62.3 3 0
github.com/afreidah/s3-orchestrator/internal/proxy/objects_write.go:64.2,65.16 2 246
github.com/afreidah/s3-orchestrator/internal/proxy/objects_write.go:65.16,67.3 1 0
github.com/afreidah/s3-orchestrator/internal/proxy/objects_write.go:72.2,76.24 4 246
github.com/afreidah/s3-orchestrator/internal/proxy/objects_write.go:76.24,88.26 2 246
github.com/afreidah/s3-orchestrator/internal/proxy/objects_write.go:88.26,90.4 1 6
github.com/afreidah/s3-orchestrator/internal/proxy/objects_write.go:91.3,91.24 1 240
github.com/afreidah/s3-orchestrator/internal/proxy/objects_write.go:91.24,101.4 2 240
github.com/afreidah/s3-orchestrator/internal/proxy/objects_write.go:102.3,107.40 4 0
github.com/afreidah/s3-orchestrator/internal/proxy/objects_write.go:110.2,112.20 3 0
github.com/afreidah/s3-orchestrator/internal/proxy/objects_write.go:129.96,131.52 2 246
github.com/afreidah/s3-orchestrator/internal/proxy/objects_write.go:131.52,134.3 2 0
github.com/afreidah/s3-orchestrator/internal/proxy/objects_write.go:135.2,137.59 3 246
github.com/afreidah/s3-orchestrator/internal/proxy/objects_write.go:137.59,139.3 1 0
github.com/afreidah/s3-orchestrator/internal/proxy/objects_write.go:140.2,140.36 1 246
github.com/afreidah/s3-orchestrator/internal/proxy/objects_write.go:161.124,163.16 2 246
github.com/afreidah/s3-orchestrator/internal/proxy/objects_write.go:163.16,165.3 1 5
github.com/afreidah/s3-orchestrator/internal/proxy/objects_write.go:166.2,169.16 3 241
github.com/afreidah/s3-orchestrator/internal/proxy/objects_write.go:169.16,172.3 2 0
github.com/afreidah/s3-orchestrator/internal/proxy/objects_write.go:174.2,175.16 2 241
github.com/afreidah/s3-orchestrator/internal/proxy/objects_write.go:175.16,178.3 2 0
github.com/afreidah/s3-orchestrator/internal/proxy/objects_write.go:184.2,185.16 2 241
github.com/afreidah/s3-orchestrator/internal/proxy/objects_write.go:185.16,188.3 2 0
github.com/afreidah/s3-orchestrator/internal/proxy/objects_write.go:190.2,193.16 4 241
github.com/afreidah/s3-orchestrator/internal/proxy/objects_write.go:193.16,200.3 2 0
github.com/afreidah/s3-orchestrator/internal/proxy/objects_write.go:202.2,202.122 1 241
github.com/afreidah/s3-orchestrator/internal/proxy/objects_write.go:202.122,204.3 1 1
github.com/afreidah/s3-orchestrator/internal/proxy/objects_write.go:205.2,206.59 2 240
github.com/afreidah/s3-orchestrator/internal/proxy/objects_write.go:218.51,219.24 1 241
github.com/afreidah/s3-orchestrator/internal/proxy/objects_write.go:219.24,221.17 2 0
github.com/afreidah/s3-orchestrator/internal/proxy/objects_write.go:221.17,223.4 1 0
github.com/afreidah/s3-orchestrator/internal/proxy/objects_write.go:224.3,225.42 2 0
github.com/afreidah/s3-orchestrator/internal/proxy/objects_write.go:227.2,228.23 2 241
github.com/afreidah/s3-orchestrator/internal/proxy/objects_write.go:228.23,230.3 1 0
github.com/afreidah/s3-orchestrator/internal/proxy/objects_write.go:231.2,231.51 1 241
github.com/afreidah/s3-orchestrator/internal/proxy/objects_write.go:248.106,251.33 3 240
github.com/afreidah/s3-orchestrator/internal/proxy/objects_write.go:251.33,252.41 1 0
github.com/afreidah/s3-orchestrator/internal/proxy/objects_write.go:252.41,254.4 1 0
github.com/afreidah/s3-orchestrator/internal/proxy/objects_write.go:255.3,256.82 2 0
github.com/afreidah/s3-orchestrator/internal/proxy/objects_write.go:258.2,263.23 2 240
github.com/afreidah/s3-orchestrator/internal/proxy/objects_write.go:263.23,276.3 2 0
github.com/afreidah/s3-orchestrator/internal/proxy/objects_write.go:277.2,278.30 2 240
github.com/afreidah/s3-orchestrator/internal/proxy/objects_write.go:282.62,284.29 2 0
github.com/afreidah/s3-orchestrator/internal/proxy/objects_write.go:284.29,285.16 1 0
github.com/afreidah/s3-orchestrator/internal/proxy/objects_write.go:285.16,287.4 1 0
github.com/afreidah/s3-orchestrator/internal/proxy/objects_write.go:289.2,289.18 1 0
github.com/afreidah/s3-orchestrator/internal/proxy/objects_write.go:304.66,305.27 1 1
github.com/afreidah/s3-orchestrator/internal/proxy/objects_write.go:305.27,306.63 1 1
github.com/afreidah/s3-orchestrator/internal/proxy/objects_write.go:306.63,307.12 1 0
github.com/afreidah/s3-orchestrator/internal/proxy/objects_write.go:309.3,310.10 2 1
github.com/afreidah/s3-orchestrator/internal/proxy/objects_write.go:310.10,311.12 1 0
github.com/afreidah/s3-orchestrator/internal/proxy/objects_write.go:313.3,316.17 4 1
github.com/afreidah/s3-orchestrator/internal/proxy/objects_write.go:316.17,317.12 1 0
github.com/afreidah/s3-orchestrator/internal/proxy/objects_write.go:319.3,320.29 2 1
github.com/afreidah/s3-orchestrator/internal/proxy/objects_write.go:320.29,328.4 1 0
github.com/afreidah/s3-orchestrator/internal/proxy/objects_write.go:329.3,329.84 1 1
github.com/afreidah/s3-orchestrator/internal/proxy/objects_write.go:331.2,331.31 1 0
github.com/afreidah/s3-orchestrator/internal/proxy/objects_write.go:343.35,346.12 3 1
github.com/afreidah/s3-orchestrator/internal/proxy/objects_write.go:346.12,348.16 2 1
github.com/afreidah/s3-orchestrator/internal/proxy/objects_write.go:348.16,349.32 1 1
github.com/afreidah/s3-orchestrator/internal/proxy/objects_write.go:349.32,351.5 1 0
github.com/afreidah/s3-orchestrator/internal/proxy/objects_write.go:352.4,353.18 2 1
github.com/afreidah/s3-orchestrator/internal/proxy/objects_write.go:355.3,355.29 1 1
github.com/afreidah/s3-orchestrator/internal/proxy/objects_write.go:355.29,356.100 1 1
github.com/afreidah/s3-orchestrator/internal/proxy/objects_write.go:356.100,358.5 1 1
github.com/afreidah/s3-orchestrator/internal/proxy/objects_write.go:360.3,361.71 2 0
github.com/afreidah/s3-orchestrator/internal/proxy/objects_write.go:363.2,363.25 1 1
github.com/afreidah/s3-orchestrator/internal/proxy/objects_write.go:378.8,379.52 1 1
github.com/afreidah/s3-orchestrator/internal/proxy/objects_write.go:379.52,381.3 1 0
github.com/afreidah/s3-orchestrator/internal/proxy/objects_write.go:382.2,383.9 2 1
github.com/afreidah/s3-orchestrator/internal/proxy/objects_write.go:383.9,385.3 1 0
github.com/afreidah/s3-orchestrator/internal/proxy/objects_write.go:386.2,388.16 3 1
github.com/afreidah/s3-orchestrator/internal/proxy/objects_write.go:388.16,391.3 2 0
github.com/afreidah/s3-orchestrator/internal/proxy/objects_write.go:392.2,396.20 5 1
github.com/afreidah/s3-orchestrator/internal/proxy/objects_write.go:396.20,399.3 2 0
github.com/afreidah/s3-orchestrator/internal/proxy/objects_write.go:400.2,400.45 1 1
github.com/afreidah/s3-orchestrator/internal/proxy/objects_write.go:400.45,403.3 2 0
github.com/afreidah/s3-orchestrator/internal/proxy/objects_write.go:404.2,404.13 1 1
github.com/afreidah/s3-orchestrator/internal/proxy/objects_write.go:410.100,421.16 6 1
github.com/afreidah/s3-orchestrator/internal/proxy/objects_write.go:421.16,422.45 1 0
github.com/afreidah/s3-orchestrator/internal/proxy/objects_write.go:422.45,425.4 2 0
github.com/afreidah/s3-orchestrator/internal/proxy/objects_write.go:426.3,426.56 1 0
github.com/afreidah/s3-orchestrator/internal/proxy/objects_write.go:429.2,430.9 2 1
github.com/afreidah/s3-orchestrator/internal/proxy/objects_write.go:430.9,434.3 3 0
github.com/afreidah/s3-orchestrator/internal/proxy/objects_write.go:435.2,438.16 3 1
github.com/afreidah/s3-orchestrator/internal/proxy/objects_write.go:438.16,440.3 1 0
github.com/afreidah/s3-orchestrator/internal/proxy/objects_write.go:441.2,442.16 2 1
github.com/afreidah/s3-orchestrator/internal/proxy/objects_write.go:442.16,445.3 2 0
github.com/afreidah/s3-orchestrator/internal/proxy/objects_write.go:447.2,452.16 4 1
github.com/afreidah/s3-orchestrator/internal/proxy/objects_write.go:452.16,456.3 3 0
github.com/afreidah/s3-orchestrator/internal/proxy/objects_write.go:461.2,461.119 1 1
github.com/afreidah/s3-orchestrator/internal/proxy/objects_write.go:461.119,463.3 1 0
github.com/afreidah/s3-orchestrator/internal/proxy/objects_write.go:466.2,470.34 4 1
github.com/afreidah/s3-orchestrator/internal/proxy/objects_write.go:470.34,473.3 2 1
github.com/afreidah/s3-orchestrator/internal/proxy/objects_write.go:474.2,483.23 3 1
github.com/afreidah/s3-orchestrator/internal/proxy/objects_write.go:483.23,497.3 2 0
github.com/afreidah/s3-orchestrator/internal/proxy/objects_write.go:498.2,501.18 3 1
github.com/afreidah/s3-orchestrator/internal/proxy/objects_write.go:509.77,521.16 6 38
github.com/afreidah/s3-orchestrator/internal/proxy/objects_write.go:521.16,522.45 1 24
github.com/afreidah/s3-orchestrator/internal/proxy/objects_write.go:522.45,526.4 2 21
github.com/afreidah/s3-orchestrator/internal/proxy/objects_write.go:527.3,527.52 1 3
github.com/afreidah/s3-orchestrator/internal/proxy/objects_write.go:530.2,536.90 3 14
github.com/afreidah/s3-orchestrator/internal/proxy/objects_write.go:536.90,538.10 2 15
github.com/afreidah/s3-orchestrator/internal/proxy/objects_write.go:538.10,542.4 2 0
github.com/afreidah/s3-orchestrator/internal/proxy/objects_write.go:543.3,543.93 1 15
github.com/afreidah/s3-orchestrator/internal/proxy/objects_write.go:547.2,547.21 1 14
github.com/afreidah/s3-orchestrator/internal/proxy/objects_write.go:547.21,549.3 1 14
github.com/afreidah/s3-orchestrator/internal/proxy/objects_write.go:550.2,550.27 1 14
github.com/afreidah/s3-orchestrator/internal/proxy/objects_write.go:550.27,552.3 1 15
github.com/afreidah/s3-orchestrator/internal/proxy/objects_write.go:554.2,558.23 2 14
github.com/afreidah/s3-orchestrator/internal/proxy/objects_write.go:558.23,570.3 2 0
github.com/afreidah/s3-orchestrator/internal/proxy/objects_write.go:571.2,574.12 3 14
github.com/afreidah/s3-orchestrator/internal/proxy/objects_write.go:600.96,610.27 6 1
github.com/afreidah/s3-orchestrator/internal/proxy/objects_write.go:610.27,612.3 1 3
github.com/afreidah/s3-orchestrator/internal/proxy/objects_write.go:614.2,615.16 2 1
github.com/afreidah/s3-orchestrator/internal/proxy/objects_write.go:615.16,619.26 2 0
github.com/afreidah/s3-orchestrator/internal/proxy/objects_write.go:619.26,621.4 1 0
github.com/afreidah/s3-orchestrator/internal/proxy/objects_write.go:622.3,622.17 1 0
github.com/afreidah/s3-orchestrator/internal/proxy/objects_write.go:627.2,627.27 1 1
github.com/afreidah/s3-orchestrator/internal/proxy/objects_write.go:627.27,630.3 2 3
github.com/afreidah/s3-orchestrator/internal/proxy/objects_write.go:632.2,633.87 2 1
github.com/afreidah/s3-orchestrator/internal/proxy/objects_write.go:633.87,635.3 1 3
github.com/afreidah/s3-orchestrator/internal/proxy/objects_write.go:637.2,645.23 4 1
github.com/afreidah/s3-orchestrator/internal/proxy/objects_write.go:645.23,655.3 1 0
github.com/afreidah/s3-orchestrator/internal/proxy/objects_write.go:657.2,663.16 3 1
github.com/afreidah/s3-orchestrator/internal/proxy/objects_write.go:669.127,671.39 2 1
github.com/afreidah/s3-orchestrator/internal/proxy/objects_write.go:671.39,672.29 1 3
github.com/afreidah/s3-orchestrator/internal/proxy/objects_write.go:672.29,674.11 2 3
github.com/afreidah/s3-orchestrator/internal/proxy/objects_write.go:674.11,677.13 2 0
github.com/afreidah/s3-orchestrator/internal/proxy/objects_write.go:679.4,682.43 2 3
github.com/afreidah/s3-orchestrator/internal/proxy/objects_write.go:685.2,685.14 1 1
github.com/afreidah/s3-orchestrator/internal/proxy/objects_write.go:690.66,692.28 2 1
github.com/afreidah/s3-orchestrator/internal/proxy/objects_write.go:692.28,693.19 1 3
github.com/afreidah/s3-orchestrator/internal/proxy/objects_write.go:693.19,695.4 1 0
github.com/afreidah/s3-orchestrator/internal/proxy/objects_write.go:695.9,697.4 1 3
github.com/afreidah/s3-orchestrator/internal/proxy/objects_write.go:699.2,699.33 1 1
github.com/afreidah/s3-orchestrator/internal/proxy/reconcile.go:64.9,66.41 2 1
github.com/afreidah/s3-orchestrator/internal/proxy/reconcile.go:66.41,68.3 1 0
github.com/afreidah/s3-orchestrator/internal/proxy/reconcile.go:69.2,69.41 1 1
github.com/afreidah/s3-orchestrator/internal/proxy/reconcile.go:69.41,71.3 1 0
github.com/afreidah/s3-orchestrator/internal/proxy/reconcile.go:72.2,72.16 1 1
github.com/afreidah/s3-orchestrator/internal/proxy/reconcile.go:72.16,73.37 1 83
github.com/afreidah/s3-orchestrator/internal/proxy/reconcile.go:73.37,75.4 1 0
github.com/afreidah/s3-orchestrator/internal/proxy/reconcile.go:77.2,77.12 1 1
github.com/afreidah/s3-orchestrator/internal/proxy/reconcile.go:96.34,96.63 1 84
github.com/afreidah/s3-orchestrator/internal/proxy/reconcile.go:100.54,101.9 1 83
github.com/afreidah/s3-orchestrator/internal/proxy/reconcile.go:102.56,103.27 1 82
github.com/afreidah/s3-orchestrator/internal/proxy/reconcile.go:104.44,105.27 1 1
github.com/afreidah/s3-orchestrator/internal/proxy/reconcile.go:106.10,107.26 1 0
github.com/afreidah/s3-orchestrator/internal/proxy/reconcile.go:114.60,115.49 1 82
github.com/afreidah/s3-orchestrator/internal/proxy/reconcile.go:115.49,117.3 1 0
github.com/afreidah/s3-orchestrator/internal/proxy/reconcile.go:118.2,118.25 1 82
github.com/afreidah/s3-orchestrator/internal/proxy/reconcile.go:124.60,125.53 1 1
github.com/afreidah/s3-orchestrator/internal/proxy/reconcile.go:125.53,127.3 1 0
github.com/afreidah/s3-orchestrator/internal/proxy/reconcile.go:128.2,128.25 1 1
github.com/afreidah/s3-orchestrator/internal/proxy/reconcile.go:133.59,134.41 1 0
github.com/afreidah/s3-orchestrator/internal/proxy/reconcile.go:134.41,136.3 1 0
github.com/afreidah/s3-orchestrator/internal/proxy/reconcile.go:137.2,137.25 1 0
github.com/afreidah/s3-orchestrator/internal/proxy/reconcile.go:141.59,143.16 2 83
github.com/afreidah/s3-orchestrator/internal/proxy/reconcile.go:143.16,145.3 1 0
github.com/afreidah/s3-orchestrator/internal/proxy/reconcile.go:146.2,147.12 2 83
github.com/afreidah/s3-orchestrator/internal/proxy/reconcile.go:151.59,153.16 2 2
github.com/afreidah/s3-orchestrator/internal/proxy/reconcile.go:153.16,155.3 1 0
github.com/afreidah/s3-orchestrator/internal/proxy/reconcile.go:156.2,157.12 2 2
github.com/afreidah/s3-orchestrator/internal/proxy/reconcile.go:197.16,205.12 3 1
github.com/afreidah/s3-orchestrator/internal/proxy/reconcile.go:205.12,207.84 2 1
github.com/afreidah/s3-orchestrator/internal/proxy/reconcile.go:207.84,208.23 1 1
github.com/afreidah/s3-orchestrator/internal/proxy/reconcile.go:208.23,210.5 1 1
github.com/afreidah/s3-orchestrator/internal/proxy/reconcile.go:211.4,211.27 1 1
github.com/afreidah/s3-orchestrator/internal/proxy/reconcile.go:211.27,214.12 3 82
github.com/afreidah/s3-orchestrator/internal/proxy/reconcile.go:214.12,215.14 1 0
github.com/afreidah/s3-orchestrator/internal/proxy/reconcile.go:217.5,217.12 1 82
github.com/afreidah/s3-orchestrator/internal/proxy/reconcile.go:218.64,218.64 0 82
github.com/afreidah/s3-orchestrator/internal/proxy/reconcile.go:219.29,220.28 1 0
github.com/afreidah/s3-orchestrator/internal/proxy/reconcile.go:223.4,223.14 1 1
github.com/afreidah/s3-orchestrator/internal/proxy/reconcile.go:225.3,225.54 1 1
github.com/afreidah/s3-orchestrator/internal/proxy/reconcile.go:225.54,227.4 1 0
github.com/afreidah/s3-orchestrator/internal/proxy/reconcile.go:228.3,228.17 1 1
github.com/afreidah/s3-orchestrator/internal/proxy/reconcile.go:231.2,231.10 1 1
github.com/afreidah/s3-orchestrator/internal/proxy/reconcile.go:237.87,238.45 1 82
github.com/afreidah/s3-orchestrator/internal/proxy/reconcile.go:238.45,240.3 1 82
github.com/afreidah/s3-orchestrator/internal/proxy/reconcile.go:241.2,241.34 1 0
github.com/afreidah/s3-orchestrator/internal/proxy/reconcile.go:241.34,242.35 1 0
github.com/afreidah/s3-orchestrator/internal/proxy/reconcile.go:242.35,244.4 1 0
github.com/afreidah/s3-orchestrator/internal/proxy/reconcile.go:246.2,246.36 1 0
github.com/afreidah/s3-orchestrator/internal/proxy/reconcile.go:256.79,257.22 1 83
github.com/afreidah/s3-orchestrator/internal/proxy/reconcile.go:257.22,259.3 1 0
github.com/afreidah/s3-orchestrator/internal/proxy/reconcile.go:260.2,260.9 1 83
github.com/afreidah/s3-orchestrator/internal/proxy/reconcile.go:261.23,262.9 1 83
github.com/afreidah/s3-orchestrator/internal/proxy/reconcile.go:262.9,264.4 1 82
github.com/afreidah/s3-orchestrator/internal/proxy/reconcile.go:266.3,266.47 1 1
github.com/afreidah/s3-orchestrator/internal/proxy/reconcile.go:266.47,269.4 2 0
github.com/afreidah/s3-orchestrator/internal/proxy/reconcile.go:270.3,270.38 1 1
github.com/afreidah/s3-orchestrator/internal/proxy/reconcile.go:271.20,273.44 2 0
github.com/afreidah/s3-orchestrator/internal/proxy/reconcile.go:280.30,281.18 1 1
github.com/afreidah/s3-orchestrator/internal/proxy/reconcile.go:281.18,284.3 2 1
github.com/afreidah/s3-orchestrator/internal/proxy/reconcile.go:317.113,324.2 1 1
github.com/afreidah/s3-orchestrator/internal/proxy/reconcile.go:331.82,332.6 1 2
github.com/afreidah/s3-orchestrator/internal/proxy/reconcile.go:332.6,334.27 1 3
github.com/afreidah/s3-orchestrator/internal/proxy/reconcile.go:334.27,338.32 4 1
github.com/afreidah/s3-orchestrator/internal/proxy/reconcile.go:338.32,340.5 1 1
github.com/afreidah/s3-orchestrator/internal/proxy/reconcile.go:342.3,342.18 1 2
github.com/afreidah/s3-orchestrator/internal/proxy/reconcile.go:342.18,344.4 1 0
github.com/afreidah/s3-orchestrator/internal/proxy/reconcile.go:345.3,345.35 1 2
github.com/afreidah/s3-orchestrator/internal/proxy/reconcile.go:345.35,347.4 1 0
github.com/afreidah/s3-orchestrator/internal/proxy/reconcile.go:348.3,349.17 2 2
github.com/afreidah/s3-orchestrator/internal/proxy/reconcile.go:349.17,351.4 1 0
github.com/afreidah/s3-orchestrator/internal/proxy/reconcile.go:352.3,352.21 1 2
github.com/afreidah/s3-orchestrator/internal/proxy/reconcile.go:352.21,355.4 2 1
github.com/afreidah/s3-orchestrator/internal/proxy/reconcile.go:356.3,357.12 2 1
github.com/afreidah/s3-orchestrator/internal/proxy/reconcile.go:364.34,368.2 0 1
github.com/afreidah/s3-orchestrator/internal/proxy/reconcile.go:373.51,374.45 1 1
github.com/afreidah/s3-orchestrator/internal/proxy/reconcile.go:374.45,376.3 1 0
github.com/afreidah/s3-orchestrator/internal/proxy/reconcile.go:377.2,377.36 1 1
github.com/afreidah/s3-orchestrator/internal/proxy/reconcile.go:377.36,378.32 1 0
github.com/afreidah/s3-orchestrator/internal/proxy/reconcile.go:378.32,380.4 1 0
github.com/afreidah/s3-orchestrator/internal/proxy/reconcile.go:382.2,382.13 1 1
github.com/afreidah/s3-orchestrator/internal/proxy/reconcile.go:392.130,393.59 1 1
github.com/afreidah/s3-orchestrator/internal/proxy/reconcile.go:393.59,395.17 2 82
github.com/afreidah/s3-orchestrator/internal/proxy/reconcile.go:395.17,398.4 2 71
github.com/afreidah/s3-orchestrator/internal/proxy/reconcile.go:399.3,399.15 1 11
github.com/afreidah/s3-orchestrator/internal/proxy/reconcile.go:399.15,401.4 1 11
github.com/afreidah/s3-orchestrator/internal/proxy/reconcile.go:402.3,402.13 1 11
github.com/afreidah/s3-orchestrator/internal/proxy/reconcile.go:408.120,409.53 1 1
github.com/afreidah/s3-orchestrator/internal/proxy/reconcile.go:409.53,410.56 1 1
github.com/afreidah/s3-orchestrator/internal/proxy/reconcile.go:410.56,413.4 2 0
github.com/afreidah/s3-orchestrator/internal/proxy/reconcile.go:414.3,416.13 3 1
github.com/afreidah/s3-orchestrator/internal/proxy/dashboard/aggregator.go:50.94,56.2 1 27
github.com/afreidah/s3-orchestrator/internal/proxy/dashboard/aggregator.go:59.67,71.16 5 0
github.com/afreidah/s3-orchestrator/internal/proxy/dashboard/aggregator.go:71.16,73.3 1 0
github.com/afreidah/s3-orchestrator/internal/proxy/dashboard/aggregator.go:75.2,76.16 2 0
github.com/afreidah/s3-orchestrator/internal/proxy/dashboard/aggregator.go:76.16,78.3 1 0
github.com/afreidah/s3-orchestrator/internal/proxy/dashboard/aggregator.go:80.2,81.16 2 0
github.com/afreidah/s3-orchestrator/internal/proxy/dashboard/aggregator.go:81.16,83.3 1 0
github.com/afreidah/s3-orchestrator/internal/proxy/dashboard/aggregator.go:85.2,86.16 2 0
github.com/afreidah/s3-orchestrator/internal/proxy/dashboard/aggregator.go:86.16,88.3 1 0
github.com/afreidah/s3-orchestrator/internal/proxy/dashboard/aggregator.go:91.2,92.16 2 0
github.com/afreidah/s3-orchestrator/internal/proxy/dashboard/aggregator.go:92.16,94.3 1 0
github.com/afreidah/s3-orchestrator/internal/proxy/dashboard/aggregator.go:96.2,96.18 1 0
github.com/afreidah/s3-orchestrator/internal/proxy/dashboard/aggregator.go:101.140,102.35 1 0
github.com/afreidah/s3-orchestrator/internal/proxy/dashboard/aggregator.go:102.35,104.3 1 0
github.com/afreidah/s3-orchestrator/internal/proxy/dashboard/aggregator.go:105.2,105.73 1 0
github.com/afreidah/s3-orchestrator/internal/proxy/drain/manager.go:54.40,54.64 1 0
github.com/afreidah/s3-orchestrator/internal/proxy/drain/manager.go:57.37,58.36 1 2
github.com/afreidah/s3-orchestrator/internal/proxy/drain/manager.go:58.36,60.3 1 0
github.com/afreidah/s3-orchestrator/internal/proxy/drain/manager.go:61.2,61.12 1 2
github.com/afreidah/s3-orchestrator/internal/proxy/drain/manager.go:95.12,103.2 1 27
github.com/afreidah/s3-orchestrator/internal/proxy/drain/manager.go:106.48,109.2 2 1090
github.com/afreidah/s3-orchestrator/internal/proxy/drain/manager.go:115.55,117.43 2 0
github.com/afreidah/s3-orchestrator/internal/proxy/drain/manager.go:117.43,119.10 2 0
github.com/afreidah/s3-orchestrator/internal/proxy/drain/manager.go:120.21,121.34 1 0
github.com/afreidah/s3-orchestrator/internal/proxy/drain/manager.go:122.11,122.11 0 0
github.com/afreidah/s3-orchestrator/internal/proxy/drain/manager.go:124.3,124.14 1 0
github.com/afreidah/s3-orchestrator/internal/proxy/drain/manager.go:126.2,126.18 1 0
github.com/afreidah/s3-orchestrator/internal/proxy/drain/manager.go:131.32,132.41 1 116
github.com/afreidah/s3-orchestrator/internal/proxy/drain/manager.go:132.41,135.3 2 2
github.com/afreidah/s3-orchestrator/internal/proxy/drain/manager.go:141.20,143.2 0 0
github.com/afreidah/s3-orchestrator/internal/proxy/drain/manager.go:148.50,153.2 1 0
github.com/afreidah/s3-orchestrator/internal/proxy/drain/manager.go:158.53,165.2 3 0
github.com/afreidah/s3-orchestrator/internal/proxy/drain/manager.go:174.70,175.44 1 3
github.com/afreidah/s3-orchestrator/internal/proxy/drain/manager.go:175.44,177.3 1 0
github.com/afreidah/s3-orchestrator/internal/proxy/drain/manager.go:184.2,189.62 3 3
github.com/afreidah/s3-orchestrator/internal/proxy/drain/manager.go:189.62,192.3 2 0
github.com/afreidah/s3-orchestrator/internal/proxy/drain/manager.go:194.2,198.12 4 3
github.com/afreidah/s3-orchestrator/internal/proxy/drain/manager.go:202.89,204.9 2 4
github.com/afreidah/s3-orchestrator/internal/proxy/drain/manager.go:204.9,206.3 1 0
github.com/afreidah/s3-orchestrator/internal/proxy/drain/manager.go:208.2,215.9 3 4
github.com/afreidah/s3-orchestrator/internal/proxy/drain/manager.go:216.20,218.40 2 2
github.com/afreidah/s3-orchestrator/internal/proxy/drain/manager.go:218.40,220.4 1 0
github.com/afreidah/s3-orchestrator/internal/proxy/drain/manager.go:221.3,221.23 1 2
github.com/afreidah/s3-orchestrator/internal/proxy/drain/manager.go:222.10,222.10 0 2
github.com/afreidah/s3-orchestrator/internal/proxy/drain/manager.go:226.2,227.16 2 2
github.com/afreidah/s3-orchestrator/internal/proxy/drain/manager.go:227.16,229.3 1 0
github.com/afreidah/s3-orchestrator/internal/proxy/drain/manager.go:230.2,233.22 3 2
github.com/afreidah/s3-orchestrator/internal/proxy/drain/manager.go:239.50,241.9 2 1
github.com/afreidah/s3-orchestrator/internal/proxy/drain/manager.go:241.9,243.3 1 0
github.com/afreidah/s3-orchestrator/internal/proxy/drain/manager.go:245.2,248.9 2 1
github.com/afreidah/s3-orchestrator/internal/proxy/drain/manager.go:249.20,252.13 3 1
github.com/afreidah/s3-orchestrator/internal/proxy/drain/manager.go:253.10,253.10 0 0
github.com/afreidah/s3-orchestrator/internal/proxy/drain/manager.go:256.2,261.12 6 0
github.com/afreidah/s3-orchestrator/internal/proxy/drain/manager.go:265.81,278.78 7 3
github.com/afreidah/s3-orchestrator/internal/proxy/drain/manager.go:278.78,281.3 2 0
github.com/afreidah/s3-orchestrator/internal/proxy/drain/manager.go:282.2,282.35 1 3
github.com/afreidah/s3-orchestrator/internal/proxy/drain/manager.go:288.134,289.6 1 3
github.com/afreidah/s3-orchestrator/internal/proxy/drain/manager.go:289.6,290.35 1 6
github.com/afreidah/s3-orchestrator/internal/proxy/drain/manager.go:290.35,292.4 1 0
github.com/afreidah/s3-orchestrator/internal/proxy/drain/manager.go:294.3,295.17 2 6
github.com/afreidah/s3-orchestrator/internal/proxy/drain/manager.go:295.17,298.4 2 0
github.com/afreidah/s3-orchestrator/internal/proxy/drain/manager.go:299.3,299.24 1 6
github.com/afreidah/s3-orchestrator/internal/proxy/drain/manager.go:299.24,301.4 1 3
github.com/afreidah/s3-orchestrator/internal/proxy/drain/manager.go:303.3,303.26 1 3
github.com/afreidah/s3-orchestrator/internal/proxy/drain/manager.go:303.26,304.36 1 7
github.com/afreidah/s3-orchestrator/internal/proxy/drain/manager.go:304.36,306.5 1 0
github.com/afreidah/s3-orchestrator/internal/proxy/drain/manager.go:307.4,307.60 1 7
github.com/afreidah/s3-orchestrator/internal/proxy/drain/manager.go:307.60,311.5 3 7
github.com/afreidah/s3-orchestrator/internal/proxy/drain/manager.go:320.82,324.2 3 0
github.com/afreidah/s3-orchestrator/internal/proxy/drain/manager.go:331.86,333.33 2 3
github.com/afreidah/s3-orchestrator/internal/proxy/drain/manager.go:333.33,336.3 1 0
github.com/afreidah/s3-orchestrator/internal/proxy/drain/manager.go:338.2,338.72 1 3
github.com/afreidah/s3-orchestrator/internal/proxy/drain/manager.go:338.72,341.3 2 0
github.com/afreidah/s3-orchestrator/internal/proxy/drain/manager.go:343.2,349.104 3 3
github.com/afreidah/s3-orchestrator/internal/proxy/drain/manager.go:355.136,357.16 2 7
github.com/afreidah/s3-orchestrator/internal/proxy/drain/manager.go:357.16,361.3 2 0
github.com/afreidah/s3-orchestrator/internal/proxy/drain/manager.go:362.2,362.64 1 7
github.com/afreidah/s3-orchestrator/internal/proxy/drain/manager.go:362.64,364.3 1 1
github.com/afreidah/s3-orchestrator/internal/proxy/drain/manager.go:365.2,365.61 1 6
github.com/afreidah/s3-orchestrator/internal/proxy/drain/manager.go:370.79,371.27 1 7
github.com/afreidah/s3-orchestrator/internal/proxy/drain/manager.go:371.27,372.42 1 8
github.com/afreidah/s3-orchestrator/internal/proxy/drain/manager.go:372.42,374.4 1 1
github.com/afreidah/s3-orchestrator/internal/proxy/drain/manager.go:376.2,376.11 1 6
github.com/afreidah/s3-orchestrator/internal/proxy/drain/manager.go:382.164,383.84 1 1
github.com/afreidah/s3-orchestrator/internal/proxy/drain/manager.go:383.84,387.3 2 0
github.com/afreidah/s3-orchestrator/internal/proxy/drain/manager.go:388.2,396.13 4 1
github.com/afreidah/s3-orchestrator/internal/proxy/drain/manager.go:403.141,405.9 2 6
github.com/afreidah/s3-orchestrator/internal/proxy/drain/manager.go:405.9,407.3 1 0
github.com/afreidah/s3-orchestrator/internal/proxy/drain/manager.go:409.2,409.88 1 6
github.com/afreidah/s3-orchestrator/internal/proxy/drain/manager.go:409.88,416.3 2 0
github.com/afreidah/s3-orchestrator/internal/proxy/drain/manager.go:418.2,419.16 2 6
github.com/afreidah/s3-orchestrator/internal/proxy/drain/manager.go:419.16,425.3 4 0
github.com/afreidah/s3-orchestrator/internal/proxy/drain/manager.go:426.2,426.20 1 6
github.com/afreidah/s3-orchestrator/internal/proxy/drain/manager.go:426.20,431.3 3 0
github.com/afreidah/s3-orchestrator/internal/proxy/drain/manager.go:433.2,443.13 5 6
github.com/afreidah/s3-orchestrator/internal/proxy/drain/manager.go:449.141,451.46 2 6
github.com/afreidah/s3-orchestrator/internal/proxy/drain/manager.go:451.46,452.44 1 12
github.com/afreidah/s3-orchestrator/internal/proxy/drain/manager.go:452.44,453.12 1 6
github.com/afreidah/s3-orchestrator/internal/proxy/drain/manager.go:455.3,455.36 1 6
github.com/afreidah/s3-orchestrator/internal/proxy/drain/manager.go:457.2,458.16 2 6
github.com/afreidah/s3-orchestrator/internal/proxy/drain/manager.go:458.16,462.3 2 0
github.com/afreidah/s3-orchestrator/internal/proxy/drain/manager.go:463.2,464.16 2 6
github.com/afreidah/s3-orchestrator/internal/proxy/drain/manager.go:464.16,467.3 2 0
github.com/afreidah/s3-orchestrator/internal/proxy/drain/manager.go:468.2,468.36 1 6
github.com/afreidah/s3-orchestrator/internal/proxy/drain/manager.go:478.85,479.24 1 1
github.com/afreidah/s3-orchestrator/internal/proxy/drain/manager.go:479.24,481.3 1 0
github.com/afreidah/s3-orchestrator/internal/proxy/drain/manager.go:483.2,486.11 2 1
github.com/afreidah/s3-orchestrator/internal/proxy/drain/manager.go:486.11,488.9 2 0
github.com/afreidah/s3-orchestrator/internal/proxy/drain/manager.go:488.9,490.4 1 0
github.com/afreidah/s3-orchestrator/internal/proxy/drain/manager.go:494.2,494.72 1 1
github.com/afreidah/s3-orchestrator/internal/proxy/drain/manager.go:494.72,496.3 1 0
github.com/afreidah/s3-orchestrator/internal/proxy/drain/manager.go:498.2,504.12 3 1
github.com/afreidah/s3-orchestrator/internal/proxy/drain/manager.go:509.99,510.6 1 0
github.com/afreidah/s3-orchestrator/internal/proxy/drain/manager.go:510.6,512.17 2 0
github.com/afreidah/s3-orchestrator/internal/proxy/drain/manager.go:512.17,516.4 2 0
github.com/afreidah/s3-orchestrator/internal/proxy/drain/manager.go:517.3,517.24 1 0
github.com/afreidah/s3-orchestrator/internal/proxy/drain/manager.go:517.24,519.4 1 0
github.com/afreidah/s3-orchestrator/internal/proxy/drain/manager.go:521.3,521.26 1 0
github.com/afreidah/s3-orchestrator/internal/proxy/drain/manager.go:521.26,522.83 1 0
github.com/afreidah/s3-orchestrator/internal/proxy/drain/manager.go:522.83,525.5 1 0
github.com/afreidah/s3-orchestrator/internal/proxy/drain/manager.go:526.4,528.90 2 0
github.com/afreidah/s3-orchestrator/internal/proxy/drain/manager.go:528.90,531.5 1 0
github.com/afreidah/s3-orchestrator/internal/proxy/metrics/collector.go:55.115,62.2 1 27
github.com/afreidah/s3-orchestrator/internal/proxy/metrics/collector.go:70.93,72.16 2 373
github.com/afreidah/s3-orchestrator/internal/proxy/metrics/collector.go:72.16,74.3 1 0
github.com/afreidah/s3-orchestrator/internal/proxy/metrics/collector.go:76.2,77.100 2 373
github.com/afreidah/s3-orchestrator/internal/proxy/metrics/collector.go:87.68,89.16 2 0
github.com/afreidah/s3-orchestrator/internal/proxy/metrics/collector.go:89.16,91.3 1 0
github.com/afreidah/s3-orchestrator/internal/proxy/metrics/collector.go:92.2,97.12 6 0
github.com/afreidah/s3-orchestrator/internal/proxy/metrics/collector.go:102.94,103.32 1 0
github.com/afreidah/s3-orchestrator/internal/proxy/metrics/collector.go:103.32,106.27 3 0
github.com/afreidah/s3-orchestrator/internal/proxy/metrics/collector.go:106.27,109.12 3 0
github.com/afreidah/s3-orchestrator/internal/proxy/metrics/collector.go:111.3,114.59 4 0
github.com/afreidah/s3-orchestrator/internal/proxy/metrics/collector.go:121.120,123.23 2 0
github.com/afreidah/s3-orchestrator/internal/proxy/metrics/collector.go:123.23,125.3 1 0
github.com/afreidah/s3-orchestrator/internal/proxy/metrics/collector.go:126.2,131.23 2 0
github.com/afreidah/s3-orchestrator/internal/proxy/metrics/collector.go:131.23,133.3 1 0
github.com/afreidah/s3-orchestrator/internal/proxy/metrics/collector.go:134.2,143.4 1 0
github.com/afreidah/s3-orchestrator/internal/proxy/metrics/collector.go:149.100,151.16 2 0
github.com/afreidah/s3-orchestrator/internal/proxy/metrics/collector.go:151.16,154.3 2 0
github.com/afreidah/s3-orchestrator/internal/proxy/metrics/collector.go:155.2,155.26 1 0
github.com/afreidah/s3-orchestrator/internal/proxy/metrics/collector.go:155.26,157.3 1 0
github.com/afreidah/s3-orchestrator/internal/proxy/metrics/collector.go:158.2,158.37 1 0
github.com/afreidah/s3-orchestrator/internal/proxy/metrics/collector.go:158.37,160.3 1 0
github.com/afreidah/s3-orchestrator/internal/proxy/metrics/collector.go:165.103,167.16 2 0
github.com/afreidah/s3-orchestrator/internal/proxy/metrics/collector.go:167.16,170.3 2 0
github.com/afreidah/s3-orchestrator/internal/proxy/metrics/collector.go:171.2,171.26 1 0
github.com/afreidah/s3-orchestrator/internal/proxy/metrics/collector.go:171.26,173.3 1 0
github.com/afreidah/s3-orchestrator/internal/proxy/metrics/collector.go:174.2,174.36 1 0
github.com/afreidah/s3-orchestrator/internal/proxy/metrics/collector.go:174.36,176.3 1 0
github.com/afreidah/s3-orchestrator/internal/proxy/metrics/collector.go:181.94,183.16 2 0
github.com/afreidah/s3-orchestrator/internal/proxy/metrics/collector.go:183.16,186.3 2 0
github.com/afreidah/s3-orchestrator/internal/proxy/metrics/collector.go:187.2,187.26 1 0
github.com/afreidah/s3-orchestrator/internal/proxy/metrics/collector.go:187.26,191.3 3 0
github.com/afreidah/s3-orchestrator/internal/proxy/metrics/collector.go:192.2,192.29 1 0
github.com/afreidah/s3-orchestrator/internal/proxy/metrics/collector.go:192.29,196.3 3 0
github.com/afreidah/s3-orchestrator/internal/proxy/metrics/collector.go:199.2,200.29 2 0
github.com/afreidah/s3-orchestrator/internal/proxy/metrics/collector.go:200.29,202.3 1 0
github.com/afreidah/s3-orchestrator/internal/proxy/metrics/collector.go:209.68,210.33 1 0
github.com/afreidah/s3-orchestrator/internal/proxy/metrics/collector.go:210.33,212.3 1 0
github.com/afreidah/s3-orchestrator/internal/proxy/metrics/collector.go:213.2,214.17 2 0
github.com/afreidah/s3-orchestrator/internal/proxy/metrics/collector.go:214.17,216.3 1 0
github.com/afreidah/s3-orchestrator/internal/proxy/metrics/collector.go:217.2,218.16 2 0
github.com/afreidah/s3-orchestrator/internal/proxy/metrics/collector.go:218.16,221.3 2 0
github.com/afreidah/s3-orchestrator/internal/proxy/metrics/collector.go:222.2,222.76 1 0
github.com/afreidah/s3-orchestrator/internal/proxy/proxytest/stores.go:47.59,63.2 2 0
github.com/afreidah/s3-orchestrator/internal/proxy/proxytest/stores.go:70.74,88.22 5 27
github.com/afreidah/s3-orchestrator/internal/proxy/proxytest/stores.go:88.22,90.3 1 27
github.com/afreidah/s3-orchestrator/internal/proxy/proxytest/stores.go:91.2,100.4 2 27
github.com/afreidah/s3-orchestrator/internal/proxy/proxytest/stores.go:107.46,122.2 1 0
github.com/afreidah/s3-orchestrator/internal/store/cb_backendlc.go:32.122,34.2 1 27
github.com/afreidah/s3-orchestrator/internal/store/cb_backendlc.go:38.117,39.40 1 2
github.com/afreidah/s3-orchestrator/internal/store/cb_backendlc.go:39.40,41.3 1 0
github.com/afreidah/s3-orchestrator/internal/store/cb_backendlc.go:42.2,43.42 2 2
github.com/afreidah/s3-orchestrator/internal/store/cb_backendlc.go:47.100,48.51 1 4
github.com/afreidah/s3-orchestrator/internal/store/cb_backendlc.go:48.51,48.105 1 4
github.com/afreidah/s3-orchestrator/internal/store/cb_cleanup.go:30.95,32.2 1 39
github.com/afreidah/s3-orchestrator/internal/store/cb_cleanup.go:35.124,36.51 1 0
github.com/afreidah/s3-orchestrator/internal/store/cb_cleanup.go:36.51,38.3 1 0
github.com/afreidah/s3-orchestrator/internal/store/cb_cleanup.go:42.105,43.65 1 5
github.com/afreidah/s3-orchestrator/internal/store/cb_cleanup.go:43.65,43.114 1 5
github.com/afreidah/s3-orchestrator/internal/store/cb_cleanup.go:47.83,48.51 1 2
github.com/afreidah/s3-orchestrator/internal/store/cb_cleanup.go:48.51,48.98 1 2
github.com/afreidah/s3-orchestrator/internal/store/cb_cleanup.go:52.121,53.51 1 0
github.com/afreidah/s3-orchestrator/internal/store/cb_cleanup.go:53.51,53.115 1 0
github.com/afreidah/s3-orchestrator/internal/store/cb_cleanup.go:57.80,58.52 1 5
github.com/afreidah/s3-orchestrator/internal/store/cb_cleanup.go:58.52,58.93 1 5
github.com/afreidah/s3-orchestrator/internal/store/cb_cleanup.go:62.108,63.51 1 0
github.com/afreidah/s3-orchestrator/internal/store/cb_cleanup.go:63.51,63.116 1 0
github.com/afreidah/s3-orchestrator/internal/store/cb_cleanup.go:67.108,68.51 1 1
github.com/afreidah/s3-orchestrator/internal/store/cb_cleanup.go:68.51,68.116 1 1
github.com/afreidah/s3-orchestrator/internal/store/cb_cleanup.go:72.110,73.52 1 1
github.com/afreidah/s3-orchestrator/internal/store/cb_cleanup.go:73.52,75.3 1 1
github.com/afreidah/s3-orchestrator/internal/store/cb_cleanup.go:79.106,80.51 1 0
github.com/afreidah/s3-orchestrator/internal/store/cb_cleanup.go:80.51,82.3 1 0
github.com/afreidah/s3-orchestrator/internal/store/cb_cleanup.go:86.78,87.52 1 5
github.com/afreidah/s3-orchestrator/internal/store/cb_cleanup.go:87.52,89.3 1 5
github.com/afreidah/s3-orchestrator/internal/store/cb_dashboard.go:29.101,31.2 1 81
github.com/afreidah/s3-orchestrator/internal/store/cb_dashboard.go:34.98,35.72 1 0
github.com/afreidah/s3-orchestrator/internal/store/cb_dashboard.go:35.72,35.109 1 0
github.com/afreidah/s3-orchestrator/internal/store/cb_dashboard.go:39.91,40.63 1 0
github.com/afreidah/s3-orchestrator/internal/store/cb_dashboard.go:40.63,40.102 1 0
github.com/afreidah/s3-orchestrator/internal/store/cb_dashboard.go:44.100,45.63 1 0
github.com/afreidah/s3-orchestrator/internal/store/cb_dashboard.go:45.63,45.111 1 0
github.com/afreidah/s3-orchestrator/internal/store/cb_dashboard.go:49.117,50.72 1 0
github.com/afreidah/s3-orchestrator/internal/store/cb_dashboard.go:50.72,50.121 1 0
github.com/afreidah/s3-orchestrator/internal/store/cb_dashboard.go:54.146,55.72 1 0
github.com/afreidah/s3-orchestrator/internal/store/cb_dashboard.go:55.72,57.3 1 0
github.com/afreidah/s3-orchestrator/internal/store/cb_integrity.go:29.101,31.2 1 27
github.com/afreidah/s3-orchestrator/internal/store/cb_integrity.go:34.114,35.68 1 0
github.com/afreidah/s3-orchestrator/internal/store/cb_integrity.go:35.68,35.121 1 0
github.com/afreidah/s3-orchestrator/internal/store/cb_integrity.go:39.121,40.68 1 0
github.com/afreidah/s3-orchestrator/internal/store/cb_integrity.go:40.68,40.128 1 0
github.com/afreidah/s3-orchestrator/internal/store/cb_integrity.go:44.104,45.51 1 0
github.com/afreidah/s3-orchestrator/internal/store/cb_integrity.go:45.51,45.116 1 0
github.com/afreidah/s3-orchestrator/internal/store/cb_lifecycle.go:30.119,32.2 1 27
github.com/afreidah/s3-orchestrator/internal/store/cb_lifecycle.go:35.149,36.68 1 0
github.com/afreidah/s3-orchestrator/internal/store/cb_lifecycle.go:36.68,36.133 1 0
github.com/afreidah/s3-orchestrator/internal/store/cb_lock.go:29.71,31.2 1 27
github.com/afreidah/s3-orchestrator/internal/store/cb_lock.go:34.139,36.2 1 3
github.com/afreidah/s3-orchestrator/internal/store/cb_multipart.go:30.101,32.2 1 27
github.com/afreidah/s3-orchestrator/internal/store/cb_multipart.go:35.119,36.51 1 6
github.com/afreidah/s3-orchestrator/internal/store/cb_multipart.go:36.51,38.3 1 6
github.com/afreidah/s3-orchestrator/internal/store/cb_multipart.go:42.116,43.68 1 18
github.com/afreidah/s3-orchestrator/internal/store/cb_multipart.go:43.68,43.120 1 18
github.com/afreidah/s3-orchestrator/internal/store/cb_multipart.go:47.150,48.51 1 12
github.com/afreidah/s3-orchestrator/internal/store/cb_multipart.go:48.51,48.124 1 12
github.com/afreidah/s3-orchestrator/internal/store/cb_multipart.go:52.105,53.67 1 9
github.com/afreidah/s3-orchestrator/internal/store/cb_multipart.go:53.67,53.109 1 9
github.com/afreidah/s3-orchestrator/internal/store/cb_multipart.go:57.94,58.51 1 6
github.com/afreidah/s3-orchestrator/internal/store/cb_multipart.go:58.51,58.106 1 6
github.com/afreidah/s3-orchestrator/internal/store/cb_multipart.go:62.133,63.69 1 1
github.com/afreidah/s3-orchestrator/internal/store/cb_multipart.go:63.69,63.133 1 1
github.com/afreidah/s3-orchestrator/internal/store/cb_multipart.go:67.113,68.52 1 0
github.com/afreidah/s3-orchestrator/internal/store/cb_multipart.go:68.52,68.117 1 0
github.com/afreidah/s3-orchestrator/internal/store/cb_multipart.go:72.131,73.69 1 0
github.com/afreidah/s3-orchestrator/internal/store/cb_multipart.go:73.69,73.128 1 0
github.com/afreidah/s3-orchestrator/internal/store/cb_multipart.go:77.130,78.69 1 3
github.com/afreidah/s3-orchestrator/internal/store/cb_multipart.go:78.69,78.134 1 3
github.com/afreidah/s3-orchestrator/internal/store/cb_multipart.go:82.119,83.69 1 0
github.com/afreidah/s3-orchestrator/internal/store/cb_multipart.go:83.69,83.126 1 0
github.com/afreidah/s3-orchestrator/internal/store/cb_multipart.go:87.131,88.51 1 0
github.com/afreidah/s3-orchestrator/internal/store/cb_multipart.go:88.51,90.3 1 0
github.com/afreidah/s3-orchestrator/internal/store/cb_multipart.go:94.152,95.51 1 0
github.com/afreidah/s3-orchestrator/internal/store/cb_multipart.go:95.51,97.3 1 0
github.com/afreidah/s3-orchestrator/internal/store/cb_object.go:27.92,29.2 1 39
github.com/afreidah/s3-orchestrator/internal/store/cb_object.go:32.111,33.68 1 145
github.com/afreidah/s3-orchestrator/internal/store/cb_object.go:33.68,33.118 1 132
github.com/afreidah/s3-orchestrator/internal/store/cb_object.go:37.115,38.66 1 11
github.com/afreidah/s3-orchestrator/internal/store/cb_object.go:38.66,38.120 1 11
github.com/afreidah/s3-orchestrator/internal/store/cb_object.go:42.146,43.65 1 4
github.com/afreidah/s3-orchestrator/internal/store/cb_object.go:43.65,43.126 1 4
github.com/afreidah/s3-orchestrator/internal/store/cb_object.go:47.178,48.65 1 241
github.com/afreidah/s3-orchestrator/internal/store/cb_object.go:48.65,50.3 1 241
github.com/afreidah/s3-orchestrator/internal/store/cb_object.go:54.99,55.65 1 38
github.com/afreidah/s3-orchestrator/internal/store/cb_object.go:55.65,55.106 1 37
github.com/afreidah/s3-orchestrator/internal/store/cb_object.go:60.119,61.76 1 1
github.com/afreidah/s3-orchestrator/internal/store/cb_object.go:61.76,63.3 1 1
github.com/afreidah/s3-orchestrator/internal/store/cb_object.go:67.131,68.70 1 12
github.com/afreidah/s3-orchestrator/internal/store/cb_object.go:68.70,68.134 1 11
github.com/afreidah/s3-orchestrator/internal/store/cb_object.go:72.129,73.68 1 17
github.com/afreidah/s3-orchestrator/internal/store/cb_object.go:73.68,73.132 1 17
github.com/afreidah/s3-orchestrator/internal/store/cb_object.go:78.145,79.68 1 2
github.com/afreidah/s3-orchestrator/internal/store/cb_object.go:79.68,81.3 1 2
github.com/afreidah/s3-orchestrator/internal/store/cb_object.go:85.116,86.52 1 20
github.com/afreidah/s3-orchestrator/internal/store/cb_object.go:86.52,86.123 1 20
github.com/afreidah/s3-orchestrator/internal/store/cb_object.go:90.106,91.51 1 82
github.com/afreidah/s3-orchestrator/internal/store/cb_object.go:91.51,91.107 1 82
github.com/afreidah/s3-orchestrator/internal/store/cb_object.go:95.98,96.51 1 2
github.com/afreidah/s3-orchestrator/internal/store/cb_object.go:96.51,96.113 1 2
github.com/afreidah/s3-orchestrator/internal/store/cb_pending.go:28.95,30.2 1 27
github.com/afreidah/s3-orchestrator/internal/store/cb_pending.go:33.90,34.51 1 241
github.com/afreidah/s3-orchestrator/internal/store/cb_pending.go:34.51,34.91 1 241
github.com/afreidah/s3-orchestrator/internal/store/cb_pending.go:38.84,39.51 1 1
github.com/afreidah/s3-orchestrator/internal/store/cb_pending.go:39.51,39.98 1 1
github.com/afreidah/s3-orchestrator/internal/store/cb_pending.go:43.125,44.67 1 3
github.com/afreidah/s3-orchestrator/internal/store/cb_pending.go:44.67,46.3 1 3
github.com/afreidah/s3-orchestrator/internal/store/cb_pending.go:52.140,57.62 2 1
github.com/afreidah/s3-orchestrator/internal/store/cb_pending.go:57.62,60.3 2 1
github.com/afreidah/s3-orchestrator/internal/store/cb_pending.go:61.2,61.39 1 1
github.com/afreidah/s3-orchestrator/internal/store/cb_pending.go:65.75,66.52 1 3
github.com/afreidah/s3-orchestrator/internal/store/cb_pending.go:66.52,66.88 1 3
github.com/afreidah/s3-orchestrator/internal/store/cb_pending.go:70.96,71.51 1 0
github.com/afreidah/s3-orchestrator/internal/store/cb_pending.go:71.51,71.110 1 0
github.com/afreidah/s3-orchestrator/internal/store/cb_quota.go:29.89,31.2 1 27
github.com/afreidah/s3-orchestrator/internal/store/cb_quota.go:34.116,35.53 1 267
github.com/afreidah/s3-orchestrator/internal/store/cb_quota.go:35.53,35.116 1 266
github.com/afreidah/s3-orchestrator/internal/store/cb_quota.go:39.116,40.53 1 18
github.com/afreidah/s3-orchestrator/internal/store/cb_quota.go:40.53,40.116 1 18
github.com/afreidah/s3-orchestrator/internal/store/cb_quota.go:44.94,45.72 1 34
github.com/afreidah/s3-orchestrator/internal/store/cb_quota.go:45.72,45.109 1 34
github.com/afreidah/s3-orchestrator/internal/store/cb_replication.go:29.107,31.2 1 54
github.com/afreidah/s3-orchestrator/internal/store/cb_replication.go:34.127,35.68 1 16
github.com/afreidah/s3-orchestrator/internal/store/cb_replication.go:35.68,35.132 1 16
github.com/afreidah/s3-orchestrator/internal/store/cb_replication.go:39.163,40.68 1 0
github.com/afreidah/s3-orchestrator/internal/store/cb_replication.go:40.68,42.3 1 0
github.com/afreidah/s3-orchestrator/internal/store/cb_replication.go:48.128,53.61 2 22
github.com/afreidah/s3-orchestrator/internal/store/cb_replication.go:53.61,56.3 2 22
github.com/afreidah/s3-orchestrator/internal/store/cb_replication.go:57.2,57.36 1 22
github.com/afreidah/s3-orchestrator/internal/store/cb_replication.go:61.126,62.68 1 6
github.com/afreidah/s3-orchestrator/internal/store/cb_replication.go:62.68,62.131 1 6
github.com/afreidah/s3-orchestrator/internal/store/cb_replication.go:66.105,67.52 1 4
github.com/afreidah/s3-orchestrator/internal/store/cb_replication.go:67.52,67.110 1 4
github.com/afreidah/s3-orchestrator/internal/store/cb_replication.go:71.111,72.51 1 7
github.com/afreidah/s3-orchestrator/internal/store/cb_replication.go:72.51,72.115 1 7
github.com/afreidah/s3-orchestrator/internal/store/cb_usage.go:29.95,31.2 1 27
github.com/afreidah/s3-orchestrator/internal/store/cb_usage.go:34.144,35.51 1 0
github.com/afreidah/s3-orchestrator/internal/store/cb_usage.go:35.51,37.3 1 0
github.com/afreidah/s3-orchestrator/internal/store/circuitbreaker.go:34.82,38.2 3 27
github.com/afreidah/s3-orchestrator/internal/store/circuitbreaker.go:42.32,43.16 1 1262
github.com/afreidah/s3-orchestrator/internal/store/circuitbreaker.go:43.16,45.3 1 1120
github.com/afreidah/s3-orchestrator/internal/store/circuitbreaker.go:46.2,46.52 1 142
github.com/afreidah/s3-orchestrator/internal/store/circuitbreaker.go:46.52,48.3 1 38
github.com/afreidah/s3-orchestrator/internal/store/circuitbreaker.go:49.2,49.46 1 104
github.com/afreidah/s3-orchestrator/internal/store/circuitbreaker.go:49.46,51.3 1 77
github.com/afreidah/s3-orchestrator/internal/store/circuitbreaker.go:52.2,52.13 1 27
github.com/afreidah/s3-orchestrator/internal/store/core/cleanup.go:33.111,34.87 1 4
github.com/afreidah/s3-orchestrator/internal/store/core/cleanup.go:34.87,36.17 2 4
github.com/afreidah/s3-orchestrator/internal/store/core/cleanup.go:36.17,38.4 1 0
github.com/afreidah/s3-orchestrator/internal/store/core/cleanup.go:39.3,39.20 1 4
github.com/afreidah/s3-orchestrator/internal/store/core/cleanup.go:39.20,41.4 1 1
github.com/afreidah/s3-orchestrator/internal/store/core/cleanup.go:42.3,42.21 1 3
github.com/afreidah/s3-orchestrator/internal/store/core/cleanup.go:42.21,43.76 1 3
github.com/afreidah/s3-orchestrator/internal/store/core/cleanup.go:43.76,45.5 1 0
github.com/afreidah/s3-orchestrator/internal/store/core/cleanup.go:47.3,47.23 1 3
github.com/afreidah/s3-orchestrator/internal/store/core/cleanup.go:70.101,71.86 1 2
github.com/afreidah/s3-orchestrator/internal/store/core/cleanup.go:71.86,73.17 2 2
github.com/afreidah/s3-orchestrator/internal/store/core/cleanup.go:73.17,74.46 1 1
github.com/afreidah/s3-orchestrator/internal/store/core/cleanup.go:74.46,76.5 1 1
github.com/afreidah/s3-orchestrator/internal/store/core/cleanup.go:77.4,77.21 1 0
github.com/afreidah/s3-orchestrator/internal/store/core/cleanup.go:79.3,79.22 1 1
github.com/afreidah/s3-orchestrator/internal/store/core/cleanup.go:79.22,81.4 1 1
github.com/afreidah/s3-orchestrator/internal/store/core/cleanup.go:82.3,82.56 1 1
github.com/afreidah/s3-orchestrator/internal/store/core/cleanup.go:82.56,84.4 1 0
github.com/afreidah/s3-orchestrator/internal/store/core/cleanup.go:85.3,85.55 1 1
github.com/afreidah/s3-orchestrator/internal/store/core/cleanup.go:85.55,87.4 1 0
github.com/afreidah/s3-orchestrator/internal/store/core/cleanup.go:88.3,88.19 1 1
github.com/afreidah/s3-orchestrator/internal/store/core/errors.go:29.34,31.2 1 84
github.com/afreidah/s3-orchestrator/internal/store/core/helpers.go:28.80,29.30 1 1
github.com/afreidah/s3-orchestrator/internal/store/core/helpers.go:29.30,30.68 1 0
github.com/afreidah/s3-orchestrator/internal/store/core/helpers.go:30.68,32.4 1 0
github.com/afreidah/s3-orchestrator/internal/store/core/helpers.go:34.2,34.14 1 1
github.com/afreidah/s3-orchestrator/internal/store/core/helpers.go:41.62,42.41 1 1
github.com/afreidah/s3-orchestrator/internal/store/core/helpers.go:42.41,44.3 1 1
github.com/afreidah/s3-orchestrator/internal/store/core/helpers.go:45.2,51.3 1 0
github.com/afreidah/s3-orchestrator/internal/store/core/helpers.go:56.90,62.16 2 265
github.com/afreidah/s3-orchestrator/internal/store/core/helpers.go:62.16,64.3 1 265
github.com/afreidah/s3-orchestrator/internal/store/core/helpers.go:65.2,65.19 1 0
github.com/afreidah/s3-orchestrator/internal/store/core/helpers.go:65.19,70.3 4 0
github.com/afreidah/s3-orchestrator/internal/store/core/helpers.go:71.2,71.27 1 0
github.com/afreidah/s3-orchestrator/internal/store/core/helpers.go:71.27,73.3 1 0
github.com/afreidah/s3-orchestrator/internal/store/core/helpers.go:74.2,74.12 1 0
github.com/afreidah/s3-orchestrator/internal/store/core/helpers.go:91.89,92.22 1 306
github.com/afreidah/s3-orchestrator/internal/store/core/helpers.go:92.22,94.3 1 0
github.com/afreidah/s3-orchestrator/internal/store/core/helpers.go:95.2,96.24 2 306
github.com/afreidah/s3-orchestrator/internal/store/core/helpers.go:96.24,98.3 1 334
github.com/afreidah/s3-orchestrator/internal/store/core/helpers.go:99.2,100.29 2 306
github.com/afreidah/s3-orchestrator/internal/store/core/helpers.go:100.29,102.10 2 334
github.com/afreidah/s3-orchestrator/internal/store/core/helpers.go:103.14,104.62 1 256
github.com/afreidah/s3-orchestrator/internal/store/core/helpers.go:104.62,106.5 1 0
github.com/afreidah/s3-orchestrator/internal/store/core/helpers.go:107.14,108.63 1 47
github.com/afreidah/s3-orchestrator/internal/store/core/helpers.go:108.63,110.5 1 0
github.com/afreidah/s3-orchestrator/internal/store/core/helpers.go:113.2,113.12 1 306
github.com/afreidah/s3-orchestrator/internal/store/core/helpers.go:125.86,126.24 1 33
github.com/afreidah/s3-orchestrator/internal/store/core/helpers.go:126.24,128.3 1 0
github.com/afreidah/s3-orchestrator/internal/store/core/helpers.go:129.2,130.30 2 33
github.com/afreidah/s3-orchestrator/internal/store/core/helpers.go:130.30,131.35 1 35
github.com/afreidah/s3-orchestrator/internal/store/core/helpers.go:131.35,136.4 1 3
github.com/afreidah/s3-orchestrator/internal/store/core/helpers.go:138.2,138.18 1 33
github.com/afreidah/s3-orchestrator/internal/store/core/objects.go:28.132,29.95 1 24
github.com/afreidah/s3-orchestrator/internal/store/core/objects.go:29.95,31.3 1 24
github.com/afreidah/s3-orchestrator/internal/store/core/objects.go:38.164,39.95 1 240
github.com/afreidah/s3-orchestrator/internal/store/core/objects.go:39.95,41.3 1 240
github.com/afreidah/s3-orchestrator/internal/store/core/objects.go:49.150,50.52 1 264
github.com/afreidah/s3-orchestrator/internal/store/core/objects.go:50.52,52.3 1 0
github.com/afreidah/s3-orchestrator/internal/store/core/objects.go:53.2,54.16 2 264
github.com/afreidah/s3-orchestrator/internal/store/core/objects.go:54.16,56.3 1 0
github.com/afreidah/s3-orchestrator/internal/store/core/objects.go:57.2,59.16 3 264
github.com/afreidah/s3-orchestrator/internal/store/core/objects.go:59.16,61.3 1 0
github.com/afreidah/s3-orchestrator/internal/store/core/objects.go:62.2,62.93 1 264
github.com/afreidah/s3-orchestrator/internal/store/core/objects.go:62.93,64.3 1 0
github.com/afreidah/s3-orchestrator/internal/store/core/objects.go:65.2,66.58 2 264
github.com/afreidah/s3-orchestrator/internal/store/core/objects.go:66.58,68.3 1 0
github.com/afreidah/s3-orchestrator/internal/store/core/objects.go:69.2,69.20 1 264
github.com/afreidah/s3-orchestrator/internal/store/core/objects.go:69.20,70.57 1 240
github.com/afreidah/s3-orchestrator/internal/store/core/objects.go:70.57,72.4 1 0
github.com/afreidah/s3-orchestrator/internal/store/core/objects.go:74.2,74.23 1 264
github.com/afreidah/s3-orchestrator/internal/store/core/objects.go:85.90,86.95 1 41
github.com/afreidah/s3-orchestrator/internal/store/core/objects.go:86.95,88.17 2 41
github.com/afreidah/s3-orchestrator/internal/store/core/objects.go:88.17,90.4 1 0
github.com/afreidah/s3-orchestrator/internal/store/core/objects.go:91.3,91.25 1 41
github.com/afreidah/s3-orchestrator/internal/store/core/objects.go:91.25,93.4 1 22
github.com/afreidah/s3-orchestrator/internal/store/core/objects.go:94.3,94.57 1 19
github.com/afreidah/s3-orchestrator/internal/store/core/objects.go:94.57,96.4 1 0
github.com/afreidah/s3-orchestrator/internal/store/core/objects.go:97.3,99.31 3 19
github.com/afreidah/s3-orchestrator/internal/store/core/objects.go:99.31,102.4 2 23
github.com/afreidah/s3-orchestrator/internal/store/core/objects.go:103.3,103.59 1 19
github.com/afreidah/s3-orchestrator/internal/store/core/objects.go:103.59,105.4 1 0
github.com/afreidah/s3-orchestrator/internal/store/core/objects.go:106.3,106.21 1 19
github.com/afreidah/s3-orchestrator/internal/store/core/objects.go:121.110,122.20 1 1
github.com/afreidah/s3-orchestrator/internal/store/core/objects.go:122.20,124.3 1 0
github.com/afreidah/s3-orchestrator/internal/store/core/objects.go:125.2,125.106 1 1
github.com/afreidah/s3-orchestrator/internal/store/core/objects.go:125.106,127.17 2 1
github.com/afreidah/s3-orchestrator/internal/store/core/objects.go:127.17,129.4 1 0
github.com/afreidah/s3-orchestrator/internal/store/core/objects.go:130.3,130.21 1 1
github.com/afreidah/s3-orchestrator/internal/store/core/objects.go:130.21,132.4 1 0
github.com/afreidah/s3-orchestrator/internal/store/core/objects.go:133.3,133.59 1 1
github.com/afreidah/s3-orchestrator/internal/store/core/objects.go:133.59,135.4 1 0
github.com/afreidah/s3-orchestrator/internal/store/core/objects.go:142.3,144.26 3 1
github.com/afreidah/s3-orchestrator/internal/store/core/objects.go:144.26,150.4 2 3
github.com/afreidah/s3-orchestrator/internal/store/core/objects.go:151.3,151.59 1 1
github.com/afreidah/s3-orchestrator/internal/store/core/objects.go:151.59,153.4 1 0
github.com/afreidah/s3-orchestrator/internal/store/core/objects.go:154.3,154.21 1 1
github.com/afreidah/s3-orchestrator/internal/store/core/objects.go:166.112,167.87 1 22
github.com/afreidah/s3-orchestrator/internal/store/core/objects.go:167.87,169.17 2 22
github.com/afreidah/s3-orchestrator/internal/store/core/objects.go:169.17,171.4 1 0
github.com/afreidah/s3-orchestrator/internal/store/core/objects.go:172.3,172.20 1 22
github.com/afreidah/s3-orchestrator/internal/store/core/objects.go:172.20,174.4 1 1
github.com/afreidah/s3-orchestrator/internal/store/core/objects.go:175.3,176.24 2 21
github.com/afreidah/s3-orchestrator/internal/store/core/objects.go:176.24,178.4 1 0
github.com/afreidah/s3-orchestrator/internal/store/core/objects.go:179.3,179.75 1 21
github.com/afreidah/s3-orchestrator/internal/store/core/objects.go:179.75,181.4 1 0
github.com/afreidah/s3-orchestrator/internal/store/core/objects.go:182.3,192.60 2 21
github.com/afreidah/s3-orchestrator/internal/store/core/objects.go:192.60,194.4 1 0
github.com/afreidah/s3-orchestrator/internal/store/core/objects.go:198.3,201.18 1 21
github.com/afreidah/s3-orchestrator/internal/store/core/objects.go:201.18,203.4 1 0
github.com/afreidah/s3-orchestrator/internal/store/core/objects.go:204.3,204.28 1 21
github.com/afreidah/s3-orchestrator/internal/store/core/objects.go:216.102,217.86 1 99
github.com/afreidah/s3-orchestrator/internal/store/core/objects.go:217.86,224.17 3 99
github.com/afreidah/s3-orchestrator/internal/store/core/objects.go:224.17,226.4 1 0
github.com/afreidah/s3-orchestrator/internal/store/core/objects.go:227.3,227.16 1 99
github.com/afreidah/s3-orchestrator/internal/store/core/objects.go:227.16,229.4 1 5
github.com/afreidah/s3-orchestrator/internal/store/core/objects.go:230.3,230.70 1 94
github.com/afreidah/s3-orchestrator/internal/store/core/objects.go:230.70,232.4 1 71
github.com/afreidah/s3-orchestrator/internal/store/core/objects.go:233.3,233.19 1 23
github.com/afreidah/s3-orchestrator/internal/store/core/pending.go:35.100,37.16 2 1
github.com/afreidah/s3-orchestrator/internal/store/core/pending.go:37.16,39.3 1 0
github.com/afreidah/s3-orchestrator/internal/store/core/pending.go:40.2,40.14 1 1
github.com/afreidah/s3-orchestrator/internal/store/core/pending.go:40.14,42.3 1 0
github.com/afreidah/s3-orchestrator/internal/store/core/pending.go:44.2,44.60 1 1
github.com/afreidah/s3-orchestrator/internal/store/core/pending.go:44.60,46.3 1 0
github.com/afreidah/s3-orchestrator/internal/store/core/pending.go:47.2,48.16 2 1
github.com/afreidah/s3-orchestrator/internal/store/core/pending.go:48.16,50.3 1 0
github.com/afreidah/s3-orchestrator/internal/store/core/pending.go:52.2,52.45 1 1
github.com/afreidah/s3-orchestrator/internal/store/core/pending.go:52.45,53.59 1 0
github.com/afreidah/s3-orchestrator/internal/store/core/pending.go:53.59,55.4 1 0
github.com/afreidah/s3-orchestrator/internal/store/core/pending.go:56.3,56.63 1 0
github.com/afreidah/s3-orchestrator/internal/store/core/pending.go:59.2,59.46 1 1
github.com/afreidah/s3-orchestrator/internal/store/core/pending.go:66.124,69.16 3 1
github.com/afreidah/s3-orchestrator/internal/store/core/pending.go:69.16,71.3 1 0
github.com/afreidah/s3-orchestrator/internal/store/core/pending.go:72.2,73.58 2 1
github.com/afreidah/s3-orchestrator/internal/store/core/pending.go:73.58,75.3 1 0
github.com/afreidah/s3-orchestrator/internal/store/core/pending.go:76.2,77.58 2 1
github.com/afreidah/s3-orchestrator/internal/store/core/pending.go:77.58,79.3 1 0
github.com/afreidah/s3-orchestrator/internal/store/core/pending.go:80.2,80.58 1 1
github.com/afreidah/s3-orchestrator/internal/store/core/pending.go:80.58,82.3 1 0
github.com/afreidah/s3-orchestrator/internal/store/core/pending.go:83.2,83.83 1 1
github.com/afreidah/s3-orchestrator/internal/store/core/pending.go:91.158,92.24 1 265
github.com/afreidah/s3-orchestrator/internal/store/core/pending.go:92.24,94.3 1 232
github.com/afreidah/s3-orchestrator/internal/store/core/pending.go:95.2,95.56 1 33
github.com/afreidah/s3-orchestrator/internal/store/core/pending.go:95.56,97.3 1 0
github.com/afreidah/s3-orchestrator/internal/store/core/pending.go:98.2,98.30 1 33
github.com/afreidah/s3-orchestrator/internal/store/core/pending.go:98.30,100.3 1 35
github.com/afreidah/s3-orchestrator/internal/store/core/pending.go:101.2,101.57 1 33
github.com/afreidah/s3-orchestrator/internal/store/core/replication.go:40.119,41.106 1 26
github.com/afreidah/s3-orchestrator/internal/store/core/replication.go:41.106,43.30 2 26
github.com/afreidah/s3-orchestrator/internal/store/core/replication.go:43.30,45.4 1 1
github.com/afreidah/s3-orchestrator/internal/store/core/replication.go:46.3,46.76 1 25
github.com/afreidah/s3-orchestrator/internal/store/core/replication.go:46.76,48.4 1 0
github.com/afreidah/s3-orchestrator/internal/store/core/replication.go:49.3,49.62 1 25
github.com/afreidah/s3-orchestrator/internal/store/core/replication.go:51.2,51.36 1 26
github.com/afreidah/s3-orchestrator/internal/store/core/replication.go:62.102,63.74 1 7
github.com/afreidah/s3-orchestrator/internal/store/core/replication.go:63.74,64.75 1 7
github.com/afreidah/s3-orchestrator/internal/store/core/replication.go:64.75,66.4 1 0
github.com/afreidah/s3-orchestrator/internal/store/core/replication.go:67.3,67.58 1 7
github.com/afreidah/s3-orchestrator/internal/store/core/runner.go:41.125,43.74 2 460
github.com/afreidah/s3-orchestrator/internal/store/core/runner.go:43.74,45.18 2 460
github.com/afreidah/s3-orchestrator/internal/store/core/runner.go:45.18,47.4 1 93
github.com/afreidah/s3-orchestrator/internal/store/core/runner.go:48.3,49.13 2 367
github.com/afreidah/s3-orchestrator/internal/store/core/runner.go:51.2,51.16 1 460
github.com/afreidah/s3-orchestrator/internal/store/core/runner.go:51.16,54.3 2 93
github.com/afreidah/s3-orchestrator/internal/store/core/runner.go:55.2,55.17 1 367
github.com/afreidah/s3-orchestrator/internal/store/core/store.go:47.120,48.101 1 1
github.com/afreidah/s3-orchestrator/internal/store/core/store.go:48.101,50.3 1 1
github.com/afreidah/s3-orchestrator/internal/store/core/store.go:51.2,51.16 1 1
github.com/afreidah/s3-orchestrator/internal/store/core/store.go:51.16,57.3 1 0
github.com/afreidah/s3-orchestrator/internal/store/core/store.go:58.2,58.39 1 1
github.com/afreidah/s3-orchestrator/internal/store/core/types.go:285.73,287.27 2 20
github.com/afreidah/s3-orchestrator/internal/store/core/types.go:287.27,289.3 1 40
github.com/afreidah/s3-orchestrator/internal/store/core/types.go:290.2,290.10 1 20
github.com/afreidah/s3-orchestrator/internal/store/postgres/adapter.go:39.83,40.66 1 265
github.com/afreidah/s3-orchestrator/internal/store/postgres/adapter.go:40.66,42.3 1 0
github.com/afreidah/s3-orchestrator/internal/store/postgres/adapter.go:43.2,43.12 1 265
github.com/afreidah/s3-orchestrator/internal/store/postgres/adapter.go:52.88,53.67 1 1
github.com/afreidah/s3-orchestrator/internal/store/postgres/adapter.go:53.67,54.36 1 0
github.com/afreidah/s3-orchestrator/internal/store/postgres/adapter.go:54.36,56.4 1 0
github.com/afreidah/s3-orchestrator/internal/store/postgres/adapter.go:57.3,57.56 1 0
github.com/afreidah/s3-orchestrator/internal/store/postgres/adapter.go:59.2,59.18 1 1
github.com/afreidah/s3-orchestrator/internal/store/postgres/adapter.go:63.87,64.77 1 0
github.com/afreidah/s3-orchestrator/internal/store/postgres/adapter.go:64.77,66.3 1 0
github.com/afreidah/s3-orchestrator/internal/store/postgres/adapter.go:67.2,67.12 1 0
github.com/afreidah/s3-orchestrator/internal/store/postgres/adapter.go:71.81,72.63 1 241
github.com/afreidah/s3-orchestrator/internal/store/postgres/adapter.go:72.63,74.3 1 0
github.com/afreidah/s3-orchestrator/internal/store/postgres/adapter.go:75.2,75.12 1 241
github.com/afreidah/s3-orchestrator/internal/store/postgres/adapter.go:81.93,82.76 1 0
github.com/afreidah/s3-orchestrator/internal/store/postgres/adapter.go:82.76,84.3 1 0
github.com/afreidah/s3-orchestrator/internal/store/postgres/adapter.go:85.2,85.12 1 0
github.com/afreidah/s3-orchestrator/internal/store/postgres/adapter.go:94.118,96.16 2 306
github.com/afreidah/s3-orchestrator/internal/store/postgres/adapter.go:96.16,98.3 1 0
github.com/afreidah/s3-orchestrator/internal/store/postgres/adapter.go:99.2,99.42 1 306
github.com/afreidah/s3-orchestrator/internal/store/postgres/adapter.go:104.97,105.79 1 286
github.com/afreidah/s3-orchestrator/internal/store/postgres/adapter.go:105.79,107.3 1 0
github.com/afreidah/s3-orchestrator/internal/store/postgres/adapter.go:108.2,108.12 1 286
github.com/afreidah/s3-orchestrator/internal/store/postgres/adapter.go:112.87,113.63 1 52
github.com/afreidah/s3-orchestrator/internal/store/postgres/adapter.go:113.63,115.3 1 0
github.com/afreidah/s3-orchestrator/internal/store/postgres/adapter.go:116.2,116.12 1 52
github.com/afreidah/s3-orchestrator/internal/store/postgres/adapter.go:121.112,126.16 2 22
github.com/afreidah/s3-orchestrator/internal/store/postgres/adapter.go:126.16,128.3 1 0
github.com/afreidah/s3-orchestrator/internal/store/postgres/adapter.go:129.2,129.20 1 22
github.com/afreidah/s3-orchestrator/internal/store/postgres/adapter.go:135.127,140.35 2 21
github.com/afreidah/s3-orchestrator/internal/store/postgres/adapter.go:140.35,142.3 1 0
github.com/afreidah/s3-orchestrator/internal/store/postgres/adapter.go:143.2,143.16 1 21
github.com/afreidah/s3-orchestrator/internal/store/postgres/adapter.go:143.16,145.3 1 0
github.com/afreidah/s3-orchestrator/internal/store/postgres/adapter.go:146.2,156.23 2 21
github.com/afreidah/s3-orchestrator/internal/store/postgres/adapter.go:161.101,165.17 1 28
github.com/afreidah/s3-orchestrator/internal/store/postgres/adapter.go:165.17,167.3 1 0
github.com/afreidah/s3-orchestrator/internal/store/postgres/adapter.go:168.2,168.12 1 28
github.com/afreidah/s3-orchestrator/internal/store/postgres/adapter.go:174.116,180.35 2 99
github.com/afreidah/s3-orchestrator/internal/store/postgres/adapter.go:180.35,182.3 1 5
github.com/afreidah/s3-orchestrator/internal/store/postgres/adapter.go:183.2,183.16 1 94
github.com/afreidah/s3-orchestrator/internal/store/postgres/adapter.go:183.16,185.3 1 0
github.com/afreidah/s3-orchestrator/internal/store/postgres/adapter.go:186.2,186.22 1 94
github.com/afreidah/s3-orchestrator/internal/store/postgres/adapter.go:191.119,192.20 1 1
github.com/afreidah/s3-orchestrator/internal/store/postgres/adapter.go:192.20,194.3 1 0
github.com/afreidah/s3-orchestrator/internal/store/postgres/adapter.go:195.2,196.16 2 1
github.com/afreidah/s3-orchestrator/internal/store/postgres/adapter.go:196.16,198.3 1 0
github.com/afreidah/s3-orchestrator/internal/store/postgres/adapter.go:199.2,200.25 2 1
github.com/afreidah/s3-orchestrator/internal/store/postgres/adapter.go:200.25,206.3 1 3
github.com/afreidah/s3-orchestrator/internal/store/postgres/adapter.go:207.2,207.17 1 1
github.com/afreidah/s3-orchestrator/internal/store/postgres/adapter.go:212.85,213.20 1 1
github.com/afreidah/s3-orchestrator/internal/store/postgres/adapter.go:213.20,215.3 1 0
github.com/afreidah/s3-orchestrator/internal/store/postgres/adapter.go:216.2,216.59 1 1
github.com/afreidah/s3-orchestrator/internal/store/postgres/adapter.go:216.59,218.3 1 0
github.com/afreidah/s3-orchestrator/internal/store/postgres/adapter.go:219.2,219.12 1 1
github.com/afreidah/s3-orchestrator/internal/store/postgres/adapter.go:227.138,233.35 2 26
github.com/afreidah/s3-orchestrator/internal/store/postgres/adapter.go:233.35,235.3 1 1
github.com/afreidah/s3-orchestrator/internal/store/postgres/adapter.go:236.2,236.16 1 25
github.com/afreidah/s3-orchestrator/internal/store/postgres/adapter.go:236.16,238.3 1 0
github.com/afreidah/s3-orchestrator/internal/store/postgres/adapter.go:239.2,239.24 1 25
github.com/afreidah/s3-orchestrator/internal/store/postgres/adapter.go:249.122,254.16 2 4
github.com/afreidah/s3-orchestrator/internal/store/postgres/adapter.go:254.16,256.3 1 0
github.com/afreidah/s3-orchestrator/internal/store/postgres/adapter.go:257.2,257.23 1 4
github.com/afreidah/s3-orchestrator/internal/store/postgres/adapter.go:257.23,259.3 1 1
github.com/afreidah/s3-orchestrator/internal/store/postgres/adapter.go:260.2,263.17 1 3
github.com/afreidah/s3-orchestrator/internal/store/postgres/adapter.go:263.17,265.3 1 0
github.com/afreidah/s3-orchestrator/internal/store/postgres/adapter.go:266.2,266.42 1 3
github.com/afreidah/s3-orchestrator/internal/store/postgres/adapter.go:272.103,274.16 2 2
github.com/afreidah/s3-orchestrator/internal/store/postgres/adapter.go:274.16,275.36 1 1
github.com/afreidah/s3-orchestrator/internal/store/postgres/adapter.go:275.36,277.4 1 1
github.com/afreidah/s3-orchestrator/internal/store/postgres/adapter.go:278.3,278.78 1 0
github.com/afreidah/s3-orchestrator/internal/store/postgres/adapter.go:280.2,288.25 2 1
github.com/afreidah/s3-orchestrator/internal/store/postgres/adapter.go:288.25,290.3 1 1
github.com/afreidah/s3-orchestrator/internal/store/postgres/adapter.go:291.2,291.26 1 1
github.com/afreidah/s3-orchestrator/internal/store/postgres/adapter.go:291.26,293.3 1 1
github.com/afreidah/s3-orchestrator/internal/store/postgres/adapter.go:294.2,294.17 1 1
github.com/afreidah/s3-orchestrator/internal/store/postgres/adapter.go:300.94,302.25 2 1
github.com/afreidah/s3-orchestrator/internal/store/postgres/adapter.go:302.25,305.3 2 1
github.com/afreidah/s3-orchestrator/internal/store/postgres/adapter.go:306.2,307.29 2 1
github.com/afreidah/s3-orchestrator/internal/store/postgres/adapter.go:307.29,309.3 1 1
github.com/afreidah/s3-orchestrator/internal/store/postgres/adapter.go:310.2,319.17 1 1
github.com/afreidah/s3-orchestrator/internal/store/postgres/adapter.go:319.17,321.3 1 0
github.com/afreidah/s3-orchestrator/internal/store/postgres/adapter.go:322.2,322.12 1 1
github.com/afreidah/s3-orchestrator/internal/store/postgres/adapter.go:328.78,329.55 1 1
github.com/afreidah/s3-orchestrator/internal/store/postgres/adapter.go:329.55,331.3 1 0
github.com/afreidah/s3-orchestrator/internal/store/postgres/adapter.go:332.2,332.12 1 1
github.com/afreidah/s3-orchestrator/internal/store/postgres/adapter.go:342.105,347.16 2 375
github.com/afreidah/s3-orchestrator/internal/store/postgres/adapter.go:347.16,349.3 1 0
github.com/afreidah/s3-orchestrator/internal/store/postgres/adapter.go:350.2,350.12 1 375
github.com/afreidah/s3-orchestrator/internal/store/postgres/adapter.go:350.12,352.3 1 71
github.com/afreidah/s3-orchestrator/internal/store/postgres/adapter.go:353.2,353.12 1 304
github.com/afreidah/s3-orchestrator/internal/store/postgres/adapter.go:357.105,361.17 1 54
github.com/afreidah/s3-orchestrator/internal/store/postgres/adapter.go:361.17,363.3 1 0
github.com/afreidah/s3-orchestrator/internal/store/postgres/adapter.go:364.2,364.12 1 54
github.com/afreidah/s3-orchestrator/internal/store/postgres/adapter.go:369.104,373.17 1 3
github.com/afreidah/s3-orchestrator/internal/store/postgres/adapter.go:373.17,375.3 1 0
github.com/afreidah/s3-orchestrator/internal/store/postgres/adapter.go:376.2,376.12 1 3
github.com/afreidah/s3-orchestrator/internal/store/postgres/admin.go:29.99,31.16 2 2
github.com/afreidah/s3-orchestrator/internal/store/postgres/admin.go:31.16,33.3 1 0
github.com/afreidah/s3-orchestrator/internal/store/postgres/admin.go:34.2,34.45 1 2
github.com/afreidah/s3-orchestrator/internal/store/postgres/admin.go:39.82,41.16 2 4
github.com/afreidah/s3-orchestrator/internal/store/postgres/admin.go:41.16,43.3 1 0
github.com/afreidah/s3-orchestrator/internal/store/postgres/admin.go:44.2,44.15 1 4
github.com/afreidah/s3-orchestrator/internal/store/postgres/admin.go:44.15,44.39 1 4
github.com/afreidah/s3-orchestrator/internal/store/postgres/admin.go:46.2,48.74 2 4
github.com/afreidah/s3-orchestrator/internal/store/postgres/admin.go:48.74,50.3 1 0
github.com/afreidah/s3-orchestrator/internal/store/postgres/admin.go:51.2,51.78 1 4
github.com/afreidah/s3-orchestrator/internal/store/postgres/admin.go:51.78,53.3 1 0
github.com/afreidah/s3-orchestrator/internal/store/postgres/admin.go:54.2,54.77 1 4
github.com/afreidah/s3-orchestrator/internal/store/postgres/admin.go:54.77,56.3 1 0
github.com/afreidah/s3-orchestrator/internal/store/postgres/admin.go:57.2,57.67 1 4
github.com/afreidah/s3-orchestrator/internal/store/postgres/admin.go:57.67,59.3 1 0
github.com/afreidah/s3-orchestrator/internal/store/postgres/admin.go:60.2,60.58 1 4
github.com/afreidah/s3-orchestrator/internal/store/postgres/admin.go:60.58,62.3 1 0
github.com/afreidah/s3-orchestrator/internal/store/postgres/admin.go:64.2,64.23 1 4
github.com/afreidah/s3-orchestrator/internal/store/postgres/admin.go:69.90,74.2 1 2
github.com/afreidah/s3-orchestrator/internal/store/postgres/admin.go:82.128,88.16 2 0
github.com/afreidah/s3-orchestrator/internal/store/postgres/admin.go:88.16,90.3 1 0
github.com/afreidah/s3-orchestrator/internal/store/postgres/admin.go:91.2,92.25 2 0
github.com/afreidah/s3-orchestrator/internal/store/postgres/admin.go:92.25,98.21 2 0
github.com/afreidah/s3-orchestrator/internal/store/postgres/admin.go:98.21,100.4 1 0
github.com/afreidah/s3-orchestrator/internal/store/postgres/admin.go:102.2,102.20 1 0
github.com/afreidah/s3-orchestrator/internal/store/postgres/admin.go:107.137,114.2 1 0
github.com/afreidah/s3-orchestrator/internal/store/postgres/admin.go:118.118,123.16 2 13
github.com/afreidah/s3-orchestrator/internal/store/postgres/admin.go:123.16,125.3 1 0
github.com/afreidah/s3-orchestrator/internal/store/postgres/admin.go:126.2,127.25 2 13
github.com/afreidah/s3-orchestrator/internal/store/postgres/admin.go:127.25,133.3 1 14
github.com/afreidah/s3-orchestrator/internal/store/postgres/admin.go:134.2,134.20 1 13
github.com/afreidah/s3-orchestrator/internal/store/postgres/admin.go:140.168,149.2 1 12
github.com/afreidah/s3-orchestrator/internal/store/postgres/admin.go:153.119,158.16 2 10
github.com/afreidah/s3-orchestrator/internal/store/postgres/admin.go:158.16,160.3 1 0
github.com/afreidah/s3-orchestrator/internal/store/postgres/admin.go:161.2,162.25 2 10
github.com/afreidah/s3-orchestrator/internal/store/postgres/admin.go:162.25,169.21 2 11
github.com/afreidah/s3-orchestrator/internal/store/postgres/admin.go:169.21,171.4 1 11
github.com/afreidah/s3-orchestrator/internal/store/postgres/admin.go:172.3,172.29 1 11
github.com/afreidah/s3-orchestrator/internal/store/postgres/admin.go:172.29,174.4 1 11
github.com/afreidah/s3-orchestrator/internal/store/postgres/admin.go:176.2,176.20 1 10
github.com/afreidah/s3-orchestrator/internal/store/postgres/admin.go:182.116,188.2 1 6
github.com/afreidah/s3-orchestrator/internal/store/postgres/advisory_lock.go:33.119,35.16 2 3
github.com/afreidah/s3-orchestrator/internal/store/postgres/advisory_lock.go:35.16,37.3 1 0
github.com/afreidah/s3-orchestrator/internal/store/postgres/advisory_lock.go:38.2,41.102 3 3
github.com/afreidah/s3-orchestrator/internal/store/postgres/advisory_lock.go:41.102,43.3 1 0
github.com/afreidah/s3-orchestrator/internal/store/postgres/advisory_lock.go:45.2,45.15 1 3
github.com/afreidah/s3-orchestrator/internal/store/postgres/advisory_lock.go:45.15,47.3 1 0
github.com/afreidah/s3-orchestrator/internal/store/postgres/advisory_lock.go:51.2,51.15 1 3
github.com/afreidah/s3-orchestrator/internal/store/postgres/advisory_lock.go:51.15,55.3 3 3
github.com/afreidah/s3-orchestrator/internal/store/postgres/advisory_lock.go:57.2,57.22 1 3
github.com/afreidah/s3-orchestrator/internal/store/postgres/cleanup_queue.go:30.115,37.16 2 10
github.com/afreidah/s3-orchestrator/internal/store/postgres/cleanup_queue.go:37.16,39.3 1 0
github.com/afreidah/s3-orchestrator/internal/store/postgres/cleanup_queue.go:40.2,40.12 1 10
github.com/afreidah/s3-orchestrator/internal/store/postgres/cleanup_queue.go:44.96,46.16 2 5
github.com/afreidah/s3-orchestrator/internal/store/postgres/cleanup_queue.go:46.16,48.3 1 0
github.com/afreidah/s3-orchestrator/internal/store/postgres/cleanup_queue.go:50.2,51.27 2 5
github.com/afreidah/s3-orchestrator/internal/store/postgres/cleanup_queue.go:51.27,60.3 1 2
github.com/afreidah/s3-orchestrator/internal/store/postgres/cleanup_queue.go:61.2,61.19 1 5
github.com/afreidah/s3-orchestrator/internal/store/postgres/cleanup_queue.go:65.74,67.16 2 2
github.com/afreidah/s3-orchestrator/internal/store/postgres/cleanup_queue.go:67.16,69.3 1 0
github.com/afreidah/s3-orchestrator/internal/store/postgres/cleanup_queue.go:70.2,70.12 1 2
github.com/afreidah/s3-orchestrator/internal/store/postgres/cleanup_queue.go:74.112,80.16 2 0
github.com/afreidah/s3-orchestrator/internal/store/postgres/cleanup_queue.go:80.16,82.3 1 0
github.com/afreidah/s3-orchestrator/internal/store/postgres/cleanup_queue.go:83.2,83.12 1 0
github.com/afreidah/s3-orchestrator/internal/store/postgres/cleanup_queue.go:87.71,89.16 2 5
github.com/afreidah/s3-orchestrator/internal/store/postgres/cleanup_queue.go:89.16,91.3 1 0
github.com/afreidah/s3-orchestrator/internal/store/postgres/cleanup_queue.go:92.2,92.19 1 5
github.com/afreidah/s3-orchestrator/internal/store/postgres/cleanup_queue.go:102.69,104.16 2 6
github.com/afreidah/s3-orchestrator/internal/store/postgres/cleanup_queue.go:104.16,106.3 1 0
github.com/afreidah/s3-orchestrator/internal/store/postgres/cleanup_queue.go:107.2,107.19 1 6
github.com/afreidah/s3-orchestrator/internal/store/postgres/cleanup_queue.go:114.97,116.2 1 2
github.com/afreidah/s3-orchestrator/internal/store/postgres/cleanup_queue.go:124.99,129.16 2 6
github.com/afreidah/s3-orchestrator/internal/store/postgres/cleanup_queue.go:129.16,131.3 1 0
github.com/afreidah/s3-orchestrator/internal/store/postgres/cleanup_queue.go:132.2,132.12 1 6
github.com/afreidah/s3-orchestrator/internal/store/postgres/cleanup_queue.go:138.99,143.16 2 1
github.com/afreidah/s3-orchestrator/internal/store/postgres/cleanup_queue.go:143.16,145.3 1 0
github.com/afreidah/s3-orchestrator/internal/store/postgres/cleanup_queue.go:146.2,146.12 1 1
github.com/afreidah/s3-orchestrator/internal/store/postgres/cleanup_queue.go:153.101,155.2 1 4
github.com/afreidah/s3-orchestrator/internal/store/postgres/cleanup_queue.go:162.58,167.2 1 0
github.com/afreidah/s3-orchestrator/internal/store/postgres/helpers.go:20.31,21.13 1 0
github.com/afreidah/s3-orchestrator/internal/store/postgres/helpers.go:21.13,23.3 1 0
github.com/afreidah/s3-orchestrator/internal/store/postgres/helpers.go:24.2,24.11 1 0
github.com/afreidah/s3-orchestrator/internal/store/postgres/helpers.go:28.31,29.12 1 0
github.com/afreidah/s3-orchestrator/internal/store/postgres/helpers.go:29.12,31.3 1 0
github.com/afreidah/s3-orchestrator/internal/store/postgres/helpers.go:32.2,32.11 1 0
github.com/afreidah/s3-orchestrator/internal/store/postgres/helpers.go:36.33,37.14 1 42
github.com/afreidah/s3-orchestrator/internal/store/postgres/helpers.go:37.14,39.3 1 42
github.com/afreidah/s3-orchestrator/internal/store/postgres/helpers.go:40.2,40.11 1 0
github.com/afreidah/s3-orchestrator/internal/store/postgres/helpers.go:44.33,45.14 1 21
github.com/afreidah/s3-orchestrator/internal/store/postgres/helpers.go:45.14,47.3 1 21
github.com/afreidah/s3-orchestrator/internal/store/postgres/helpers.go:48.2,48.11 1 0
github.com/afreidah/s3-orchestrator/internal/store/postgres/helpers.go:53.90,55.22 2 306
github.com/afreidah/s3-orchestrator/internal/store/postgres/helpers.go:55.22,61.3 1 58
github.com/afreidah/s3-orchestrator/internal/store/postgres/helpers.go:62.2,62.12 1 306
github.com/afreidah/s3-orchestrator/internal/store/postgres/helpers.go:67.81,73.19 2 286
github.com/afreidah/s3-orchestrator/internal/store/postgres/helpers.go:73.19,78.3 4 0
github.com/afreidah/s3-orchestrator/internal/store/postgres/helpers.go:79.2,79.27 1 286
github.com/afreidah/s3-orchestrator/internal/store/postgres/helpers.go:79.27,81.3 1 0
github.com/afreidah/s3-orchestrator/internal/store/postgres/helpers.go:82.2,82.15 1 286
github.com/afreidah/s3-orchestrator/internal/store/postgres/integrity.go:27.103,30.16 3 0
github.com/afreidah/s3-orchestrator/internal/store/postgres/integrity.go:30.16,32.3 1 0
github.com/afreidah/s3-orchestrator/internal/store/postgres/integrity.go:33.2,33.40 1 0
github.com/afreidah/s3-orchestrator/internal/store/postgres/integrity.go:38.110,45.16 4 0
github.com/afreidah/s3-orchestrator/internal/store/postgres/integrity.go:45.16,47.3 1 0
github.com/afreidah/s3-orchestrator/internal/store/postgres/integrity.go:48.2,48.40 1 0
github.com/afreidah/s3-orchestrator/internal/store/postgres/integrity.go:52.93,58.2 1 0
github.com/afreidah/s3-orchestrator/internal/store/postgres/multipart.go:43.108,45.30 2 6
github.com/afreidah/s3-orchestrator/internal/store/postgres/multipart.go:45.30,48.17 3 0
github.com/afreidah/s3-orchestrator/internal/store/postgres/multipart.go:48.17,50.4 1 0
github.com/afreidah/s3-orchestrator/internal/store/postgres/multipart.go:52.2,63.16 4 6
github.com/afreidah/s3-orchestrator/internal/store/postgres/multipart.go:63.16,65.3 1 0
github.com/afreidah/s3-orchestrator/internal/store/postgres/multipart.go:66.2,66.12 1 6
github.com/afreidah/s3-orchestrator/internal/store/postgres/multipart.go:71.33,72.13 1 12
github.com/afreidah/s3-orchestrator/internal/store/postgres/multipart.go:72.13,74.3 1 6
github.com/afreidah/s3-orchestrator/internal/store/postgres/multipart.go:75.2,75.11 1 6
github.com/afreidah/s3-orchestrator/internal/store/postgres/multipart.go:80.39,81.17 1 6
github.com/afreidah/s3-orchestrator/internal/store/postgres/multipart.go:81.17,83.3 1 6
github.com/afreidah/s3-orchestrator/internal/store/postgres/multipart.go:84.2,84.10 1 0
github.com/afreidah/s3-orchestrator/internal/store/postgres/multipart.go:88.105,90.35 2 18
github.com/afreidah/s3-orchestrator/internal/store/postgres/multipart.go:90.35,92.3 1 0
github.com/afreidah/s3-orchestrator/internal/store/postgres/multipart.go:93.2,93.16 1 18
github.com/afreidah/s3-orchestrator/internal/store/postgres/multipart.go:93.16,95.3 1 0
github.com/afreidah/s3-orchestrator/internal/store/postgres/multipart.go:96.2,106.16 2 18
github.com/afreidah/s3-orchestrator/internal/store/postgres/multipart.go:106.16,108.3 1 0
github.com/afreidah/s3-orchestrator/internal/store/postgres/multipart.go:109.2,109.17 1 18
github.com/afreidah/s3-orchestrator/internal/store/postgres/multipart.go:130.71,132.26 2 18
github.com/afreidah/s3-orchestrator/internal/store/postgres/multipart.go:132.26,134.3 1 18
github.com/afreidah/s3-orchestrator/internal/store/postgres/multipart.go:135.2,136.20 2 18
github.com/afreidah/s3-orchestrator/internal/store/postgres/multipart.go:136.20,138.3 1 0
github.com/afreidah/s3-orchestrator/internal/store/postgres/multipart.go:139.2,149.25 2 18
github.com/afreidah/s3-orchestrator/internal/store/postgres/multipart.go:149.25,150.66 1 0
github.com/afreidah/s3-orchestrator/internal/store/postgres/multipart.go:150.66,152.4 1 0
github.com/afreidah/s3-orchestrator/internal/store/postgres/multipart.go:154.2,154.16 1 18
github.com/afreidah/s3-orchestrator/internal/store/postgres/multipart.go:163.139,164.42 1 16
github.com/afreidah/s3-orchestrator/internal/store/postgres/multipart.go:164.42,166.3 1 4
github.com/afreidah/s3-orchestrator/internal/store/postgres/multipart.go:167.2,173.33 2 12
github.com/afreidah/s3-orchestrator/internal/store/postgres/multipart.go:173.33,178.3 4 0
github.com/afreidah/s3-orchestrator/internal/store/postgres/multipart.go:179.2,179.58 1 12
github.com/afreidah/s3-orchestrator/internal/store/postgres/multipart.go:179.58,181.3 1 0
github.com/afreidah/s3-orchestrator/internal/store/postgres/multipart.go:182.2,182.12 1 12
github.com/afreidah/s3-orchestrator/internal/store/postgres/multipart.go:186.94,188.16 2 9
github.com/afreidah/s3-orchestrator/internal/store/postgres/multipart.go:188.16,190.3 1 0
github.com/afreidah/s3-orchestrator/internal/store/postgres/multipart.go:192.2,193.27 2 9
github.com/afreidah/s3-orchestrator/internal/store/postgres/multipart.go:193.27,202.23 2 16
github.com/afreidah/s3-orchestrator/internal/store/postgres/multipart.go:202.23,204.4 1 0
github.com/afreidah/s3-orchestrator/internal/store/postgres/multipart.go:205.3,205.31 1 16
github.com/afreidah/s3-orchestrator/internal/store/postgres/multipart.go:205.31,207.4 1 0
github.com/afreidah/s3-orchestrator/internal/store/postgres/multipart.go:208.3,208.15 1 16
github.com/afreidah/s3-orchestrator/internal/store/postgres/multipart.go:210.2,210.19 1 9
github.com/afreidah/s3-orchestrator/internal/store/postgres/multipart.go:218.83,220.16 2 6
github.com/afreidah/s3-orchestrator/internal/store/postgres/multipart.go:220.16,222.3 1 0
github.com/afreidah/s3-orchestrator/internal/store/postgres/multipart.go:223.2,223.12 1 6
github.com/afreidah/s3-orchestrator/internal/store/postgres/multipart.go:230.108,232.22 2 3
github.com/afreidah/s3-orchestrator/internal/store/postgres/multipart.go:232.22,234.17 2 0
github.com/afreidah/s3-orchestrator/internal/store/postgres/multipart.go:234.17,236.4 1 0
github.com/afreidah/s3-orchestrator/internal/store/postgres/multipart.go:237.3,237.18 1 0
github.com/afreidah/s3-orchestrator/internal/store/postgres/multipart.go:239.2,239.21 1 3
github.com/afreidah/s3-orchestrator/internal/store/postgres/multipart.go:243.120,246.16 3 0
github.com/afreidah/s3-orchestrator/internal/store/postgres/multipart.go:246.16,248.3 1 0
github.com/afreidah/s3-orchestrator/internal/store/postgres/multipart.go:249.2,249.93 1 0
github.com/afreidah/s3-orchestrator/internal/store/postgres/multipart.go:249.93,255.3 1 0
github.com/afreidah/s3-orchestrator/internal/store/postgres/multipart.go:261.119,263.16 2 3
github.com/afreidah/s3-orchestrator/internal/store/postgres/multipart.go:263.16,265.3 1 0
github.com/afreidah/s3-orchestrator/internal/store/postgres/multipart.go:266.2,266.97 1 3
github.com/afreidah/s3-orchestrator/internal/store/postgres/multipart.go:266.97,272.3 1 0
github.com/afreidah/s3-orchestrator/internal/store/postgres/multipart.go:278.108,280.16 2 0
github.com/afreidah/s3-orchestrator/internal/store/postgres/multipart.go:280.16,282.3 1 0
github.com/afreidah/s3-orchestrator/internal/store/postgres/multipart.go:283.2,283.95 1 0
github.com/afreidah/s3-orchestrator/internal/store/postgres/multipart.go:283.95,289.3 1 0
github.com/afreidah/s3-orchestrator/internal/store/postgres/multipart.go:294.120,300.17 2 0
github.com/afreidah/s3-orchestrator/internal/store/postgres/multipart.go:300.17,302.3 1 0
github.com/afreidah/s3-orchestrator/internal/store/postgres/multipart.go:303.2,303.12 1 0
github.com/afreidah/s3-orchestrator/internal/store/postgres/multipart.go:309.141,310.42 1 0
github.com/afreidah/s3-orchestrator/internal/store/postgres/multipart.go:310.42,312.3 1 0
github.com/afreidah/s3-orchestrator/internal/store/postgres/multipart.go:313.2,318.33 2 0
github.com/afreidah/s3-orchestrator/internal/store/postgres/multipart.go:318.33,323.3 4 0
github.com/afreidah/s3-orchestrator/internal/store/postgres/multipart.go:324.2,324.68 1 0
github.com/afreidah/s3-orchestrator/internal/store/postgres/multipart.go:324.68,326.3 1 0
github.com/afreidah/s3-orchestrator/internal/store/postgres/multipart.go:327.2,327.12 1 0
github.com/afreidah/s3-orchestrator/internal/store/postgres/multipart.go:332.102,335.16 3 0
github.com/afreidah/s3-orchestrator/internal/store/postgres/multipart.go:335.16,337.3 1 0
github.com/afreidah/s3-orchestrator/internal/store/postgres/multipart.go:338.2,338.19 1 0
github.com/afreidah/s3-orchestrator/internal/store/postgres/multipart.go:343.122,350.16 3 1
github.com/afreidah/s3-orchestrator/internal/store/postgres/multipart.go:350.16,352.3 1 0
github.com/afreidah/s3-orchestrator/internal/store/postgres/multipart.go:354.2,355.27 2 1
github.com/afreidah/s3-orchestrator/internal/store/postgres/multipart.go:355.27,357.29 2 1
github.com/afreidah/s3-orchestrator/internal/store/postgres/multipart.go:357.29,359.4 1 1
github.com/afreidah/s3-orchestrator/internal/store/postgres/multipart.go:360.3,365.4 1 1
github.com/afreidah/s3-orchestrator/internal/store/postgres/multipart.go:367.2,367.21 1 1
github.com/afreidah/s3-orchestrator/internal/store/postgres/notifications.go:29.103,35.2 1 0
github.com/afreidah/s3-orchestrator/internal/store/postgres/notifications.go:38.105,40.16 2 0
github.com/afreidah/s3-orchestrator/internal/store/postgres/notifications.go:40.16,42.3 1 0
github.com/afreidah/s3-orchestrator/internal/store/postgres/notifications.go:43.2,44.25 2 0
github.com/afreidah/s3-orchestrator/internal/store/postgres/notifications.go:44.25,52.3 1 0
github.com/afreidah/s3-orchestrator/internal/store/postgres/notifications.go:53.2,53.17 1 0
github.com/afreidah/s3-orchestrator/internal/store/postgres/notifications.go:58.75,60.2 1 0
github.com/afreidah/s3-orchestrator/internal/store/postgres/notifications.go:64.113,70.2 1 0
github.com/afreidah/s3-orchestrator/internal/store/postgres/objects.go:35.138,37.2 1 24
github.com/afreidah/s3-orchestrator/internal/store/postgres/objects.go:42.170,44.2 1 240
github.com/afreidah/s3-orchestrator/internal/store/postgres/objects.go:48.115,54.16 2 0
github.com/afreidah/s3-orchestrator/internal/store/postgres/objects.go:54.16,56.3 1 0
github.com/afreidah/s3-orchestrator/internal/store/postgres/objects.go:57.2,57.19 1 0
github.com/afreidah/s3-orchestrator/internal/store/postgres/objects.go:57.19,62.3 4 0
github.com/afreidah/s3-orchestrator/internal/store/postgres/objects.go:63.2,63.27 1 0
github.com/afreidah/s3-orchestrator/internal/store/postgres/objects.go:63.27,65.3 1 0
github.com/afreidah/s3-orchestrator/internal/store/postgres/objects.go:66.2,66.15 1 0
github.com/afreidah/s3-orchestrator/internal/store/postgres/objects.go:72.91,74.2 1 41
github.com/afreidah/s3-orchestrator/internal/store/postgres/objects.go:79.111,81.2 1 1
github.com/afreidah/s3-orchestrator/internal/store/postgres/objects.go:85.121,90.16 2 17
github.com/afreidah/s3-orchestrator/internal/store/postgres/objects.go:90.16,92.3 1 0
github.com/afreidah/s3-orchestrator/internal/store/postgres/objects.go:93.2,93.41 1 17
github.com/afreidah/s3-orchestrator/internal/store/postgres/objects.go:101.137,107.16 2 2
github.com/afreidah/s3-orchestrator/internal/store/postgres/objects.go:107.16,109.3 1 0
github.com/afreidah/s3-orchestrator/internal/store/postgres/objects.go:110.2,110.41 1 2
github.com/afreidah/s3-orchestrator/internal/store/postgres/objects.go:116.108,118.2 1 22
github.com/afreidah/s3-orchestrator/internal/store/postgres/objects.go:123.123,124.18 1 13
github.com/afreidah/s3-orchestrator/internal/store/postgres/objects.go:124.18,126.3 1 0
github.com/afreidah/s3-orchestrator/internal/store/postgres/objects.go:129.2,137.16 3 13
github.com/afreidah/s3-orchestrator/internal/store/postgres/objects.go:137.16,139.3 1 0
github.com/afreidah/s3-orchestrator/internal/store/postgres/objects.go:141.2,144.28 3 13
github.com/afreidah/s3-orchestrator/internal/store/postgres/objects.go:144.28,148.3 3 3
github.com/afreidah/s3-orchestrator/internal/store/postgres/objects.go:148.8,150.3 1 10
github.com/afreidah/s3-orchestrator/internal/store/postgres/objects.go:152.2,152.20 1 13
github.com/afreidah/s3-orchestrator/internal/store/postgres/objects.go:158.132,165.16 3 0
github.com/afreidah/s3-orchestrator/internal/store/postgres/objects.go:165.16,167.3 1 0
github.com/afreidah/s3-orchestrator/internal/store/postgres/objects.go:168.2,168.41 1 0
github.com/afreidah/s3-orchestrator/internal/store/postgres/objects.go:178.135,179.18 1 3
github.com/afreidah/s3-orchestrator/internal/store/postgres/objects.go:179.18,181.3 1 0
github.com/afreidah/s3-orchestrator/internal/store/postgres/objects.go:183.2,187.16 3 3
github.com/afreidah/s3-orchestrator/internal/store/postgres/objects.go:187.16,189.3 1 0
github.com/afreidah/s3-orchestrator/internal/store/postgres/objects.go:192.2,197.16 2 3
github.com/afreidah/s3-orchestrator/internal/store/postgres/objects.go:197.16,199.3 1 0
github.com/afreidah/s3-orchestrator/internal/store/postgres/objects.go:202.2,209.13 4 3
github.com/afreidah/s3-orchestrator/internal/store/postgres/objects.go:209.13,211.3 1 0
github.com/afreidah/s3-orchestrator/internal/store/postgres/objects.go:212.2,212.31 1 3
github.com/afreidah/s3-orchestrator/internal/store/postgres/objects.go:212.31,219.3 2 2
github.com/afreidah/s3-orchestrator/internal/store/postgres/objects.go:221.2,225.26 2 3
github.com/afreidah/s3-orchestrator/internal/store/postgres/objects.go:225.26,232.15 2 3
github.com/afreidah/s3-orchestrator/internal/store/postgres/objects.go:232.15,234.11 2 2
github.com/afreidah/s3-orchestrator/internal/store/postgres/objects.go:234.11,236.13 1 0
github.com/afreidah/s3-orchestrator/internal/store/postgres/objects.go:238.4,244.38 3 2
github.com/afreidah/s3-orchestrator/internal/store/postgres/objects.go:246.3,246.49 1 3
github.com/afreidah/s3-orchestrator/internal/store/postgres/objects.go:249.2,249.13 1 3
github.com/afreidah/s3-orchestrator/internal/store/postgres/objects.go:249.13,253.3 3 0
github.com/afreidah/s3-orchestrator/internal/store/postgres/objects.go:255.2,255.20 1 3
github.com/afreidah/s3-orchestrator/internal/store/postgres/objects.go:265.98,267.2 1 99
github.com/afreidah/s3-orchestrator/internal/store/postgres/pending.go:34.81,35.83 1 243
github.com/afreidah/s3-orchestrator/internal/store/postgres/pending.go:35.83,37.3 1 0
github.com/afreidah/s3-orchestrator/internal/store/postgres/pending.go:38.2,38.12 1 243
github.com/afreidah/s3-orchestrator/internal/store/postgres/pending.go:44.75,45.69 1 2
github.com/afreidah/s3-orchestrator/internal/store/postgres/pending.go:45.69,47.3 1 0
github.com/afreidah/s3-orchestrator/internal/store/postgres/pending.go:48.2,48.12 1 2
github.com/afreidah/s3-orchestrator/internal/store/postgres/pending.go:54.116,59.16 2 3
github.com/afreidah/s3-orchestrator/internal/store/postgres/pending.go:59.16,61.3 1 0
github.com/afreidah/s3-orchestrator/internal/store/postgres/pending.go:62.2,63.22 2 3
github.com/afreidah/s3-orchestrator/internal/store/postgres/pending.go:63.22,65.3 1 2
github.com/afreidah/s3-orchestrator/internal/store/postgres/pending.go:66.2,66.17 1 3
github.com/afreidah/s3-orchestrator/internal/store/postgres/pending.go:71.66,73.16 2 3
github.com/afreidah/s3-orchestrator/internal/store/postgres/pending.go:73.16,75.3 1 0
github.com/afreidah/s3-orchestrator/internal/store/postgres/pending.go:76.2,76.19 1 3
github.com/afreidah/s3-orchestrator/internal/store/postgres/pending.go:82.87,83.82 1 0
github.com/afreidah/s3-orchestrator/internal/store/postgres/pending.go:83.82,85.3 1 0
github.com/afreidah/s3-orchestrator/internal/store/postgres/pending.go:86.2,86.12 1 0
github.com/afreidah/s3-orchestrator/internal/store/postgres/pending.go:92.131,94.2 1 1
github.com/afreidah/s3-orchestrator/internal/store/postgres/pending.go:103.78,112.19 2 243
github.com/afreidah/s3-orchestrator/internal/store/postgres/pending.go:112.19,114.3 1 0
github.com/afreidah/s3-orchestrator/internal/store/postgres/pending.go:115.2,115.26 1 243
github.com/afreidah/s3-orchestrator/internal/store/postgres/pending.go:115.26,117.3 1 0
github.com/afreidah/s3-orchestrator/internal/store/postgres/pending.go:118.2,118.25 1 243
github.com/afreidah/s3-orchestrator/internal/store/postgres/pending.go:118.25,120.3 1 0
github.com/afreidah/s3-orchestrator/internal/store/postgres/pending.go:121.2,121.15 1 243
github.com/afreidah/s3-orchestrator/internal/store/postgres/pending.go:126.63,136.22 2 2
github.com/afreidah/s3-orchestrator/internal/store/postgres/pending.go:136.22,138.3 1 0
github.com/afreidah/s3-orchestrator/internal/store/postgres/pending.go:139.2,139.30 1 2
github.com/afreidah/s3-orchestrator/internal/store/postgres/pending.go:139.30,141.3 1 0
github.com/afreidah/s3-orchestrator/internal/store/postgres/pending.go:142.2,142.28 1 2
github.com/afreidah/s3-orchestrator/internal/store/postgres/pending.go:142.28,144.3 1 0
github.com/afreidah/s3-orchestrator/internal/store/postgres/pending.go:145.2,145.10 1 2
github.com/afreidah/s3-orchestrator/internal/store/postgres/quota.go:33.93,34.51 1 118
github.com/afreidah/s3-orchestrator/internal/store/postgres/quota.go:34.51,35.27 1 118
github.com/afreidah/s3-orchestrator/internal/store/postgres/quota.go:35.27,40.18 2 353
github.com/afreidah/s3-orchestrator/internal/store/postgres/quota.go:40.18,42.5 1 0
github.com/afreidah/s3-orchestrator/internal/store/postgres/quota.go:44.3,44.13 1 118
github.com/afreidah/s3-orchestrator/internal/store/postgres/quota.go:50.109,51.36 1 267
github.com/afreidah/s3-orchestrator/internal/store/postgres/quota.go:51.36,53.36 2 285
github.com/afreidah/s3-orchestrator/internal/store/postgres/quota.go:53.36,54.12 1 0
github.com/afreidah/s3-orchestrator/internal/store/postgres/quota.go:56.3,56.17 1 285
github.com/afreidah/s3-orchestrator/internal/store/postgres/quota.go:56.17,58.4 1 0
github.com/afreidah/s3-orchestrator/internal/store/postgres/quota.go:60.3,60.24 1 285
github.com/afreidah/s3-orchestrator/internal/store/postgres/quota.go:60.24,62.4 1 261
github.com/afreidah/s3-orchestrator/internal/store/postgres/quota.go:65.2,65.37 1 6
github.com/afreidah/s3-orchestrator/internal/store/postgres/quota.go:70.109,75.35 2 21
github.com/afreidah/s3-orchestrator/internal/store/postgres/quota.go:75.35,77.3 1 0
github.com/afreidah/s3-orchestrator/internal/store/postgres/quota.go:78.2,78.16 1 21
github.com/afreidah/s3-orchestrator/internal/store/postgres/quota.go:78.16,80.3 1 0
github.com/afreidah/s3-orchestrator/internal/store/postgres/quota.go:81.2,81.29 1 21
github.com/afreidah/s3-orchestrator/internal/store/postgres/quota.go:85.87,87.16 2 35
github.com/afreidah/s3-orchestrator/internal/store/postgres/quota.go:87.16,89.3 1 0
github.com/afreidah/s3-orchestrator/internal/store/postgres/quota.go:91.2,92.27 2 35
github.com/afreidah/s3-orchestrator/internal/store/postgres/quota.go:92.27,100.3 1 140
github.com/afreidah/s3-orchestrator/internal/store/postgres/quota.go:102.2,102.19 1 35
github.com/afreidah/s3-orchestrator/internal/store/postgres/quota.go:106.80,108.16 2 0
github.com/afreidah/s3-orchestrator/internal/store/postgres/quota.go:108.16,110.3 1 0
github.com/afreidah/s3-orchestrator/internal/store/postgres/quota.go:112.2,113.27 2 0
github.com/afreidah/s3-orchestrator/internal/store/postgres/quota.go:113.27,115.3 1 0
github.com/afreidah/s3-orchestrator/internal/store/postgres/quota.go:116.2,116.20 1 0
github.com/afreidah/s3-orchestrator/internal/store/postgres/quota.go:121.89,123.16 2 0
github.com/afreidah/s3-orchestrator/internal/store/postgres/quota.go:123.16,125.3 1 0
github.com/afreidah/s3-orchestrator/internal/store/postgres/quota.go:127.2,128.27 2 0
github.com/afreidah/s3-orchestrator/internal/store/postgres/quota.go:128.27,130.3 1 0
github.com/afreidah/s3-orchestrator/internal/store/postgres/quota.go:131.2,131.20 1 0
github.com/afreidah/s3-orchestrator/internal/store/postgres/replication.go:28.103,30.16 2 112
github.com/afreidah/s3-orchestrator/internal/store/postgres/replication.go:30.16,32.3 1 0
github.com/afreidah/s3-orchestrator/internal/store/postgres/replication.go:34.2,34.20 1 112
github.com/afreidah/s3-orchestrator/internal/store/postgres/replication.go:34.20,36.3 1 17
github.com/afreidah/s3-orchestrator/internal/store/postgres/replication.go:38.2,38.40 1 95
github.com/afreidah/s3-orchestrator/internal/store/postgres/replication.go:46.107,47.20 1 11
github.com/afreidah/s3-orchestrator/internal/store/postgres/replication.go:47.20,49.3 1 1
github.com/afreidah/s3-orchestrator/internal/store/postgres/replication.go:50.2,51.16 2 10
github.com/afreidah/s3-orchestrator/internal/store/postgres/replication.go:51.16,53.3 1 0
github.com/afreidah/s3-orchestrator/internal/store/postgres/replication.go:54.2,55.25 2 10
github.com/afreidah/s3-orchestrator/internal/store/postgres/replication.go:55.25,57.3 1 26
github.com/afreidah/s3-orchestrator/internal/store/postgres/replication.go:58.2,58.17 1 10
github.com/afreidah/s3-orchestrator/internal/store/postgres/replication.go:64.114,69.16 2 16
github.com/afreidah/s3-orchestrator/internal/store/postgres/replication.go:69.16,71.3 1 0
github.com/afreidah/s3-orchestrator/internal/store/postgres/replication.go:73.2,73.40 1 16
github.com/afreidah/s3-orchestrator/internal/store/postgres/replication.go:79.150,85.16 2 0
github.com/afreidah/s3-orchestrator/internal/store/postgres/replication.go:85.16,87.3 1 0
github.com/afreidah/s3-orchestrator/internal/store/postgres/replication.go:89.2,89.40 1 0
github.com/afreidah/s3-orchestrator/internal/store/postgres/replication.go:94.115,96.2 1 26
github.com/afreidah/s3-orchestrator/internal/store/postgres/replication.go:101.113,103.9 2 6
github.com/afreidah/s3-orchestrator/internal/store/postgres/replication.go:104.18,105.14 1 0
github.com/afreidah/s3-orchestrator/internal/store/postgres/replication.go:106.29,107.26 1 0
github.com/afreidah/s3-orchestrator/internal/store/postgres/replication.go:108.10,109.25 1 6
github.com/afreidah/s3-orchestrator/internal/store/postgres/replication.go:112.2,116.16 2 6
github.com/afreidah/s3-orchestrator/internal/store/postgres/replication.go:116.16,118.3 1 0
github.com/afreidah/s3-orchestrator/internal/store/postgres/replication.go:120.2,120.40 1 6
github.com/afreidah/s3-orchestrator/internal/store/postgres/replication.go:125.92,127.16 2 4
github.com/afreidah/s3-orchestrator/internal/store/postgres/replication.go:127.16,129.3 1 0
github.com/afreidah/s3-orchestrator/internal/store/postgres/replication.go:130.2,130.19 1 4
github.com/afreidah/s3-orchestrator/internal/store/postgres/replication.go:136.98,138.2 1 7
github.com/afreidah/s3-orchestrator/internal/store/postgres/replication.go:143.106,145.16 2 0
github.com/afreidah/s3-orchestrator/internal/store/postgres/replication.go:145.16,147.3 1 0
github.com/afreidah/s3-orchestrator/internal/store/postgres/replication.go:148.2,148.40 1 0
github.com/afreidah/s3-orchestrator/internal/store/postgres/store.go:60.82,63.16 3 1
github.com/afreidah/s3-orchestrator/internal/store/postgres/store.go:63.16,65.3 1 0
github.com/afreidah/s3-orchestrator/internal/store/postgres/store.go:67.2,73.16 6 1
github.com/afreidah/s3-orchestrator/internal/store/postgres/store.go:73.16,75.3 1 0
github.com/afreidah/s3-orchestrator/internal/store/postgres/store.go:77.2,77.39 1 1
github.com/afreidah/s3-orchestrator/internal/store/postgres/store.go:77.39,80.3 2 0
github.com/afreidah/s3-orchestrator/internal/store/postgres/store.go:82.2,86.8 1 1
github.com/afreidah/s3-orchestrator/internal/store/postgres/store.go:90.25,92.2 1 0
github.com/afreidah/s3-orchestrator/internal/store/postgres/store.go:97.58,99.16 2 1
github.com/afreidah/s3-orchestrator/internal/store/postgres/store.go:99.16,101.3 1 0
github.com/afreidah/s3-orchestrator/internal/store/postgres/store.go:102.2,105.16 3 1
github.com/afreidah/s3-orchestrator/internal/store/postgres/store.go:105.16,107.3 1 0
github.com/afreidah/s3-orchestrator/internal/store/postgres/store.go:109.2,110.16 2 1
github.com/afreidah/s3-orchestrator/internal/store/postgres/store.go:110.16,112.3 1 0
github.com/afreidah/s3-orchestrator/internal/store/postgres/store.go:114.2,115.16 2 1
github.com/afreidah/s3-orchestrator/internal/store/postgres/store.go:115.16,117.3 1 0
github.com/afreidah/s3-orchestrator/internal/store/postgres/store.go:118.2,118.28 1 1
github.com/afreidah/s3-orchestrator/internal/store/postgres/store.go:118.28,122.3 1 10
github.com/afreidah/s3-orchestrator/internal/store/postgres/store.go:123.2,123.12 1 1
github.com/afreidah/s3-orchestrator/internal/store/postgres/store.go:134.64,139.16 3 0
github.com/afreidah/s3-orchestrator/internal/store/postgres/store.go:139.16,141.3 1 0
github.com/afreidah/s3-orchestrator/internal/store/postgres/store.go:143.2,143.37 1 0
github.com/afreidah/s3-orchestrator/internal/store/postgres/store.go:143.37,145.3 1 0
github.com/afreidah/s3-orchestrator/internal/store/postgres/store.go:146.2,146.37 1 0
github.com/afreidah/s3-orchestrator/internal/store/postgres/store.go:146.37,148.3 1 0
github.com/afreidah/s3-orchestrator/internal/store/postgres/store.go:149.2,149.12 1 0
github.com/afreidah/s3-orchestrator/internal/store/postgres/store.go:158.79,160.16 2 118
github.com/afreidah/s3-orchestrator/internal/store/postgres/store.go:160.16,162.3 1 0
github.com/afreidah/s3-orchestrator/internal/store/postgres/store.go:163.2,163.15 1 118
github.com/afreidah/s3-orchestrator/internal/store/postgres/store.go:163.15,163.39 1 118
github.com/afreidah/s3-orchestrator/internal/store/postgres/store.go:165.2,165.49 1 118
github.com/afreidah/s3-orchestrator/internal/store/postgres/store.go:165.49,167.3 1 0
github.com/afreidah/s3-orchestrator/internal/store/postgres/store.go:168.2,168.23 1 118
github.com/afreidah/s3-orchestrator/internal/store/postgres/store.go:175.106,177.16 2 467
github.com/afreidah/s3-orchestrator/internal/store/postgres/store.go:177.16,179.3 1 0
github.com/afreidah/s3-orchestrator/internal/store/postgres/store.go:180.2,180.15 1 467
github.com/afreidah/s3-orchestrator/internal/store/postgres/store.go:180.15,180.39 1 467
github.com/afreidah/s3-orchestrator/internal/store/postgres/store.go:182.2,183.41 2 467
github.com/afreidah/s3-orchestrator/internal/store/postgres/store.go:183.41,185.3 1 93
github.com/afreidah/s3-orchestrator/internal/store/postgres/store.go:186.2,186.39 1 374
github.com/afreidah/s3-orchestrator/internal/store/postgres/store.go:186.39,188.3 1 0
github.com/afreidah/s3-orchestrator/internal/store/postgres/store.go:189.2,189.12 1 374
github.com/afreidah/s3-orchestrator/internal/store/postgres/store.go:218.77,220.22 2 32
github.com/afreidah/s3-orchestrator/internal/store/postgres/store.go:220.22,228.3 2 66
github.com/afreidah/s3-orchestrator/internal/store/postgres/store.go:229.2,229.12 1 32
github.com/afreidah/s3-orchestrator/internal/store/postgres/store.go:234.75,236.22 2 117
github.com/afreidah/s3-orchestrator/internal/store/postgres/store.go:236.22,246.34 3 143
github.com/afreidah/s3-orchestrator/internal/store/postgres/store.go:246.34,248.4 1 8
github.com/afreidah/s3-orchestrator/internal/store/postgres/store.go:249.3,249.42 1 143
github.com/afreidah/s3-orchestrator/internal/store/postgres/store.go:249.42,251.4 1 8
github.com/afreidah/s3-orchestrator/internal/store/postgres/store.go:252.3,252.40 1 143
github.com/afreidah/s3-orchestrator/internal/store/postgres/store.go:252.40,254.4 1 0
github.com/afreidah/s3-orchestrator/internal/store/postgres/store.go:255.3,255.15 1 143
github.com/afreidah/s3-orchestrator/internal/store/postgres/store.go:257.2,257.12 1 117
github.com/afreidah/s3-orchestrator/internal/store/postgres/store.go:261.52,263.2 1 3
github.com/afreidah/s3-orchestrator/internal/store/postgres/usage.go:25.135,33.2 1 0
github.com/afreidah/s3-orchestrator/internal/store/postgres/usage.go:36.106,38.16 2 0
github.com/afreidah/s3-orchestrator/internal/store/postgres/usage.go:38.16,40.3 1 0
github.com/afreidah/s3-orchestrator/internal/store/postgres/usage.go:42.2,43.27 2 0
github.com/afreidah/s3-orchestrator/internal/store/postgres/usage.go:43.27,49.3 1 0
github.com/afreidah/s3-orchestrator/internal/store/postgres/usage.go:50.2,50.19 1 0
github.com/afreidah/s3-orchestrator/internal/store/postgres/sqlc/cleanup.sql.go:20.71,25.2 4 6
github.com/afreidah/s3-orchestrator/internal/store/postgres/sqlc/cleanup.sql.go:31.76,36.2 4 5
github.com/afreidah/s3-orchestrator/internal/store/postgres/sqlc/cleanup.sql.go:42.74,45.2 2 3
github.com/afreidah/s3-orchestrator/internal/store/postgres/sqlc/cleanup.sql.go:51.94,54.2 2 4
github.com/afreidah/s3-orchestrator/internal/store/postgres/sqlc/cleanup.sql.go:69.114,71.16 2 3
github.com/afreidah/s3-orchestrator/internal/store/postgres/sqlc/cleanup.sql.go:71.16,73.3 1 0
github.com/afreidah/s3-orchestrator/internal/store/postgres/sqlc/cleanup.sql.go:74.2,74.35 1 3
github.com/afreidah/s3-orchestrator/internal/store/postgres/sqlc/cleanup.sql.go:101.87,109.2 2 10
github.com/afreidah/s3-orchestrator/internal/store/postgres/sqlc/cleanup.sql.go:133.100,147.2 4 2
github.com/afreidah/s3-orchestrator/internal/store/postgres/sqlc/cleanup.sql.go:166.105,168.16 2 5
github.com/afreidah/s3-orchestrator/internal/store/postgres/sqlc/cleanup.sql.go:168.16,170.3 1 0
github.com/afreidah/s3-orchestrator/internal/store/postgres/sqlc/cleanup.sql.go:171.2,173.18 3 5
github.com/afreidah/s3-orchestrator/internal/store/postgres/sqlc/cleanup.sql.go:173.18,182.17 2 2
github.com/afreidah/s3-orchestrator/internal/store/postgres/sqlc/cleanup.sql.go:182.17,184.4 1 0
github.com/afreidah/s3-orchestrator/internal/store/postgres/sqlc/cleanup.sql.go:185.3,185.27 1 2
github.com/afreidah/s3-orchestrator/internal/store/postgres/sqlc/cleanup.sql.go:187.2,187.35 1 5
github.com/afreidah/s3-orchestrator/internal/store/postgres/sqlc/cleanup.sql.go:187.35,189.3 1 0
github.com/afreidah/s3-orchestrator/internal/store/postgres/sqlc/cleanup.sql.go:190.2,190.19 1 5
github.com/afreidah/s3-orchestrator/internal/store/postgres/sqlc/cleanup.sql.go:215.91,227.2 2 1
github.com/afreidah/s3-orchestrator/internal/store/postgres/sqlc/cleanup.sql.go:249.138,254.2 4 4
github.com/afreidah/s3-orchestrator/internal/store/postgres/sqlc/cleanup.sql.go:270.95,273.2 2 0
github.com/afreidah/s3-orchestrator/internal/store/postgres/sqlc/db.go:20.28,22.2 1 1
github.com/afreidah/s3-orchestrator/internal/store/postgres/sqlc/db.go:28.46,32.2 1 589
github.com/afreidah/s3-orchestrator/internal/store/postgres/sqlc/multipart.sql.go:19.107,24.2 4 0
github.com/afreidah/s3-orchestrator/internal/store/postgres/sqlc/multipart.sql.go:55.101,66.2 2 6
github.com/afreidah/s3-orchestrator/internal/store/postgres/sqlc/multipart.sql.go:73.85,76.2 2 6
github.com/afreidah/s3-orchestrator/internal/store/postgres/sqlc/multipart.sql.go:82.98,85.2 2 4
github.com/afreidah/s3-orchestrator/internal/store/postgres/sqlc/multipart.sql.go:104.107,118.2 4 18
github.com/afreidah/s3-orchestrator/internal/store/postgres/sqlc/multipart.sql.go:137.132,139.16 2 3
github.com/afreidah/s3-orchestrator/internal/store/postgres/sqlc/multipart.sql.go:139.16,141.3 1 0
github.com/afreidah/s3-orchestrator/internal/store/postgres/sqlc/multipart.sql.go:142.2,144.18 3 3
github.com/afreidah/s3-orchestrator/internal/store/postgres/sqlc/multipart.sql.go:144.18,155.17 2 0
github.com/afreidah/s3-orchestrator/internal/store/postgres/sqlc/multipart.sql.go:155.17,157.4 1 0
github.com/afreidah/s3-orchestrator/internal/store/postgres/sqlc/multipart.sql.go:158.3,158.27 1 0
github.com/afreidah/s3-orchestrator/internal/store/postgres/sqlc/multipart.sql.go:160.2,160.35 1 3
github.com/afreidah/s3-orchestrator/internal/store/postgres/sqlc/multipart.sql.go:160.35,162.3 1 0
github.com/afreidah/s3-orchestrator/internal/store/postgres/sqlc/multipart.sql.go:163.2,163.19 1 3
github.com/afreidah/s3-orchestrator/internal/store/postgres/sqlc/multipart.sql.go:184.89,186.16 2 9
github.com/afreidah/s3-orchestrator/internal/store/postgres/sqlc/multipart.sql.go:186.16,188.3 1 0
github.com/afreidah/s3-orchestrator/internal/store/postgres/sqlc/multipart.sql.go:189.2,191.18 3 9
github.com/afreidah/s3-orchestrator/internal/store/postgres/sqlc/multipart.sql.go:191.18,202.17 2 16
github.com/afreidah/s3-orchestrator/internal/store/postgres/sqlc/multipart.sql.go:202.17,204.4 1 0
github.com/afreidah/s3-orchestrator/internal/store/postgres/sqlc/multipart.sql.go:205.3,205.27 1 16
github.com/afreidah/s3-orchestrator/internal/store/postgres/sqlc/multipart.sql.go:207.2,207.35 1 9
github.com/afreidah/s3-orchestrator/internal/store/postgres/sqlc/multipart.sql.go:207.35,209.3 1 0
github.com/afreidah/s3-orchestrator/internal/store/postgres/sqlc/multipart.sql.go:210.2,210.19 1 9
github.com/afreidah/s3-orchestrator/internal/store/postgres/sqlc/multipart.sql.go:230.134,232.16 2 0
github.com/afreidah/s3-orchestrator/internal/store/postgres/sqlc/multipart.sql.go:232.16,234.3 1 0
github.com/afreidah/s3-orchestrator/internal/store/postgres/sqlc/multipart.sql.go:235.2,237.18 3 0
github.com/afreidah/s3-orchestrator/internal/store/postgres/sqlc/multipart.sql.go:237.18,248.17 2 0
github.com/afreidah/s3-orchestrator/internal/store/postgres/sqlc/multipart.sql.go:248.17,250.4 1 0
github.com/afreidah/s3-orchestrator/internal/store/postgres/sqlc/multipart.sql.go:251.3,251.27 1 0
github.com/afreidah/s3-orchestrator/internal/store/postgres/sqlc/multipart.sql.go:253.2,253.35 1 0
github.com/afreidah/s3-orchestrator/internal/store/postgres/sqlc/multipart.sql.go:253.35,255.3 1 0
github.com/afreidah/s3-orchestrator/internal/store/postgres/sqlc/multipart.sql.go:256.2,256.19 1 0
github.com/afreidah/s3-orchestrator/internal/store/postgres/sqlc/multipart.sql.go:278.121,280.16 2 0
github.com/afreidah/s3-orchestrator/internal/store/postgres/sqlc/multipart.sql.go:280.16,282.3 1 0
github.com/afreidah/s3-orchestrator/internal/store/postgres/sqlc/multipart.sql.go:283.2,285.18 3 0
github.com/afreidah/s3-orchestrator/internal/store/postgres/sqlc/multipart.sql.go:285.18,296.17 2 0
github.com/afreidah/s3-orchestrator/internal/store/postgres/sqlc/multipart.sql.go:296.17,298.4 1 0
github.com/afreidah/s3-orchestrator/internal/store/postgres/sqlc/multipart.sql.go:299.3,299.27 1 0
github.com/afreidah/s3-orchestrator/internal/store/postgres/sqlc/multipart.sql.go:301.2,301.35 1 0
github.com/afreidah/s3-orchestrator/internal/store/postgres/sqlc/multipart.sql.go:301.35,303.3 1 0
github.com/afreidah/s3-orchestrator/internal/store/postgres/sqlc/multipart.sql.go:304.2,304.19 1 0
github.com/afreidah/s3-orchestrator/internal/store/postgres/sqlc/multipart.sql.go:327.152,329.16 2 1
github.com/afreidah/s3-orchestrator/internal/store/postgres/sqlc/multipart.sql.go:329.16,331.3 1 0
github.com/afreidah/s3-orchestrator/internal/store/postgres/sqlc/multipart.sql.go:332.2,334.18 3 1
github.com/afreidah/s3-orchestrator/internal/store/postgres/sqlc/multipart.sql.go:334.18,341.17 2 1
github.com/afreidah/s3-orchestrator/internal/store/postgres/sqlc/multipart.sql.go:341.17,343.4 1 0
github.com/afreidah/s3-orchestrator/internal/store/postgres/sqlc/multipart.sql.go:344.3,344.27 1 1
github.com/afreidah/s3-orchestrator/internal/store/postgres/sqlc/multipart.sql.go:346.2,346.35 1 1
github.com/afreidah/s3-orchestrator/internal/store/postgres/sqlc/multipart.sql.go:346.35,348.3 1 0
github.com/afreidah/s3-orchestrator/internal/store/postgres/sqlc/multipart.sql.go:349.2,349.19 1 1
github.com/afreidah/s3-orchestrator/internal/store/postgres/sqlc/multipart.sql.go:368.99,379.2 2 0
github.com/afreidah/s3-orchestrator/internal/store/postgres/sqlc/multipart.sql.go:393.103,396.2 2 0
github.com/afreidah/s3-orchestrator/internal/store/postgres/sqlc/multipart.sql.go:416.79,428.2 2 12
github.com/afreidah/s3-orchestrator/internal/store/postgres/sqlc/notifications.sql.go:18.77,21.2 2 0
github.com/afreidah/s3-orchestrator/internal/store/postgres/sqlc/notifications.sql.go:39.115,41.16 2 0
github.com/afreidah/s3-orchestrator/internal/store/postgres/sqlc/notifications.sql.go:41.16,43.3 1 0
github.com/afreidah/s3-orchestrator/internal/store/postgres/sqlc/notifications.sql.go:44.2,46.18 3 0
github.com/afreidah/s3-orchestrator/internal/store/postgres/sqlc/notifications.sql.go:46.18,54.17 2 0
github.com/afreidah/s3-orchestrator/internal/store/postgres/sqlc/notifications.sql.go:54.17,56.4 1 0
github.com/afreidah/s3-orchestrator/internal/store/postgres/sqlc/notifications.sql.go:57.3,57.27 1 0
github.com/afreidah/s3-orchestrator/internal/store/postgres/sqlc/notifications.sql.go:59.2,59.35 1 0
github.com/afreidah/s3-orchestrator/internal/store/postgres/sqlc/notifications.sql.go:59.35,61.3 1 0
github.com/afreidah/s3-orchestrator/internal/store/postgres/sqlc/notifications.sql.go:62.2,62.19 1 0
github.com/afreidah/s3-orchestrator/internal/store/postgres/sqlc/notifications.sql.go:87.95,90.2 2 0
github.com/afreidah/s3-orchestrator/internal/store/postgres/sqlc/notifications.sql.go:106.93,109.2 2 0
github.com/afreidah/s3-orchestrator/internal/store/postgres/sqlc/object_location_accessors.go:32.64,32.86 1 32
github.com/afreidah/s3-orchestrator/internal/store/postgres/sqlc/object_location_accessors.go:33.64,33.88 1 32
github.com/afreidah/s3-orchestrator/internal/store/postgres/sqlc/object_location_accessors.go:34.64,34.86 1 32
github.com/afreidah/s3-orchestrator/internal/store/postgres/sqlc/object_location_accessors.go:35.68,35.90 1 32
github.com/afreidah/s3-orchestrator/internal/store/postgres/sqlc/object_location_accessors.go:39.63,39.85 1 33
github.com/afreidah/s3-orchestrator/internal/store/postgres/sqlc/object_location_accessors.go:40.63,40.87 1 33
github.com/afreidah/s3-orchestrator/internal/store/postgres/sqlc/object_location_accessors.go:41.63,41.85 1 33
github.com/afreidah/s3-orchestrator/internal/store/postgres/sqlc/object_location_accessors.go:42.67,42.89 1 33
github.com/afreidah/s3-orchestrator/internal/store/postgres/sqlc/object_location_accessors.go:46.62,46.84 1 0
github.com/afreidah/s3-orchestrator/internal/store/postgres/sqlc/object_location_accessors.go:47.62,47.86 1 0
github.com/afreidah/s3-orchestrator/internal/store/postgres/sqlc/object_location_accessors.go:48.62,48.84 1 0
github.com/afreidah/s3-orchestrator/internal/store/postgres/sqlc/object_location_accessors.go:49.66,49.88 1 0
github.com/afreidah/s3-orchestrator/internal/store/postgres/sqlc/object_location_accessors.go:57.74,57.96 1 1
github.com/afreidah/s3-orchestrator/internal/store/postgres/sqlc/object_location_accessors.go:58.74,58.98 1 1
github.com/afreidah/s3-orchestrator/internal/store/postgres/sqlc/object_location_accessors.go:59.74,59.96 1 1
github.com/afreidah/s3-orchestrator/internal/store/postgres/sqlc/object_location_accessors.go:60.74,60.96 1 1
github.com/afreidah/s3-orchestrator/internal/store/postgres/sqlc/object_location_accessors.go:68.69,68.91 1 103
github.com/afreidah/s3-orchestrator/internal/store/postgres/sqlc/object_location_accessors.go:69.69,69.93 1 103
github.com/afreidah/s3-orchestrator/internal/store/postgres/sqlc/object_location_accessors.go:70.69,70.91 1 103
github.com/afreidah/s3-orchestrator/internal/store/postgres/sqlc/object_location_accessors.go:71.69,71.91 1 103
github.com/afreidah/s3-orchestrator/internal/store/postgres/sqlc/object_location_accessors.go:72.69,72.91 1 103
github.com/afreidah/s3-orchestrator/internal/store/postgres/sqlc/object_location_accessors.go:73.69,73.95 1 103
github.com/afreidah/s3-orchestrator/internal/store/postgres/sqlc/object_location_accessors.go:74.69,74.87 1 103
github.com/afreidah/s3-orchestrator/internal/store/postgres/sqlc/object_location_accessors.go:75.69,75.95 1 103
github.com/afreidah/s3-orchestrator/internal/store/postgres/sqlc/object_location_accessors.go:76.69,76.93 1 103
github.com/afreidah/s3-orchestrator/internal/store/postgres/sqlc/object_location_accessors.go:80.73,80.95 1 19
github.com/afreidah/s3-orchestrator/internal/store/postgres/sqlc/object_location_accessors.go:81.73,81.97 1 19
github.com/afreidah/s3-orchestrator/internal/store/postgres/sqlc/object_location_accessors.go:82.73,82.95 1 19
github.com/afreidah/s3-orchestrator/internal/store/postgres/sqlc/object_location_accessors.go:83.73,83.95 1 19
github.com/afreidah/s3-orchestrator/internal/store/postgres/sqlc/object_location_accessors.go:84.73,84.95 1 19
github.com/afreidah/s3-orchestrator/internal/store/postgres/sqlc/object_location_accessors.go:85.73,85.99 1 19
github.com/afreidah/s3-orchestrator/internal/store/postgres/sqlc/object_location_accessors.go:86.73,86.91 1 19
github.com/afreidah/s3-orchestrator/internal/store/postgres/sqlc/object_location_accessors.go:87.73,87.99 1 19
github.com/afreidah/s3-orchestrator/internal/store/postgres/sqlc/object_location_accessors.go:88.73,88.97 1 19
github.com/afreidah/s3-orchestrator/internal/store/postgres/sqlc/object_location_accessors.go:92.82,92.104 1 0
github.com/afreidah/s3-orchestrator/internal/store/postgres/sqlc/object_location_accessors.go:93.82,93.106 1 0
github.com/afreidah/s3-orchestrator/internal/store/postgres/sqlc/object_location_accessors.go:94.82,94.104 1 0
github.com/afreidah/s3-orchestrator/internal/store/postgres/sqlc/object_location_accessors.go:95.82,95.104 1 0
github.com/afreidah/s3-orchestrator/internal/store/postgres/sqlc/object_location_accessors.go:96.82,96.104 1 0
github.com/afreidah/s3-orchestrator/internal/store/postgres/sqlc/object_location_accessors.go:97.82,97.108 1 0
github.com/afreidah/s3-orchestrator/internal/store/postgres/sqlc/object_location_accessors.go:98.82,98.100 1 0
github.com/afreidah/s3-orchestrator/internal/store/postgres/sqlc/object_location_accessors.go:99.82,99.108 1 0
github.com/afreidah/s3-orchestrator/internal/store/postgres/sqlc/object_location_accessors.go:100.82,100.106 1 0
github.com/afreidah/s3-orchestrator/internal/store/postgres/sqlc/object_location_accessors.go:104.72,104.94 1 21
github.com/afreidah/s3-orchestrator/internal/store/postgres/sqlc/object_location_accessors.go:105.72,105.96 1 21
github.com/afreidah/s3-orchestrator/internal/store/postgres/sqlc/object_location_accessors.go:106.72,106.94 1 21
github.com/afreidah/s3-orchestrator/internal/store/postgres/sqlc/object_location_accessors.go:107.72,107.94 1 21
github.com/afreidah/s3-orchestrator/internal/store/postgres/sqlc/object_location_accessors.go:108.72,108.94 1 21
github.com/afreidah/s3-orchestrator/internal/store/postgres/sqlc/object_location_accessors.go:109.72,109.98 1 21
github.com/afreidah/s3-orchestrator/internal/store/postgres/sqlc/object_location_accessors.go:110.72,110.90 1 21
github.com/afreidah/s3-orchestrator/internal/store/postgres/sqlc/object_location_accessors.go:111.72,111.98 1 21
github.com/afreidah/s3-orchestrator/internal/store/postgres/sqlc/object_location_accessors.go:112.72,112.96 1 21
github.com/afreidah/s3-orchestrator/internal/store/postgres/sqlc/object_location_accessors.go:116.72,116.94 1 0
github.com/afreidah/s3-orchestrator/internal/store/postgres/sqlc/object_location_accessors.go:117.72,117.96 1 0
github.com/afreidah/s3-orchestrator/internal/store/postgres/sqlc/object_location_accessors.go:118.72,118.94 1 0
github.com/afreidah/s3-orchestrator/internal/store/postgres/sqlc/object_location_accessors.go:119.72,119.94 1 0
github.com/afreidah/s3-orchestrator/internal/store/postgres/sqlc/object_location_accessors.go:120.72,120.94 1 0
github.com/afreidah/s3-orchestrator/internal/store/postgres/sqlc/object_location_accessors.go:121.72,121.98 1 0
github.com/afreidah/s3-orchestrator/internal/store/postgres/sqlc/object_location_accessors.go:122.72,122.90 1 0
github.com/afreidah/s3-orchestrator/internal/store/postgres/sqlc/object_location_accessors.go:123.72,123.98 1 0
github.com/afreidah/s3-orchestrator/internal/store/postgres/sqlc/object_location_accessors.go:124.72,124.96 1 0
github.com/afreidah/s3-orchestrator/internal/store/postgres/sqlc/object_location_accessors.go:128.70,128.92 1 0
github.com/afreidah/s3-orchestrator/internal/store/postgres/sqlc/object_location_accessors.go:129.70,129.94 1 0
github.com/afreidah/s3-orchestrator/internal/store/postgres/sqlc/object_location_accessors.go:130.70,130.92 1 0
github.com/afreidah/s3-orchestrator/internal/store/postgres/sqlc/object_location_accessors.go:131.70,131.92 1 0
github.com/afreidah/s3-orchestrator/internal/store/postgres/sqlc/object_location_accessors.go:132.70,132.92 1 0
github.com/afreidah/s3-orchestrator/internal/store/postgres/sqlc/object_location_accessors.go:133.70,133.96 1 0
github.com/afreidah/s3-orchestrator/internal/store/postgres/sqlc/object_location_accessors.go:134.70,134.88 1 0
github.com/afreidah/s3-orchestrator/internal/store/postgres/sqlc/object_location_accessors.go:135.70,135.96 1 0
github.com/afreidah/s3-orchestrator/internal/store/postgres/sqlc/object_location_accessors.go:136.70,136.94 1 0
github.com/afreidah/s3-orchestrator/internal/store/postgres/sqlc/object_location_accessors.go:140.69,140.91 1 0
github.com/afreidah/s3-orchestrator/internal/store/postgres/sqlc/object_location_accessors.go:141.69,141.93 1 0
github.com/afreidah/s3-orchestrator/internal/store/postgres/sqlc/object_location_accessors.go:142.69,142.91 1 0
github.com/afreidah/s3-orchestrator/internal/store/postgres/sqlc/object_location_accessors.go:143.69,143.91 1 0
github.com/afreidah/s3-orchestrator/internal/store/postgres/sqlc/object_location_accessors.go:144.69,144.91 1 0
github.com/afreidah/s3-orchestrator/internal/store/postgres/sqlc/object_location_accessors.go:145.69,145.95 1 0
github.com/afreidah/s3-orchestrator/internal/store/postgres/sqlc/object_location_accessors.go:146.69,146.87 1 0
github.com/afreidah/s3-orchestrator/internal/store/postgres/sqlc/object_location_accessors.go:147.69,147.95 1 0
github.com/afreidah/s3-orchestrator/internal/store/postgres/sqlc/object_location_accessors.go:148.69,148.93 1 0
github.com/afreidah/s3-orchestrator/internal/store/postgres/sqlc/objects.sql.go:25.110,30.2 4 2
github.com/afreidah/s3-orchestrator/internal/store/postgres/sqlc/objects.sql.go:44.119,49.2 4 22
github.com/afreidah/s3-orchestrator/internal/store/postgres/sqlc/objects.sql.go:56.83,59.2 2 52
github.com/afreidah/s3-orchestrator/internal/store/postgres/sqlc/objects.sql.go:71.105,74.2 2 30
github.com/afreidah/s3-orchestrator/internal/store/postgres/sqlc/objects.sql.go:80.97,83.2 2 4
github.com/afreidah/s3-orchestrator/internal/store/postgres/sqlc/objects.sql.go:92.87,95.2 2 1
github.com/afreidah/s3-orchestrator/internal/store/postgres/sqlc/objects.sql.go:116.116,118.16 2 112
github.com/afreidah/s3-orchestrator/internal/store/postgres/sqlc/objects.sql.go:118.16,120.3 1 0
github.com/afreidah/s3-orchestrator/internal/store/postgres/sqlc/objects.sql.go:121.2,123.18 3 112
github.com/afreidah/s3-orchestrator/internal/store/postgres/sqlc/objects.sql.go:123.18,135.17 2 103
github.com/afreidah/s3-orchestrator/internal/store/postgres/sqlc/objects.sql.go:135.17,137.4 1 0
github.com/afreidah/s3-orchestrator/internal/store/postgres/sqlc/objects.sql.go:138.3,138.27 1 103
github.com/afreidah/s3-orchestrator/internal/store/postgres/sqlc/objects.sql.go:140.2,140.35 1 112
github.com/afreidah/s3-orchestrator/internal/store/postgres/sqlc/objects.sql.go:140.35,142.3 1 0
github.com/afreidah/s3-orchestrator/internal/store/postgres/sqlc/objects.sql.go:143.2,143.19 1 112
github.com/afreidah/s3-orchestrator/internal/store/postgres/sqlc/objects.sql.go:164.127,166.16 2 1
github.com/afreidah/s3-orchestrator/internal/store/postgres/sqlc/objects.sql.go:166.16,168.3 1 0
github.com/afreidah/s3-orchestrator/internal/store/postgres/sqlc/objects.sql.go:169.2,171.18 3 1
github.com/afreidah/s3-orchestrator/internal/store/postgres/sqlc/objects.sql.go:171.18,173.79 2 3
github.com/afreidah/s3-orchestrator/internal/store/postgres/sqlc/objects.sql.go:173.79,175.4 1 0
github.com/afreidah/s3-orchestrator/internal/store/postgres/sqlc/objects.sql.go:176.3,176.27 1 3
github.com/afreidah/s3-orchestrator/internal/store/postgres/sqlc/objects.sql.go:178.2,178.35 1 1
github.com/afreidah/s3-orchestrator/internal/store/postgres/sqlc/objects.sql.go:178.35,180.3 1 0
github.com/afreidah/s3-orchestrator/internal/store/postgres/sqlc/objects.sql.go:181.2,181.19 1 1
github.com/afreidah/s3-orchestrator/internal/store/postgres/sqlc/objects.sql.go:215.105,217.16 2 3
github.com/afreidah/s3-orchestrator/internal/store/postgres/sqlc/objects.sql.go:217.16,219.3 1 0
github.com/afreidah/s3-orchestrator/internal/store/postgres/sqlc/objects.sql.go:220.2,222.18 3 3
github.com/afreidah/s3-orchestrator/internal/store/postgres/sqlc/objects.sql.go:222.18,229.17 2 3
github.com/afreidah/s3-orchestrator/internal/store/postgres/sqlc/objects.sql.go:229.17,231.4 1 0
github.com/afreidah/s3-orchestrator/internal/store/postgres/sqlc/objects.sql.go:232.3,232.27 1 3
github.com/afreidah/s3-orchestrator/internal/store/postgres/sqlc/objects.sql.go:234.2,234.35 1 3
github.com/afreidah/s3-orchestrator/internal/store/postgres/sqlc/objects.sql.go:234.35,236.3 1 0
github.com/afreidah/s3-orchestrator/internal/store/postgres/sqlc/objects.sql.go:237.2,237.19 1 3
github.com/afreidah/s3-orchestrator/internal/store/postgres/sqlc/objects.sql.go:253.126,255.16 2 306
github.com/afreidah/s3-orchestrator/internal/store/postgres/sqlc/objects.sql.go:255.16,257.3 1 0
github.com/afreidah/s3-orchestrator/internal/store/postgres/sqlc/objects.sql.go:258.2,260.18 3 306
github.com/afreidah/s3-orchestrator/internal/store/postgres/sqlc/objects.sql.go:260.18,262.79 2 58
github.com/afreidah/s3-orchestrator/internal/store/postgres/sqlc/objects.sql.go:262.79,264.4 1 0
github.com/afreidah/s3-orchestrator/internal/store/postgres/sqlc/objects.sql.go:265.3,265.27 1 58
github.com/afreidah/s3-orchestrator/internal/store/postgres/sqlc/objects.sql.go:267.2,267.35 1 306
github.com/afreidah/s3-orchestrator/internal/store/postgres/sqlc/objects.sql.go:267.35,269.3 1 0
github.com/afreidah/s3-orchestrator/internal/store/postgres/sqlc/objects.sql.go:270.2,270.19 1 306
github.com/afreidah/s3-orchestrator/internal/store/postgres/sqlc/objects.sql.go:288.125,290.16 2 10
github.com/afreidah/s3-orchestrator/internal/store/postgres/sqlc/objects.sql.go:290.16,292.3 1 0
github.com/afreidah/s3-orchestrator/internal/store/postgres/sqlc/objects.sql.go:293.2,295.18 3 10
github.com/afreidah/s3-orchestrator/internal/store/postgres/sqlc/objects.sql.go:295.18,297.65 2 26
github.com/afreidah/s3-orchestrator/internal/store/postgres/sqlc/objects.sql.go:297.65,299.4 1 0
github.com/afreidah/s3-orchestrator/internal/store/postgres/sqlc/objects.sql.go:300.3,300.27 1 26
github.com/afreidah/s3-orchestrator/internal/store/postgres/sqlc/objects.sql.go:302.2,302.35 1 10
github.com/afreidah/s3-orchestrator/internal/store/postgres/sqlc/objects.sql.go:302.35,304.3 1 0
github.com/afreidah/s3-orchestrator/internal/store/postgres/sqlc/objects.sql.go:305.2,305.19 1 10
github.com/afreidah/s3-orchestrator/internal/store/postgres/sqlc/objects.sql.go:334.131,336.16 2 0
github.com/afreidah/s3-orchestrator/internal/store/postgres/sqlc/objects.sql.go:336.16,338.3 1 0
github.com/afreidah/s3-orchestrator/internal/store/postgres/sqlc/objects.sql.go:339.2,341.18 3 0
github.com/afreidah/s3-orchestrator/internal/store/postgres/sqlc/objects.sql.go:341.18,353.17 2 0
github.com/afreidah/s3-orchestrator/internal/store/postgres/sqlc/objects.sql.go:353.17,355.4 1 0
github.com/afreidah/s3-orchestrator/internal/store/postgres/sqlc/objects.sql.go:356.3,356.27 1 0
github.com/afreidah/s3-orchestrator/internal/store/postgres/sqlc/objects.sql.go:358.2,358.35 1 0
github.com/afreidah/s3-orchestrator/internal/store/postgres/sqlc/objects.sql.go:358.35,360.3 1 0
github.com/afreidah/s3-orchestrator/internal/store/postgres/sqlc/objects.sql.go:361.2,361.19 1 0
github.com/afreidah/s3-orchestrator/internal/store/postgres/sqlc/objects.sql.go:387.113,389.16 2 0
github.com/afreidah/s3-orchestrator/internal/store/postgres/sqlc/objects.sql.go:389.16,391.3 1 0
github.com/afreidah/s3-orchestrator/internal/store/postgres/sqlc/objects.sql.go:392.2,394.18 3 0
github.com/afreidah/s3-orchestrator/internal/store/postgres/sqlc/objects.sql.go:394.18,406.17 2 0
github.com/afreidah/s3-orchestrator/internal/store/postgres/sqlc/objects.sql.go:406.17,408.4 1 0
github.com/afreidah/s3-orchestrator/internal/store/postgres/sqlc/objects.sql.go:409.3,409.27 1 0
github.com/afreidah/s3-orchestrator/internal/store/postgres/sqlc/objects.sql.go:411.2,411.35 1 0
github.com/afreidah/s3-orchestrator/internal/store/postgres/sqlc/objects.sql.go:411.35,413.3 1 0
github.com/afreidah/s3-orchestrator/internal/store/postgres/sqlc/objects.sql.go:414.2,414.19 1 0
github.com/afreidah/s3-orchestrator/internal/store/postgres/sqlc/objects.sql.go:433.99,445.2 2 286
github.com/afreidah/s3-orchestrator/internal/store/postgres/sqlc/objects.sql.go:465.129,479.2 4 99
github.com/afreidah/s3-orchestrator/internal/store/postgres/sqlc/objects.sql.go:503.143,505.16 2 10
github.com/afreidah/s3-orchestrator/internal/store/postgres/sqlc/objects.sql.go:505.16,507.3 1 0
github.com/afreidah/s3-orchestrator/internal/store/postgres/sqlc/objects.sql.go:508.2,510.18 3 10
github.com/afreidah/s3-orchestrator/internal/store/postgres/sqlc/objects.sql.go:510.18,519.17 2 11
github.com/afreidah/s3-orchestrator/internal/store/postgres/sqlc/objects.sql.go:519.17,521.4 1 0
github.com/afreidah/s3-orchestrator/internal/store/postgres/sqlc/objects.sql.go:522.3,522.27 1 11
github.com/afreidah/s3-orchestrator/internal/store/postgres/sqlc/objects.sql.go:524.2,524.35 1 10
github.com/afreidah/s3-orchestrator/internal/store/postgres/sqlc/objects.sql.go:524.35,526.3 1 0
github.com/afreidah/s3-orchestrator/internal/store/postgres/sqlc/objects.sql.go:527.2,527.19 1 10
github.com/afreidah/s3-orchestrator/internal/store/postgres/sqlc/objects.sql.go:562.122,564.16 2 3
github.com/afreidah/s3-orchestrator/internal/store/postgres/sqlc/objects.sql.go:564.16,566.3 1 0
github.com/afreidah/s3-orchestrator/internal/store/postgres/sqlc/objects.sql.go:567.2,569.18 3 3
github.com/afreidah/s3-orchestrator/internal/store/postgres/sqlc/objects.sql.go:569.18,576.17 2 2
github.com/afreidah/s3-orchestrator/internal/store/postgres/sqlc/objects.sql.go:576.17,578.4 1 0
github.com/afreidah/s3-orchestrator/internal/store/postgres/sqlc/objects.sql.go:579.3,579.27 1 2
github.com/afreidah/s3-orchestrator/internal/store/postgres/sqlc/objects.sql.go:581.2,581.35 1 3
github.com/afreidah/s3-orchestrator/internal/store/postgres/sqlc/objects.sql.go:581.35,583.3 1 0
github.com/afreidah/s3-orchestrator/internal/store/postgres/sqlc/objects.sql.go:584.2,584.19 1 3
github.com/afreidah/s3-orchestrator/internal/store/postgres/sqlc/objects.sql.go:608.134,610.16 2 0
github.com/afreidah/s3-orchestrator/internal/store/postgres/sqlc/objects.sql.go:610.16,612.3 1 0
github.com/afreidah/s3-orchestrator/internal/store/postgres/sqlc/objects.sql.go:613.2,615.18 3 0
github.com/afreidah/s3-orchestrator/internal/store/postgres/sqlc/objects.sql.go:615.18,622.17 2 0
github.com/afreidah/s3-orchestrator/internal/store/postgres/sqlc/objects.sql.go:622.17,624.4 1 0
github.com/afreidah/s3-orchestrator/internal/store/postgres/sqlc/objects.sql.go:625.3,625.27 1 0
github.com/afreidah/s3-orchestrator/internal/store/postgres/sqlc/objects.sql.go:627.2,627.35 1 0
github.com/afreidah/s3-orchestrator/internal/store/postgres/sqlc/objects.sql.go:627.35,629.3 1 0
github.com/afreidah/s3-orchestrator/internal/store/postgres/sqlc/objects.sql.go:630.2,630.19 1 0
github.com/afreidah/s3-orchestrator/internal/store/postgres/sqlc/objects.sql.go:655.122,657.16 2 0
github.com/afreidah/s3-orchestrator/internal/store/postgres/sqlc/objects.sql.go:657.16,659.3 1 0
github.com/afreidah/s3-orchestrator/internal/store/postgres/sqlc/objects.sql.go:660.2,662.18 3 0
github.com/afreidah/s3-orchestrator/internal/store/postgres/sqlc/objects.sql.go:662.18,669.17 2 0
github.com/afreidah/s3-orchestrator/internal/store/postgres/sqlc/objects.sql.go:669.17,671.4 1 0
github.com/afreidah/s3-orchestrator/internal/store/postgres/sqlc/objects.sql.go:672.3,672.27 1 0
github.com/afreidah/s3-orchestrator/internal/store/postgres/sqlc/objects.sql.go:674.2,674.35 1 0
github.com/afreidah/s3-orchestrator/internal/store/postgres/sqlc/objects.sql.go:674.35,676.3 1 0
github.com/afreidah/s3-orchestrator/internal/store/postgres/sqlc/objects.sql.go:677.2,677.19 1 0
github.com/afreidah/s3-orchestrator/internal/store/postgres/sqlc/objects.sql.go:700.128,702.16 2 17
github.com/afreidah/s3-orchestrator/internal/store/postgres/sqlc/objects.sql.go:702.16,704.3 1 0
github.com/afreidah/s3-orchestrator/internal/store/postgres/sqlc/objects.sql.go:705.2,707.18 3 17
github.com/afreidah/s3-orchestrator/internal/store/postgres/sqlc/objects.sql.go:707.18,714.17 2 32
github.com/afreidah/s3-orchestrator/internal/store/postgres/sqlc/objects.sql.go:714.17,716.4 1 0
github.com/afreidah/s3-orchestrator/internal/store/postgres/sqlc/objects.sql.go:717.3,717.27 1 32
github.com/afreidah/s3-orchestrator/internal/store/postgres/sqlc/objects.sql.go:719.2,719.35 1 17
github.com/afreidah/s3-orchestrator/internal/store/postgres/sqlc/objects.sql.go:719.35,721.3 1 0
github.com/afreidah/s3-orchestrator/internal/store/postgres/sqlc/objects.sql.go:722.2,722.19 1 17
github.com/afreidah/s3-orchestrator/internal/store/postgres/sqlc/objects.sql.go:750.146,752.16 2 2
github.com/afreidah/s3-orchestrator/internal/store/postgres/sqlc/objects.sql.go:752.16,754.3 1 0
github.com/afreidah/s3-orchestrator/internal/store/postgres/sqlc/objects.sql.go:755.2,757.18 3 2
github.com/afreidah/s3-orchestrator/internal/store/postgres/sqlc/objects.sql.go:757.18,764.17 2 1
github.com/afreidah/s3-orchestrator/internal/store/postgres/sqlc/objects.sql.go:764.17,766.4 1 0
github.com/afreidah/s3-orchestrator/internal/store/postgres/sqlc/objects.sql.go:767.3,767.27 1 1
github.com/afreidah/s3-orchestrator/internal/store/postgres/sqlc/objects.sql.go:769.2,769.35 1 2
github.com/afreidah/s3-orchestrator/internal/store/postgres/sqlc/objects.sql.go:769.35,771.3 1 0
github.com/afreidah/s3-orchestrator/internal/store/postgres/sqlc/objects.sql.go:772.2,772.19 1 2
github.com/afreidah/s3-orchestrator/internal/store/postgres/sqlc/objects.sql.go:797.125,799.16 2 13
github.com/afreidah/s3-orchestrator/internal/store/postgres/sqlc/objects.sql.go:799.16,801.3 1 0
github.com/afreidah/s3-orchestrator/internal/store/postgres/sqlc/objects.sql.go:802.2,804.18 3 13
github.com/afreidah/s3-orchestrator/internal/store/postgres/sqlc/objects.sql.go:804.18,811.17 2 33
github.com/afreidah/s3-orchestrator/internal/store/postgres/sqlc/objects.sql.go:811.17,813.4 1 0
github.com/afreidah/s3-orchestrator/internal/store/postgres/sqlc/objects.sql.go:814.3,814.27 1 33
github.com/afreidah/s3-orchestrator/internal/store/postgres/sqlc/objects.sql.go:816.2,816.35 1 13
github.com/afreidah/s3-orchestrator/internal/store/postgres/sqlc/objects.sql.go:816.35,818.3 1 0
github.com/afreidah/s3-orchestrator/internal/store/postgres/sqlc/objects.sql.go:819.2,819.19 1 13
github.com/afreidah/s3-orchestrator/internal/store/postgres/sqlc/objects.sql.go:841.140,843.16 2 13
github.com/afreidah/s3-orchestrator/internal/store/postgres/sqlc/objects.sql.go:843.16,845.3 1 0
github.com/afreidah/s3-orchestrator/internal/store/postgres/sqlc/objects.sql.go:846.2,848.18 3 13
github.com/afreidah/s3-orchestrator/internal/store/postgres/sqlc/objects.sql.go:848.18,850.79 2 14
github.com/afreidah/s3-orchestrator/internal/store/postgres/sqlc/objects.sql.go:850.79,852.4 1 0
github.com/afreidah/s3-orchestrator/internal/store/postgres/sqlc/objects.sql.go:853.3,853.27 1 14
github.com/afreidah/s3-orchestrator/internal/store/postgres/sqlc/objects.sql.go:855.2,855.35 1 13
github.com/afreidah/s3-orchestrator/internal/store/postgres/sqlc/objects.sql.go:855.35,857.3 1 0
github.com/afreidah/s3-orchestrator/internal/store/postgres/sqlc/objects.sql.go:858.2,858.19 1 13
github.com/afreidah/s3-orchestrator/internal/store/postgres/sqlc/objects.sql.go:877.85,880.2 2 265
github.com/afreidah/s3-orchestrator/internal/store/postgres/sqlc/objects.sql.go:903.123,915.2 4 21
github.com/afreidah/s3-orchestrator/internal/store/postgres/sqlc/objects.sql.go:933.97,936.2 2 6
github.com/afreidah/s3-orchestrator/internal/store/postgres/sqlc/objects.sql.go:957.97,967.2 2 12
github.com/afreidah/s3-orchestrator/internal/store/postgres/sqlc/objects.sql.go:981.93,984.2 2 0
github.com/afreidah/s3-orchestrator/internal/store/postgres/sqlc/objects.sql.go:999.97,1007.2 2 0
github.com/afreidah/s3-orchestrator/internal/store/postgres/sqlc/pending.sql.go:18.75,23.2 4 3
github.com/afreidah/s3-orchestrator/internal/store/postgres/sqlc/pending.sql.go:29.83,32.2 2 243
github.com/afreidah/s3-orchestrator/internal/store/postgres/sqlc/pending.sql.go:40.96,43.2 2 0
github.com/afreidah/s3-orchestrator/internal/store/postgres/sqlc/pending.sql.go:61.122,63.16 2 3
github.com/afreidah/s3-orchestrator/internal/store/postgres/sqlc/pending.sql.go:63.16,65.3 1 0
github.com/afreidah/s3-orchestrator/internal/store/postgres/sqlc/pending.sql.go:66.2,68.18 3 3
github.com/afreidah/s3-orchestrator/internal/store/postgres/sqlc/pending.sql.go:68.18,81.17 2 2
github.com/afreidah/s3-orchestrator/internal/store/postgres/sqlc/pending.sql.go:81.17,83.4 1 0
github.com/afreidah/s3-orchestrator/internal/store/postgres/sqlc/pending.sql.go:84.3,84.27 1 2
github.com/afreidah/s3-orchestrator/internal/store/postgres/sqlc/pending.sql.go:86.2,86.35 1 3
github.com/afreidah/s3-orchestrator/internal/store/postgres/sqlc/pending.sql.go:86.35,88.3 1 0
github.com/afreidah/s3-orchestrator/internal/store/postgres/sqlc/pending.sql.go:89.2,89.19 1 3
github.com/afreidah/s3-orchestrator/internal/store/postgres/sqlc/pending.sql.go:123.97,136.2 2 243
github.com/afreidah/s3-orchestrator/internal/store/postgres/sqlc/pending.sql.go:150.101,166.2 4 1
github.com/afreidah/s3-orchestrator/internal/store/postgres/sqlc/quota.sql.go:25.99,28.2 2 4
github.com/afreidah/s3-orchestrator/internal/store/postgres/sqlc/quota.sql.go:41.87,44.2 2 54
github.com/afreidah/s3-orchestrator/internal/store/postgres/sqlc/quota.sql.go:50.78,53.2 2 4
github.com/afreidah/s3-orchestrator/internal/store/postgres/sqlc/quota.sql.go:66.122,68.16 2 0
github.com/afreidah/s3-orchestrator/internal/store/postgres/sqlc/quota.sql.go:68.16,70.3 1 0
github.com/afreidah/s3-orchestrator/internal/store/postgres/sqlc/quota.sql.go:71.2,73.18 3 0
github.com/afreidah/s3-orchestrator/internal/store/postgres/sqlc/quota.sql.go:73.18,75.67 2 0
github.com/afreidah/s3-orchestrator/internal/store/postgres/sqlc/quota.sql.go:75.67,77.4 1 0
github.com/afreidah/s3-orchestrator/internal/store/postgres/sqlc/quota.sql.go:78.3,78.27 1 0
github.com/afreidah/s3-orchestrator/internal/store/postgres/sqlc/quota.sql.go:80.2,80.35 1 0
github.com/afreidah/s3-orchestrator/internal/store/postgres/sqlc/quota.sql.go:80.35,82.3 1 0
github.com/afreidah/s3-orchestrator/internal/store/postgres/sqlc/quota.sql.go:83.2,83.19 1 0
github.com/afreidah/s3-orchestrator/internal/store/postgres/sqlc/quota.sql.go:99.88,101.16 2 35
github.com/afreidah/s3-orchestrator/internal/store/postgres/sqlc/quota.sql.go:101.16,103.3 1 0
github.com/afreidah/s3-orchestrator/internal/store/postgres/sqlc/quota.sql.go:104.2,106.18 3 35
github.com/afreidah/s3-orchestrator/internal/store/postgres/sqlc/quota.sql.go:106.18,114.17 2 140
github.com/afreidah/s3-orchestrator/internal/store/postgres/sqlc/quota.sql.go:114.17,116.4 1 0
github.com/afreidah/s3-orchestrator/internal/store/postgres/sqlc/quota.sql.go:117.3,117.27 1 140
github.com/afreidah/s3-orchestrator/internal/store/postgres/sqlc/quota.sql.go:119.2,119.35 1 35
github.com/afreidah/s3-orchestrator/internal/store/postgres/sqlc/quota.sql.go:119.35,121.3 1 0
github.com/afreidah/s3-orchestrator/internal/store/postgres/sqlc/quota.sql.go:122.2,122.19 1 35
github.com/afreidah/s3-orchestrator/internal/store/postgres/sqlc/quota.sql.go:141.100,146.2 4 285
github.com/afreidah/s3-orchestrator/internal/store/postgres/sqlc/quota.sql.go:181.135,186.2 4 21
github.com/afreidah/s3-orchestrator/internal/store/postgres/sqlc/quota.sql.go:199.104,201.16 2 0
github.com/afreidah/s3-orchestrator/internal/store/postgres/sqlc/quota.sql.go:201.16,203.3 1 0
github.com/afreidah/s3-orchestrator/internal/store/postgres/sqlc/quota.sql.go:204.2,206.18 3 0
github.com/afreidah/s3-orchestrator/internal/store/postgres/sqlc/quota.sql.go:206.18,208.67 2 0
github.com/afreidah/s3-orchestrator/internal/store/postgres/sqlc/quota.sql.go:208.67,210.4 1 0
github.com/afreidah/s3-orchestrator/internal/store/postgres/sqlc/quota.sql.go:211.3,211.27 1 0
github.com/afreidah/s3-orchestrator/internal/store/postgres/sqlc/quota.sql.go:213.2,213.35 1 0
github.com/afreidah/s3-orchestrator/internal/store/postgres/sqlc/quota.sql.go:213.35,215.3 1 0
github.com/afreidah/s3-orchestrator/internal/store/postgres/sqlc/quota.sql.go:216.2,216.19 1 0
github.com/afreidah/s3-orchestrator/internal/store/postgres/sqlc/quota.sql.go:230.99,233.2 2 6
github.com/afreidah/s3-orchestrator/internal/store/postgres/sqlc/quota.sql.go:247.96,249.16 2 375
github.com/afreidah/s3-orchestrator/internal/store/postgres/sqlc/quota.sql.go:249.16,251.3 1 0
github.com/afreidah/s3-orchestrator/internal/store/postgres/sqlc/quota.sql.go:252.2,252.35 1 375
github.com/afreidah/s3-orchestrator/internal/store/postgres/sqlc/quota.sql.go:281.91,284.2 2 353
github.com/afreidah/s3-orchestrator/internal/store/postgres/sqlc/replication.sql.go:24.96,29.2 4 4
github.com/afreidah/s3-orchestrator/internal/store/postgres/sqlc/replication.sql.go:50.122,52.16 2 0
github.com/afreidah/s3-orchestrator/internal/store/postgres/sqlc/replication.sql.go:52.16,54.3 1 0
github.com/afreidah/s3-orchestrator/internal/store/postgres/sqlc/replication.sql.go:55.2,57.18 3 0
github.com/afreidah/s3-orchestrator/internal/store/postgres/sqlc/replication.sql.go:57.18,69.17 2 0
github.com/afreidah/s3-orchestrator/internal/store/postgres/sqlc/replication.sql.go:69.17,71.4 1 0
github.com/afreidah/s3-orchestrator/internal/store/postgres/sqlc/replication.sql.go:72.3,72.27 1 0
github.com/afreidah/s3-orchestrator/internal/store/postgres/sqlc/replication.sql.go:74.2,74.35 1 0
github.com/afreidah/s3-orchestrator/internal/store/postgres/sqlc/replication.sql.go:74.35,76.3 1 0
github.com/afreidah/s3-orchestrator/internal/store/postgres/sqlc/replication.sql.go:77.2,77.19 1 0
github.com/afreidah/s3-orchestrator/internal/store/postgres/sqlc/replication.sql.go:111.140,113.16 2 6
github.com/afreidah/s3-orchestrator/internal/store/postgres/sqlc/replication.sql.go:113.16,115.3 1 0
github.com/afreidah/s3-orchestrator/internal/store/postgres/sqlc/replication.sql.go:116.2,118.18 3 6
github.com/afreidah/s3-orchestrator/internal/store/postgres/sqlc/replication.sql.go:118.18,130.17 2 21
github.com/afreidah/s3-orchestrator/internal/store/postgres/sqlc/replication.sql.go:130.17,132.4 1 0
github.com/afreidah/s3-orchestrator/internal/store/postgres/sqlc/replication.sql.go:133.3,133.27 1 21
github.com/afreidah/s3-orchestrator/internal/store/postgres/sqlc/replication.sql.go:135.2,135.35 1 6
github.com/afreidah/s3-orchestrator/internal/store/postgres/sqlc/replication.sql.go:135.35,137.3 1 0
github.com/afreidah/s3-orchestrator/internal/store/postgres/sqlc/replication.sql.go:138.2,138.19 1 6
github.com/afreidah/s3-orchestrator/internal/store/postgres/sqlc/replication.sql.go:184.143,186.16 2 16
github.com/afreidah/s3-orchestrator/internal/store/postgres/sqlc/replication.sql.go:186.16,188.3 1 0
github.com/afreidah/s3-orchestrator/internal/store/postgres/sqlc/replication.sql.go:189.2,191.18 3 16
github.com/afreidah/s3-orchestrator/internal/store/postgres/sqlc/replication.sql.go:191.18,203.17 2 19
github.com/afreidah/s3-orchestrator/internal/store/postgres/sqlc/replication.sql.go:203.17,205.4 1 0
github.com/afreidah/s3-orchestrator/internal/store/postgres/sqlc/replication.sql.go:206.3,206.27 1 19
github.com/afreidah/s3-orchestrator/internal/store/postgres/sqlc/replication.sql.go:208.2,208.35 1 16
github.com/afreidah/s3-orchestrator/internal/store/postgres/sqlc/replication.sql.go:208.35,210.3 1 0
github.com/afreidah/s3-orchestrator/internal/store/postgres/sqlc/replication.sql.go:211.2,211.19 1 16
github.com/afreidah/s3-orchestrator/internal/store/postgres/sqlc/replication.sql.go:247.170,249.16 2 0
github.com/afreidah/s3-orchestrator/internal/store/postgres/sqlc/replication.sql.go:249.16,251.3 1 0
github.com/afreidah/s3-orchestrator/internal/store/postgres/sqlc/replication.sql.go:252.2,254.18 3 0
github.com/afreidah/s3-orchestrator/internal/store/postgres/sqlc/replication.sql.go:254.18,266.17 2 0
github.com/afreidah/s3-orchestrator/internal/store/postgres/sqlc/replication.sql.go:266.17,268.4 1 0
github.com/afreidah/s3-orchestrator/internal/store/postgres/sqlc/replication.sql.go:269.3,269.27 1 0
github.com/afreidah/s3-orchestrator/internal/store/postgres/sqlc/replication.sql.go:271.2,271.35 1 0
github.com/afreidah/s3-orchestrator/internal/store/postgres/sqlc/replication.sql.go:271.35,273.3 1 0
github.com/afreidah/s3-orchestrator/internal/store/postgres/sqlc/replication.sql.go:274.2,274.19 1 0
github.com/afreidah/s3-orchestrator/internal/store/postgres/sqlc/replication.sql.go:301.116,306.2 4 26
github.com/afreidah/s3-orchestrator/internal/store/postgres/sqlc/usage.sql.go:16.87,19.2 2 4
github.com/afreidah/s3-orchestrator/internal/store/postgres/sqlc/usage.sql.go:53.91,62.2 2 0
github.com/afreidah/s3-orchestrator/internal/store/postgres/sqlc/usage.sql.go:78.105,80.16 2 0
github.com/afreidah/s3-orchestrator/internal/store/postgres/sqlc/usage.sql.go:80.16,82.3 1 0
github.com/afreidah/s3-orchestrator/internal/store/postgres/sqlc/usage.sql.go:83.2,85.18 3 0
github.com/afreidah/s3-orchestrator/internal/store/postgres/sqlc/usage.sql.go:85.18,92.17 2 0
github.com/afreidah/s3-orchestrator/internal/store/postgres/sqlc/usage.sql.go:92.17,94.4 1 0
github.com/afreidah/s3-orchestrator/internal/store/postgres/sqlc/usage.sql.go:95.3,95.27 1 0
github.com/afreidah/s3-orchestrator/internal/store/postgres/sqlc/usage.sql.go:97.2,97.35 1 0
github.com/afreidah/s3-orchestrator/internal/store/postgres/sqlc/usage.sql.go:97.35,99.3 1 0
github.com/afreidah/s3-orchestrator/internal/store/postgres/sqlc/usage.sql.go:100.2,100.19 1 0
github.com/afreidah/s3-orchestrator/internal/transport/admin/handler.go:103.28,122.2 1 12
github.com/afreidah/s3-orchestrator/internal/transport/admin/handler.go:125.48,146.2 20 12
github.com/afreidah/s3-orchestrator/internal/transport/admin/handler.go:153.72,154.54 1 240
github.com/afreidah/s3-orchestrator/internal/transport/admin/handler.go:154.54,156.70 2 23
github.com/afreidah/s3-orchestrator/internal/transport/admin/handler.go:156.70,160.4 3 0
github.com/afreidah/s3-orchestrator/internal/transport/admin/handler.go:161.3,161.13 1 23
github.com/afreidah/s3-orchestrator/internal/transport/admin/handler.go:170.72,172.16 2 0
github.com/afreidah/s3-orchestrator/internal/transport/admin/handler.go:172.16,176.3 3 0
github.com/afreidah/s3-orchestrator/internal/transport/admin/handler.go:178.2,189.41 3 0
github.com/afreidah/s3-orchestrator/internal/transport/admin/handler.go:189.41,191.42 2 0
github.com/afreidah/s3-orchestrator/internal/transport/admin/handler.go:191.42,194.4 2 0
github.com/afreidah/s3-orchestrator/internal/transport/admin/handler.go:195.3,195.44 1 0
github.com/afreidah/s3-orchestrator/internal/transport/admin/handler.go:195.44,197.4 1 0
github.com/afreidah/s3-orchestrator/internal/transport/admin/handler.go:198.3,198.42 1 0
github.com/afreidah/s3-orchestrator/internal/transport/admin/handler.go:198.42,202.4 3 0
github.com/afreidah/s3-orchestrator/internal/transport/admin/handler.go:203.3,203.34 1 0
github.com/afreidah/s3-orchestrator/internal/transport/admin/handler.go:206.2,210.4 1 0
github.com/afreidah/s3-orchestrator/internal/transport/admin/handler.go:214.81,216.15 2 0
github.com/afreidah/s3-orchestrator/internal/transport/admin/handler.go:216.15,219.3 2 0
github.com/afreidah/s3-orchestrator/internal/transport/admin/handler.go:221.2,222.16 2 0
github.com/afreidah/s3-orchestrator/internal/transport/admin/handler.go:222.16,226.3 3 0
github.com/afreidah/s3-orchestrator/internal/transport/admin/handler.go:228.2,228.81 1 0
github.com/afreidah/s3-orchestrator/internal/transport/admin/handler.go:232.78,234.16 2 0
github.com/afreidah/s3-orchestrator/internal/transport/admin/handler.go:234.16,238.3 3 0
github.com/afreidah/s3-orchestrator/internal/transport/admin/handler.go:240.2,241.16 2 0
github.com/afreidah/s3-orchestrator/internal/transport/admin/handler.go:241.16,245.3 3 0
github.com/afreidah/s3-orchestrator/internal/transport/admin/handler.go:247.2,247.77 1 0
github.com/afreidah/s3-orchestrator/internal/transport/admin/handler.go:251.76,252.61 1 0
github.com/afreidah/s3-orchestrator/internal/transport/admin/handler.go:252.61,256.3 3 0
github.com/afreidah/s3-orchestrator/internal/transport/admin/handler.go:258.2,258.69 1 0
github.com/afreidah/s3-orchestrator/internal/transport/admin/handler.go:272.75,274.37 2 0
github.com/afreidah/s3-orchestrator/internal/transport/admin/handler.go:274.37,276.3 1 0
github.com/afreidah/s3-orchestrator/internal/transport/admin/handler.go:278.2,279.16 2 0
github.com/afreidah/s3-orchestrator/internal/transport/admin/handler.go:279.16,281.3 1 0
github.com/afreidah/s3-orchestrator/internal/transport/admin/handler.go:283.2,283.63 1 0
github.com/afreidah/s3-orchestrator/internal/transport/admin/handler.go:283.63,285.3 1 0
github.com/afreidah/s3-orchestrator/internal/transport/admin/handler.go:287.2,287.67 1 0
github.com/afreidah/s3-orchestrator/internal/transport/admin/handler.go:291.75,293.16 2 0
github.com/afreidah/s3-orchestrator/internal/transport/admin/handler.go:293.16,297.3 3 0
github.com/afreidah/s3-orchestrator/internal/transport/admin/handler.go:299.2,299.29 1 0
github.com/afreidah/s3-orchestrator/internal/transport/admin/handler.go:299.29,306.3 2 0
github.com/afreidah/s3-orchestrator/internal/transport/admin/handler.go:308.2,308.98 1 0
github.com/afreidah/s3-orchestrator/internal/transport/admin/handler.go:312.87,314.37 2 0
github.com/afreidah/s3-orchestrator/internal/transport/admin/handler.go:314.37,321.3 2 0
github.com/afreidah/s3-orchestrator/internal/transport/admin/handler.go:323.2,324.16 2 0
github.com/afreidah/s3-orchestrator/internal/transport/admin/handler.go:324.16,328.3 3 0
github.com/afreidah/s3-orchestrator/internal/transport/admin/handler.go:330.2,334.4 2 0
github.com/afreidah/s3-orchestrator/internal/transport/admin/handler.go:338.86,340.37 2 0
github.com/afreidah/s3-orchestrator/internal/transport/admin/handler.go:340.37,347.3 2 0
github.com/afreidah/s3-orchestrator/internal/transport/admin/handler.go:350.2,351.53 2 0
github.com/afreidah/s3-orchestrator/internal/transport/admin/handler.go:351.53,352.54 1 0
github.com/afreidah/s3-orchestrator/internal/transport/admin/handler.go:352.54,353.17 1 0
github.com/afreidah/s3-orchestrator/internal/transport/admin/handler.go:353.17,355.5 1 0
github.com/afreidah/s3-orchestrator/internal/transport/admin/handler.go:356.4,356.21 1 0
github.com/afreidah/s3-orchestrator/internal/transport/admin/handler.go:360.2,361.16 2 0
github.com/afreidah/s3-orchestrator/internal/transport/admin/handler.go:361.16,365.3 3 0
github.com/afreidah/s3-orchestrator/internal/transport/admin/handler.go:367.2,367.69 1 0
github.com/afreidah/s3-orchestrator/internal/transport/admin/handler.go:367.69,369.3 1 0
github.com/afreidah/s3-orchestrator/internal/transport/admin/handler.go:371.2,371.88 1 0
github.com/afreidah/s3-orchestrator/internal/transport/admin/handler.go:375.74,376.32 1 0
github.com/afreidah/s3-orchestrator/internal/transport/admin/handler.go:376.32,379.3 2 0
github.com/afreidah/s3-orchestrator/internal/transport/admin/handler.go:381.2,385.61 3 0
github.com/afreidah/s3-orchestrator/internal/transport/admin/handler.go:385.61,388.3 2 0
github.com/afreidah/s3-orchestrator/internal/transport/admin/handler.go:389.2,392.91 4 0
github.com/afreidah/s3-orchestrator/internal/transport/admin/handler.go:400.76,402.62 2 0
github.com/afreidah/s3-orchestrator/internal/transport/admin/handler.go:402.62,406.3 3 0
github.com/afreidah/s3-orchestrator/internal/transport/admin/handler.go:407.2,407.98 1 0
github.com/afreidah/s3-orchestrator/internal/transport/admin/handler.go:411.79,414.16 3 0
github.com/afreidah/s3-orchestrator/internal/transport/admin/handler.go:414.16,418.3 3 0
github.com/afreidah/s3-orchestrator/internal/transport/admin/handler.go:419.2,419.39 1 0
github.com/afreidah/s3-orchestrator/internal/transport/admin/handler.go:423.77,425.50 2 0
github.com/afreidah/s3-orchestrator/internal/transport/admin/handler.go:425.50,429.3 3 0
github.com/afreidah/s3-orchestrator/internal/transport/admin/handler.go:430.2,430.94 1 0
github.com/afreidah/s3-orchestrator/internal/transport/admin/handler.go:444.79,450.12 4 0
github.com/afreidah/s3-orchestrator/internal/transport/admin/handler.go:450.12,451.73 1 0
github.com/afreidah/s3-orchestrator/internal/transport/admin/handler.go:451.73,455.4 3 0
github.com/afreidah/s3-orchestrator/internal/transport/admin/handler.go:456.3,457.9 2 0
github.com/afreidah/s3-orchestrator/internal/transport/admin/handler.go:461.2,461.24 1 0
github.com/afreidah/s3-orchestrator/internal/transport/admin/handler.go:461.24,462.46 1 0
github.com/afreidah/s3-orchestrator/internal/transport/admin/handler.go:462.46,465.4 2 0
github.com/afreidah/s3-orchestrator/internal/transport/admin/handler.go:466.3,466.72 1 0
github.com/afreidah/s3-orchestrator/internal/transport/admin/handler.go:466.72,470.4 3 0
github.com/afreidah/s3-orchestrator/internal/transport/admin/handler.go:471.3,472.9 2 0
github.com/afreidah/s3-orchestrator/internal/transport/admin/handler.go:476.2,477.16 2 0
github.com/afreidah/s3-orchestrator/internal/transport/admin/handler.go:477.16,480.3 2 0
github.com/afreidah/s3-orchestrator/internal/transport/admin/handler.go:482.2,490.4 2 0
github.com/afreidah/s3-orchestrator/internal/transport/admin/handler.go:495.59,502.2 6 0
github.com/afreidah/s3-orchestrator/internal/transport/admin/handler.go:505.69,507.21 2 0
github.com/afreidah/s3-orchestrator/internal/transport/admin/handler.go:507.21,509.3 1 0
github.com/afreidah/s3-orchestrator/internal/transport/admin/handler.go:510.2,511.16 2 0
github.com/afreidah/s3-orchestrator/internal/transport/admin/handler.go:511.16,513.3 1 0
github.com/afreidah/s3-orchestrator/internal/transport/admin/handler.go:514.2,515.16 2 0
github.com/afreidah/s3-orchestrator/internal/transport/admin/handler.go:515.16,517.3 1 0
github.com/afreidah/s3-orchestrator/internal/transport/admin/handler.go:519.2,521.36 3 0
github.com/afreidah/s3-orchestrator/internal/transport/admin/handler.go:521.36,523.3 1 0
github.com/afreidah/s3-orchestrator/internal/transport/admin/handler.go:525.2,526.75 2 0
github.com/afreidah/s3-orchestrator/internal/transport/admin/handler.go:526.75,528.3 1 0
github.com/afreidah/s3-orchestrator/internal/transport/admin/handler.go:529.2,530.16 2 0
github.com/afreidah/s3-orchestrator/internal/transport/admin/handler.go:530.16,532.3 1 0
github.com/afreidah/s3-orchestrator/internal/transport/admin/handler.go:533.2,533.35 1 0
github.com/afreidah/s3-orchestrator/internal/transport/admin/handler.go:544.85,545.45 1 0
github.com/afreidah/s3-orchestrator/internal/transport/admin/handler.go:545.45,548.3 2 0
github.com/afreidah/s3-orchestrator/internal/transport/admin/handler.go:550.2,554.83 3 0
github.com/afreidah/s3-orchestrator/internal/transport/admin/handler.go:554.83,557.3 2 0
github.com/afreidah/s3-orchestrator/internal/transport/admin/handler.go:559.2,563.41 4 0
github.com/afreidah/s3-orchestrator/internal/transport/admin/handler.go:563.41,565.17 2 0
github.com/afreidah/s3-orchestrator/internal/transport/admin/handler.go:565.17,569.4 3 0
github.com/afreidah/s3-orchestrator/internal/transport/admin/handler.go:570.3,570.21 1 0
github.com/afreidah/s3-orchestrator/internal/transport/admin/handler.go:570.21,571.9 1 0
github.com/afreidah/s3-orchestrator/internal/transport/admin/handler.go:573.3,577.28 5 0
github.com/afreidah/s3-orchestrator/internal/transport/admin/handler.go:577.28,578.9 1 0
github.com/afreidah/s3-orchestrator/internal/transport/admin/handler.go:582.2,588.4 2 0
github.com/afreidah/s3-orchestrator/internal/transport/admin/handler.go:593.105,594.27 1 0
github.com/afreidah/s3-orchestrator/internal/transport/admin/handler.go:594.27,595.36 1 0
github.com/afreidah/s3-orchestrator/internal/transport/admin/handler.go:595.36,597.4 1 0
github.com/afreidah/s3-orchestrator/internal/transport/admin/handler.go:597.9,599.4 1 0
github.com/afreidah/s3-orchestrator/internal/transport/admin/handler.go:601.2,601.24 1 0
github.com/afreidah/s3-orchestrator/internal/transport/admin/handler.go:607.91,609.22 2 0
github.com/afreidah/s3-orchestrator/internal/transport/admin/handler.go:609.22,613.3 3 0
github.com/afreidah/s3-orchestrator/internal/transport/admin/handler.go:615.2,616.22 2 0
github.com/afreidah/s3-orchestrator/internal/transport/admin/handler.go:616.22,620.3 3 0
github.com/afreidah/s3-orchestrator/internal/transport/admin/handler.go:622.2,623.20 2 0
github.com/afreidah/s3-orchestrator/internal/transport/admin/handler.go:623.20,627.3 3 0
github.com/afreidah/s3-orchestrator/internal/transport/admin/handler.go:629.2,630.114 2 0
github.com/afreidah/s3-orchestrator/internal/transport/admin/handler.go:630.114,634.3 3 0
github.com/afreidah/s3-orchestrator/internal/transport/admin/handler.go:636.2,637.13 2 0
github.com/afreidah/s3-orchestrator/internal/transport/admin/handler.go:661.42,661.64 1 14
github.com/afreidah/s3-orchestrator/internal/transport/admin/handler.go:665.46,665.70 1 14
github.com/afreidah/s3-orchestrator/internal/transport/admin/handler.go:669.42,669.64 1 14
github.com/afreidah/s3-orchestrator/internal/transport/admin/handler.go:679.42,679.64 1 11
github.com/afreidah/s3-orchestrator/internal/transport/admin/handler.go:683.46,683.70 1 11
github.com/afreidah/s3-orchestrator/internal/transport/admin/handler.go:687.42,687.64 1 11
github.com/afreidah/s3-orchestrator/internal/transport/admin/handler.go:721.74,728.83 1 13
github.com/afreidah/s3-orchestrator/internal/transport/admin/handler.go:728.83,730.18 2 13
github.com/afreidah/s3-orchestrator/internal/transport/admin/handler.go:730.18,732.5 1 0
github.com/afreidah/s3-orchestrator/internal/transport/admin/handler.go:733.4,734.24 2 13
github.com/afreidah/s3-orchestrator/internal/transport/admin/handler.go:734.24,736.5 1 14
github.com/afreidah/s3-orchestrator/internal/transport/admin/handler.go:737.4,737.19 1 13
github.com/afreidah/s3-orchestrator/internal/transport/admin/handler.go:739.125,741.18 2 12
github.com/afreidah/s3-orchestrator/internal/transport/admin/handler.go:741.18,743.5 1 0
github.com/afreidah/s3-orchestrator/internal/transport/admin/handler.go:744.4,744.29 1 12
github.com/afreidah/s3-orchestrator/internal/transport/admin/handler.go:744.29,747.5 2 12
github.com/afreidah/s3-orchestrator/internal/transport/admin/handler.go:748.4,748.66 1 12
github.com/afreidah/s3-orchestrator/internal/transport/admin/handler.go:754.81,756.29 2 13
github.com/afreidah/s3-orchestrator/internal/transport/admin/handler.go:756.29,759.3 2 0
github.com/afreidah/s3-orchestrator/internal/transport/admin/handler.go:760.2,765.4 1 13
github.com/afreidah/s3-orchestrator/internal/transport/admin/handler.go:772.81,779.83 1 10
github.com/afreidah/s3-orchestrator/internal/transport/admin/handler.go:779.83,781.18 2 10
github.com/afreidah/s3-orchestrator/internal/transport/admin/handler.go:781.18,783.5 1 0
github.com/afreidah/s3-orchestrator/internal/transport/admin/handler.go:784.4,785.24 2 10
github.com/afreidah/s3-orchestrator/internal/transport/admin/handler.go:785.24,787.5 1 11
github.com/afreidah/s3-orchestrator/internal/transport/admin/handler.go:788.4,788.19 1 10
github.com/afreidah/s3-orchestrator/internal/transport/admin/handler.go:790.125,792.24 2 9
github.com/afreidah/s3-orchestrator/internal/transport/admin/handler.go:792.24,794.5 1 2
github.com/afreidah/s3-orchestrator/internal/transport/admin/handler.go:795.4,796.18 2 7
github.com/afreidah/s3-orchestrator/internal/transport/admin/handler.go:796.18,798.5 1 1
github.com/afreidah/s3-orchestrator/internal/transport/admin/handler.go:799.4,799.29 1 6
github.com/afreidah/s3-orchestrator/internal/transport/admin/handler.go:799.29,801.5 1 6
github.com/afreidah/s3-orchestrator/internal/transport/admin/handler.go:802.4,802.56 1 6
github.com/afreidah/s3-orchestrator/internal/transport/admin/handler.go:805.2,805.29 1 10
github.com/afreidah/s3-orchestrator/internal/transport/admin/handler.go:805.29,808.3 2 0
github.com/afreidah/s3-orchestrator/internal/transport/admin/handler.go:809.2,814.4 1 10
github.com/afreidah/s3-orchestrator/internal/transport/admin/handler.go:821.117,822.45 1 23
github.com/afreidah/s3-orchestrator/internal/transport/admin/handler.go:822.45,824.3 1 0
github.com/afreidah/s3-orchestrator/internal/transport/admin/handler.go:826.2,829.41 3 23
github.com/afreidah/s3-orchestrator/internal/transport/admin/handler.go:829.41,831.17 2 23
github.com/afreidah/s3-orchestrator/internal/transport/admin/handler.go:831.17,834.4 2 0
github.com/afreidah/s3-orchestrator/internal/transport/admin/handler.go:835.3,835.21 1 23
github.com/afreidah/s3-orchestrator/internal/transport/admin/handler.go:835.21,836.9 1 4
github.com/afreidah/s3-orchestrator/internal/transport/admin/handler.go:839.3,839.28 1 19
github.com/afreidah/s3-orchestrator/internal/transport/admin/handler.go:839.28,841.44 2 25
github.com/afreidah/s3-orchestrator/internal/transport/admin/handler.go:841.44,843.5 1 18
github.com/afreidah/s3-orchestrator/internal/transport/admin/handler.go:843.10,845.5 1 7
github.com/afreidah/s3-orchestrator/internal/transport/admin/handler.go:848.3,848.28 1 19
github.com/afreidah/s3-orchestrator/internal/transport/admin/handler.go:848.28,849.9 1 19
github.com/afreidah/s3-orchestrator/internal/transport/admin/handler.go:853.2,854.94 2 23
github.com/afreidah/s3-orchestrator/internal/transport/admin/handler.go:861.110,865.16 3 25
github.com/afreidah/s3-orchestrator/internal/transport/admin/handler.go:865.16,869.3 3 2
github.com/afreidah/s3-orchestrator/internal/transport/admin/handler.go:871.2,872.16 2 23
github.com/afreidah/s3-orchestrator/internal/transport/admin/handler.go:872.16,877.3 4 2
github.com/afreidah/s3-orchestrator/internal/transport/admin/handler.go:878.2,881.16 3 21
github.com/afreidah/s3-orchestrator/internal/transport/admin/handler.go:881.16,886.3 4 3
github.com/afreidah/s3-orchestrator/internal/transport/admin/handler.go:888.2,890.16 3 18
github.com/afreidah/s3-orchestrator/internal/transport/admin/handler.go:890.16,895.3 4 0
github.com/afreidah/s3-orchestrator/internal/transport/admin/handler.go:896.2,898.35 2 18
github.com/afreidah/s3-orchestrator/internal/transport/admin/handler.go:898.35,902.3 3 0
github.com/afreidah/s3-orchestrator/internal/transport/admin/handler.go:904.2,905.13 2 18
github.com/afreidah/s3-orchestrator/internal/transport/admin/handler.go:923.73,925.34 2 0
github.com/afreidah/s3-orchestrator/internal/transport/admin/handler.go:925.34,927.3 1 0
github.com/afreidah/s3-orchestrator/internal/transport/admin/handler.go:928.2,928.20 1 0
github.com/afreidah/s3-orchestrator/internal/transport/admin/handler.go:928.20,930.3 1 0
github.com/afreidah/s3-orchestrator/internal/transport/admin/handler.go:931.2,932.68 2 0
github.com/afreidah/s3-orchestrator/internal/transport/admin/handler.go:937.71,939.53 2 0
github.com/afreidah/s3-orchestrator/internal/transport/admin/handler.go:939.53,940.66 1 0
github.com/afreidah/s3-orchestrator/internal/transport/admin/handler.go:940.66,942.4 1 0
github.com/afreidah/s3-orchestrator/internal/transport/admin/handler.go:945.2,946.29 2 0
github.com/afreidah/s3-orchestrator/internal/transport/admin/handler.go:946.29,949.3 2 0
github.com/afreidah/s3-orchestrator/internal/transport/admin/handler.go:950.2,954.4 1 0
github.com/afreidah/s3-orchestrator/internal/transport/admin/handler.go:968.97,970.34 2 0
github.com/afreidah/s3-orchestrator/internal/transport/admin/handler.go:970.34,972.3 1 0
github.com/afreidah/s3-orchestrator/internal/transport/admin/handler.go:973.2,973.20 1 0
github.com/afreidah/s3-orchestrator/internal/transport/admin/handler.go:973.20,975.3 1 0
github.com/afreidah/s3-orchestrator/internal/transport/admin/handler.go:977.2,979.21 3 0
github.com/afreidah/s3-orchestrator/internal/transport/admin/handler.go:979.21,982.22 3 0
github.com/afreidah/s3-orchestrator/internal/transport/admin/handler.go:982.22,983.9 1 0
github.com/afreidah/s3-orchestrator/internal/transport/admin/handler.go:985.3,985.22 1 0
github.com/afreidah/s3-orchestrator/internal/transport/admin/handler.go:987.2,987.64 1 0
github.com/afreidah/s3-orchestrator/internal/transport/admin/handler.go:991.83,993.53 2 0
github.com/afreidah/s3-orchestrator/internal/transport/admin/handler.go:993.53,994.66 1 0
github.com/afreidah/s3-orchestrator/internal/transport/admin/handler.go:994.66,996.4 1 0
github.com/afreidah/s3-orchestrator/internal/transport/admin/handler.go:999.2,1000.29 2 0
github.com/afreidah/s3-orchestrator/internal/transport/admin/handler.go:1000.29,1003.3 2 0
github.com/afreidah/s3-orchestrator/internal/transport/admin/handler.go:1004.2,1004.89 1 0
github.com/afreidah/s3-orchestrator/internal/transport/admin/handler.go:1014.86,1015.32 1 0
github.com/afreidah/s3-orchestrator/internal/transport/admin/handler.go:1015.32,1018.3 2 0
github.com/afreidah/s3-orchestrator/internal/transport/admin/handler.go:1019.2,1021.16 3 0
github.com/afreidah/s3-orchestrator/internal/transport/admin/handler.go:1021.16,1029.3 3 0
github.com/afreidah/s3-orchestrator/internal/transport/admin/handler.go:1030.2,1033.4 1 0
github.com/afreidah/s3-orchestrator/internal/transport/admin/handler.go:1039.75,1042.25 2 0
github.com/afreidah/s3-orchestrator/internal/transport/admin/handler.go:1042.25,1045.3 2 0
github.com/afreidah/s3-orchestrator/internal/transport/admin/handler.go:1047.2,1050.16 3 0
github.com/afreidah/s3-orchestrator/internal/transport/admin/handler.go:1050.16,1054.3 3 0
github.com/afreidah/s3-orchestrator/internal/transport/admin/handler.go:1056.2,1065.4 2 0
github.com/afreidah/s3-orchestrator/internal/transport/admin/handler.go:1073.58,1076.53 3 23
github.com/afreidah/s3-orchestrator/internal/transport/admin/handler.go:1076.53,1078.3 1 0
github.com/afreidah/s3-orchestrator/internal/transport/auth/auth.go:69.71,76.30 2 31
github.com/afreidah/s3-orchestrator/internal/transport/auth/auth.go:76.30,77.34 1 31
github.com/afreidah/s3-orchestrator/internal/transport/auth/auth.go:77.34,79.4 1 0
github.com/afreidah/s3-orchestrator/internal/transport/auth/auth.go:80.3,80.40 1 31
github.com/afreidah/s3-orchestrator/internal/transport/auth/auth.go:80.40,81.60 1 31
github.com/afreidah/s3-orchestrator/internal/transport/auth/auth.go:81.60,86.5 1 31
github.com/afreidah/s3-orchestrator/internal/transport/auth/auth.go:87.4,87.24 1 31
github.com/afreidah/s3-orchestrator/internal/transport/auth/auth.go:87.24,89.5 1 0
github.com/afreidah/s3-orchestrator/internal/transport/auth/auth.go:93.2,93.11 1 31
github.com/afreidah/s3-orchestrator/internal/transport/auth/auth.go:98.66,100.2 1 6
github.com/afreidah/s3-orchestrator/internal/transport/auth/auth.go:104.89,106.48 2 470
github.com/afreidah/s3-orchestrator/internal/transport/auth/auth.go:106.48,108.3 1 461
github.com/afreidah/s3-orchestrator/internal/transport/auth/auth.go:109.2,109.27 1 9
github.com/afreidah/s3-orchestrator/internal/transport/auth/auth.go:109.27,111.3 1 7
github.com/afreidah/s3-orchestrator/internal/transport/auth/auth.go:112.2,112.67 1 2
github.com/afreidah/s3-orchestrator/internal/transport/auth/auth.go:112.67,114.3 1 0
github.com/afreidah/s3-orchestrator/internal/transport/auth/auth.go:115.2,115.61 1 2
github.com/afreidah/s3-orchestrator/internal/transport/auth/auth.go:122.97,125.22 3 461
github.com/afreidah/s3-orchestrator/internal/transport/auth/auth.go:125.22,127.3 1 0
github.com/afreidah/s3-orchestrator/internal/transport/auth/auth.go:128.2,129.21 2 461
github.com/afreidah/s3-orchestrator/internal/transport/auth/auth.go:129.21,131.3 1 0
github.com/afreidah/s3-orchestrator/internal/transport/auth/auth.go:133.2,135.8 3 461
github.com/afreidah/s3-orchestrator/internal/transport/auth/auth.go:135.8,137.3 1 460
github.com/afreidah/s3-orchestrator/internal/transport/auth/auth.go:138.2,140.60 1 461
github.com/afreidah/s3-orchestrator/internal/transport/auth/auth.go:140.60,142.3 1 1
github.com/afreidah/s3-orchestrator/internal/transport/auth/auth.go:143.2,143.30 1 460
github.com/afreidah/s3-orchestrator/internal/transport/auth/auth.go:150.85,153.40 3 0
github.com/afreidah/s3-orchestrator/internal/transport/auth/auth.go:153.40,155.71 1 0
github.com/afreidah/s3-orchestrator/internal/transport/auth/auth.go:155.71,158.4 2 0
github.com/afreidah/s3-orchestrator/internal/transport/auth/auth.go:160.2,160.16 1 0
github.com/afreidah/s3-orchestrator/internal/transport/auth/auth.go:160.16,162.3 1 0
github.com/afreidah/s3-orchestrator/internal/transport/auth/auth.go:163.2,163.55 1 0
github.com/afreidah/s3-orchestrator/internal/transport/auth/auth.go:202.78,204.22 2 0
github.com/afreidah/s3-orchestrator/internal/transport/auth/auth.go:204.22,206.3 1 0
github.com/afreidah/s3-orchestrator/internal/transport/auth/auth.go:208.2,208.49 1 0
github.com/afreidah/s3-orchestrator/internal/transport/auth/auth.go:208.49,210.3 1 0
github.com/afreidah/s3-orchestrator/internal/transport/auth/auth.go:212.2,214.67 3 0
github.com/afreidah/s3-orchestrator/internal/transport/auth/auth.go:214.67,216.3 1 0
github.com/afreidah/s3-orchestrator/internal/transport/auth/auth.go:218.2,220.43 1 0
github.com/afreidah/s3-orchestrator/internal/transport/auth/auth.go:226.112,228.16 2 461
github.com/afreidah/s3-orchestrator/internal/transport/auth/auth.go:228.16,230.3 1 0
github.com/afreidah/s3-orchestrator/internal/transport/auth/auth.go:235.2,236.19 2 461
github.com/afreidah/s3-orchestrator/internal/transport/auth/auth.go:236.19,238.3 1 0
github.com/afreidah/s3-orchestrator/internal/transport/auth/auth.go:239.2,240.16 2 461
github.com/afreidah/s3-orchestrator/internal/transport/auth/auth.go:240.16,242.3 1 0
github.com/afreidah/s3-orchestrator/internal/transport/auth/auth.go:243.2,243.60 1 461
github.com/afreidah/s3-orchestrator/internal/transport/auth/auth.go:243.60,245.3 1 0
github.com/afreidah/s3-orchestrator/internal/transport/auth/auth.go:247.2,248.100 2 461
github.com/afreidah/s3-orchestrator/internal/transport/auth/auth.go:255.135,257.25 2 468
github.com/afreidah/s3-orchestrator/internal/transport/auth/auth.go:257.25,259.3 1 0
github.com/afreidah/s3-orchestrator/internal/transport/auth/auth.go:260.2,261.45 2 468
github.com/afreidah/s3-orchestrator/internal/transport/auth/auth.go:261.45,263.3 1 0
github.com/afreidah/s3-orchestrator/internal/transport/auth/auth.go:264.2,264.69 1 468
github.com/afreidah/s3-orchestrator/internal/transport/auth/auth.go:270.67,272.16 2 468
github.com/afreidah/s3-orchestrator/internal/transport/auth/auth.go:272.16,274.3 1 0
github.com/afreidah/s3-orchestrator/internal/transport/auth/auth.go:275.2,275.30 1 468
github.com/afreidah/s3-orchestrator/internal/transport/auth/auth.go:275.30,277.3 1 0
github.com/afreidah/s3-orchestrator/internal/transport/auth/auth.go:278.2,278.21 1 468
github.com/afreidah/s3-orchestrator/internal/transport/auth/auth.go:284.130,289.57 5 467
github.com/afreidah/s3-orchestrator/internal/transport/auth/auth.go:289.57,291.3 1 1
github.com/afreidah/s3-orchestrator/internal/transport/auth/auth.go:292.2,292.12 1 466
github.com/afreidah/s3-orchestrator/internal/transport/auth/auth.go:301.47,303.2 1 9
github.com/afreidah/s3-orchestrator/internal/transport/auth/auth.go:307.82,315.98 7 7
github.com/afreidah/s3-orchestrator/internal/transport/auth/auth.go:315.98,317.3 1 0
github.com/afreidah/s3-orchestrator/internal/transport/auth/auth.go:319.2,320.21 2 7
github.com/afreidah/s3-orchestrator/internal/transport/auth/auth.go:320.21,322.3 1 0
github.com/afreidah/s3-orchestrator/internal/transport/auth/auth.go:324.2,326.8 3 7
github.com/afreidah/s3-orchestrator/internal/transport/auth/auth.go:326.8,328.3 1 7
github.com/afreidah/s3-orchestrator/internal/transport/auth/auth.go:330.2,332.78 1 7
github.com/afreidah/s3-orchestrator/internal/transport/auth/auth.go:332.78,334.3 1 1
github.com/afreidah/s3-orchestrator/internal/transport/auth/auth.go:336.2,336.30 1 6
github.com/afreidah/s3-orchestrator/internal/transport/auth/auth.go:343.136,345.16 2 7
github.com/afreidah/s3-orchestrator/internal/transport/auth/auth.go:345.16,347.3 1 0
github.com/afreidah/s3-orchestrator/internal/transport/auth/auth.go:348.2,349.16 2 7
github.com/afreidah/s3-orchestrator/internal/transport/auth/auth.go:349.16,351.3 1 0
github.com/afreidah/s3-orchestrator/internal/transport/auth/auth.go:352.2,352.69 1 7
github.com/afreidah/s3-orchestrator/internal/transport/auth/auth.go:352.69,354.3 1 1
github.com/afreidah/s3-orchestrator/internal/transport/auth/auth.go:356.2,357.100 2 6
github.com/afreidah/s3-orchestrator/internal/transport/auth/auth.go:363.74,365.35 2 7
github.com/afreidah/s3-orchestrator/internal/transport/auth/auth.go:365.35,367.3 1 0
github.com/afreidah/s3-orchestrator/internal/transport/auth/auth.go:370.2,370.54 1 7
github.com/afreidah/s3-orchestrator/internal/transport/auth/auth.go:370.54,372.3 1 0
github.com/afreidah/s3-orchestrator/internal/transport/auth/auth.go:373.2,373.76 1 7
github.com/afreidah/s3-orchestrator/internal/transport/auth/auth.go:373.76,375.3 1 1
github.com/afreidah/s3-orchestrator/internal/transport/auth/auth.go:376.2,376.12 1 6
github.com/afreidah/s3-orchestrator/internal/transport/auth/auth.go:383.85,397.35 8 6
github.com/afreidah/s3-orchestrator/internal/transport/auth/auth.go:397.35,398.29 1 40
github.com/afreidah/s3-orchestrator/internal/transport/auth/auth.go:398.29,400.4 1 34
github.com/afreidah/s3-orchestrator/internal/transport/auth/auth.go:402.2,410.19 5 6
github.com/afreidah/s3-orchestrator/internal/transport/auth/auth.go:419.98,420.34 1 467
github.com/afreidah/s3-orchestrator/internal/transport/auth/auth.go:420.34,424.31 4 3299
github.com/afreidah/s3-orchestrator/internal/transport/auth/auth.go:424.31,426.4 1 467
github.com/afreidah/s3-orchestrator/internal/transport/auth/auth.go:427.3,431.20 5 3299
github.com/afreidah/s3-orchestrator/internal/transport/auth/auth.go:433.2,435.34 2 467
github.com/afreidah/s3-orchestrator/internal/transport/auth/auth.go:435.34,436.12 1 3299
github.com/afreidah/s3-orchestrator/internal/transport/auth/auth.go:436.12,438.4 1 2832
github.com/afreidah/s3-orchestrator/internal/transport/auth/auth.go:439.3,439.19 1 3299
github.com/afreidah/s3-orchestrator/internal/transport/auth/auth.go:441.2,441.19 1 467
github.com/afreidah/s3-orchestrator/internal/transport/auth/auth.go:450.51,452.45 2 0
github.com/afreidah/s3-orchestrator/internal/transport/auth/auth.go:452.45,455.14 3 0
github.com/afreidah/s3-orchestrator/internal/transport/auth/auth.go:455.14,457.4 1 0
github.com/afreidah/s3-orchestrator/internal/transport/auth/auth.go:459.2,459.15 1 0
github.com/afreidah/s3-orchestrator/internal/transport/auth/auth.go:464.85,465.14 1 461
github.com/afreidah/s3-orchestrator/internal/transport/auth/auth.go:465.14,467.45 2 1383
github.com/afreidah/s3-orchestrator/internal/transport/auth/auth.go:467.45,470.4 2 922
github.com/afreidah/s3-orchestrator/internal/transport/auth/auth.go:470.9,472.4 1 461
github.com/afreidah/s3-orchestrator/internal/transport/auth/auth.go:473.3,474.47 2 1383
github.com/afreidah/s3-orchestrator/internal/transport/auth/auth.go:474.47,475.20 1 1383
github.com/afreidah/s3-orchestrator/internal/transport/auth/auth.go:476.22,477.28 1 461
github.com/afreidah/s3-orchestrator/internal/transport/auth/auth.go:478.25,479.31 1 461
github.com/afreidah/s3-orchestrator/internal/transport/auth/auth.go:480.21,481.27 1 461
github.com/afreidah/s3-orchestrator/internal/transport/auth/auth.go:485.2,485.8 1 461
github.com/afreidah/s3-orchestrator/internal/transport/auth/auth.go:489.76,509.23 11 461
github.com/afreidah/s3-orchestrator/internal/transport/auth/auth.go:509.23,511.3 1 0
github.com/afreidah/s3-orchestrator/internal/transport/auth/auth.go:512.2,514.19 2 461
github.com/afreidah/s3-orchestrator/internal/transport/auth/auth.go:519.71,520.22 1 467
github.com/afreidah/s3-orchestrator/internal/transport/auth/auth.go:520.22,522.3 1 50
github.com/afreidah/s3-orchestrator/internal/transport/auth/auth.go:524.2,525.28 2 417
github.com/afreidah/s3-orchestrator/internal/transport/auth/auth.go:525.28,526.24 1 487
github.com/afreidah/s3-orchestrator/internal/transport/auth/auth.go:526.24,528.4 1 487
github.com/afreidah/s3-orchestrator/internal/transport/auth/auth.go:530.2,531.27 2 417
github.com/afreidah/s3-orchestrator/internal/transport/auth/auth.go:531.27,532.12 1 487
github.com/afreidah/s3-orchestrator/internal/transport/auth/auth.go:532.12,534.4 1 70
github.com/afreidah/s3-orchestrator/internal/transport/auth/auth.go:535.3,535.19 1 487
github.com/afreidah/s3-orchestrator/internal/transport/auth/auth.go:542.35,544.2 1 2876
github.com/afreidah/s3-orchestrator/internal/transport/auth/auth.go:548.53,549.37 1 467
github.com/afreidah/s3-orchestrator/internal/transport/auth/auth.go:549.37,552.3 2 1
github.com/afreidah/s3-orchestrator/internal/transport/auth/auth.go:553.2,553.50 1 466
github.com/afreidah/s3-orchestrator/internal/transport/auth/auth.go:553.50,554.12 1 1902
github.com/afreidah/s3-orchestrator/internal/transport/auth/auth.go:554.12,556.4 1 1436
github.com/afreidah/s3-orchestrator/internal/transport/auth/auth.go:557.3,557.34 1 1902
github.com/afreidah/s3-orchestrator/internal/transport/auth/auth.go:562.73,568.2 5 467
github.com/afreidah/s3-orchestrator/internal/transport/auth/auth.go:571.42,575.2 3 2335
github.com/afreidah/s3-orchestrator/internal/transport/auth/auth.go:578.37,581.2 2 467
github.com/afreidah/s3-orchestrator/internal/transport/auth/auth.go:585.42,589.22 4 3299
github.com/afreidah/s3-orchestrator/internal/transport/auth/auth.go:589.22,590.54 1 78310
github.com/afreidah/s3-orchestrator/internal/transport/auth/auth.go:590.54,591.13 1 461
github.com/afreidah/s3-orchestrator/internal/transport/auth/auth.go:591.13,594.5 2 461
github.com/afreidah/s3-orchestrator/internal/transport/auth/auth.go:595.4,595.12 1 461
github.com/afreidah/s3-orchestrator/internal/transport/auth/auth.go:597.3,598.17 2 77849
github.com/afreidah/s3-orchestrator/internal/transport/auth/auth.go:600.2,600.19 1 3299
github.com/afreidah/s3-orchestrator/internal/transport/auth/auth.go:605.39,608.22 3 3299
github.com/afreidah/s3-orchestrator/internal/transport/auth/auth.go:608.22,609.54 1 46065
github.com/afreidah/s3-orchestrator/internal/transport/auth/auth.go:609.54,611.4 1 46065
github.com/afreidah/s3-orchestrator/internal/transport/auth/auth.go:613.2,613.19 1 3299
github.com/afreidah/s3-orchestrator/internal/transport/httputil/certreloader.go:41.71,43.16 2 1
github.com/afreidah/s3-orchestrator/internal/transport/httputil/certreloader.go:43.16,45.3 1 0
github.com/afreidah/s3-orchestrator/internal/transport/httputil/certreloader.go:46.2,50.8 1 1
github.com/afreidah/s3-orchestrator/internal/transport/httputil/certreloader.go:55.90,59.2 3 2
github.com/afreidah/s3-orchestrator/internal/transport/httputil/certreloader.go:68.40,70.16 2 1
github.com/afreidah/s3-orchestrator/internal/transport/httputil/certreloader.go:70.16,72.3 1 0
github.com/afreidah/s3-orchestrator/internal/transport/httputil/certreloader.go:73.2,80.12 6 1
github.com/afreidah/s3-orchestrator/internal/transport/httputil/certreloader.go:85.62,86.22 1 1
github.com/afreidah/s3-orchestrator/internal/transport/httputil/certreloader.go:86.22,88.32 1 0
github.com/afreidah/s3-orchestrator/internal/transport/httputil/certreloader.go:88.32,90.18 2 0
github.com/afreidah/s3-orchestrator/internal/transport/httputil/certreloader.go:90.18,94.5 2 0
github.com/afreidah/s3-orchestrator/internal/transport/httputil/certreloader.go:95.4,95.22 1 0
github.com/afreidah/s3-orchestrator/internal/transport/httputil/certreloader.go:98.2,98.22 1 1
github.com/afreidah/s3-orchestrator/internal/transport/httputil/certreloader.go:98.22,100.45 2 1
github.com/afreidah/s3-orchestrator/internal/transport/httputil/certreloader.go:100.45,105.4 1 1
github.com/afreidah/s3-orchestrator/internal/transport/httputil/clientip.go:27.70,28.18 1 0
github.com/afreidah/s3-orchestrator/internal/transport/httputil/clientip.go:28.18,30.3 1 0
github.com/afreidah/s3-orchestrator/internal/transport/httputil/clientip.go:31.2,31.30 1 0
github.com/afreidah/s3-orchestrator/internal/transport/httputil/clientip.go:31.30,33.3 1 0
github.com/afreidah/s3-orchestrator/internal/transport/httputil/clientip.go:34.2,34.56 1 0
github.com/afreidah/s3-orchestrator/internal/transport/httputil/clientip.go:34.56,36.3 1 0
github.com/afreidah/s3-orchestrator/internal/transport/httputil/clientip.go:37.2,37.70 1 0
github.com/afreidah/s3-orchestrator/internal/transport/httputil/clientip.go:43.75,47.63 2 0
github.com/afreidah/s3-orchestrator/internal/transport/httputil/clientip.go:47.63,49.3 1 0
github.com/afreidah/s3-orchestrator/internal/transport/httputil/clientip.go:51.2,51.15 1 0
github.com/afreidah/s3-orchestrator/internal/transport/httputil/clientip.go:57.55,59.29 2 0
github.com/afreidah/s3-orchestrator/internal/transport/httputil/clientip.go:59.29,61.17 2 0
github.com/afreidah/s3-orchestrator/internal/transport/httputil/clientip.go:61.17,63.4 1 0
github.com/afreidah/s3-orchestrator/internal/transport/httputil/clientip.go:65.2,65.13 1 0
github.com/afreidah/s3-orchestrator/internal/transport/httputil/clientip.go:69.36,71.16 2 0
github.com/afreidah/s3-orchestrator/internal/transport/httputil/clientip.go:71.16,73.3 1 0
github.com/afreidah/s3-orchestrator/internal/transport/httputil/clientip.go:74.2,74.13 1 0
github.com/afreidah/s3-orchestrator/internal/transport/httputil/clientip.go:79.53,81.15 2 0
github.com/afreidah/s3-orchestrator/internal/transport/httputil/clientip.go:81.15,83.3 1 0
github.com/afreidah/s3-orchestrator/internal/transport/httputil/clientip.go:84.2,84.25 1 0
github.com/afreidah/s3-orchestrator/internal/transport/httputil/clientip.go:84.25,85.21 1 0
github.com/afreidah/s3-orchestrator/internal/transport/httputil/clientip.go:85.21,87.4 1 0
github.com/afreidah/s3-orchestrator/internal/transport/httputil/clientip.go:89.2,89.14 1 0
github.com/afreidah/s3-orchestrator/internal/transport/httputil/clientip.go:95.66,97.39 2 0
github.com/afreidah/s3-orchestrator/internal/transport/httputil/clientip.go:97.39,99.15 2 0
github.com/afreidah/s3-orchestrator/internal/transport/httputil/clientip.go:99.15,100.12 1 0
github.com/afreidah/s3-orchestrator/internal/transport/httputil/clientip.go:102.3,102.29 1 0
github.com/afreidah/s3-orchestrator/internal/transport/httputil/clientip.go:102.29,104.4 1 0
github.com/afreidah/s3-orchestrator/internal/transport/httputil/clientip.go:107.2,107.55 1 0
github.com/afreidah/s3-orchestrator/internal/transport/httputil/clientip.go:107.55,109.3 1 0
github.com/afreidah/s3-orchestrator/internal/transport/httputil/clientip.go:110.2,110.11 1 0
github.com/afreidah/s3-orchestrator/internal/transport/httputil/loginthrottle.go:39.86,48.12 2 0
github.com/afreidah/s3-orchestrator/internal/transport/httputil/loginthrottle.go:48.12,51.7 3 0
github.com/afreidah/s3-orchestrator/internal/transport/httputil/loginthrottle.go:51.7,52.11 1 0
github.com/afreidah/s3-orchestrator/internal/transport/httputil/loginthrottle.go:53.20,54.17 1 0
github.com/afreidah/s3-orchestrator/internal/transport/httputil/loginthrottle.go:55.19,56.11 1 0
github.com/afreidah/s3-orchestrator/internal/transport/httputil/loginthrottle.go:61.2,61.11 1 0
github.com/afreidah/s3-orchestrator/internal/transport/httputil/loginthrottle.go:65.34,66.25 1 0
github.com/afreidah/s3-orchestrator/internal/transport/httputil/loginthrottle.go:66.25,68.3 1 0
github.com/afreidah/s3-orchestrator/internal/transport/httputil/loginthrottle.go:74.54,79.9 4 0
github.com/afreidah/s3-orchestrator/internal/transport/httputil/loginthrottle.go:79.9,81.3 1 0
github.com/afreidah/s3-orchestrator/internal/transport/httputil/loginthrottle.go:82.2,82.41 1 0
github.com/afreidah/s3-orchestrator/internal/transport/httputil/loginthrottle.go:89.51,94.9 4 0
github.com/afreidah/s3-orchestrator/internal/transport/httputil/loginthrottle.go:94.9,97.3 2 0
github.com/afreidah/s3-orchestrator/internal/transport/httputil/loginthrottle.go:98.2,99.34 2 0
github.com/afreidah/s3-orchestrator/internal/transport/httputil/loginthrottle.go:99.34,101.3 1 0
github.com/afreidah/s3-orchestrator/internal/transport/httputil/loginthrottle.go:107.51,111.2 3 0
github.com/afreidah/s3-orchestrator/internal/transport/httputil/loginthrottle.go:114.36,118.33 4 0
github.com/afreidah/s3-orchestrator/internal/transport/httputil/loginthrottle.go:118.33,119.31 1 0
github.com/afreidah/s3-orchestrator/internal/transport/httputil/loginthrottle.go:119.31,121.4 1 0
github.com/afreidah/s3-orchestrator/internal/transport/s3api/admission.go:47.69,51.2 1 0
github.com/afreidah/s3-orchestrator/internal/transport/s3api/admission.go:56.76,58.2 1 0
github.com/afreidah/s3-orchestrator/internal/transport/s3api/admission.go:62.80,67.2 1 0
github.com/afreidah/s3-orchestrator/internal/transport/s3api/admission.go:71.95,73.2 1 0
github.com/afreidah/s3-orchestrator/internal/transport/s3api/admission.go:78.60,80.2 1 0
github.com/afreidah/s3-orchestrator/internal/transport/s3api/admission.go:84.66,86.2 1 0
github.com/afreidah/s3-orchestrator/internal/transport/s3api/admission.go:89.40,93.2 1 0
github.com/afreidah/s3-orchestrator/internal/transport/s3api/admission.go:103.75,104.71 1 0
github.com/afreidah/s3-orchestrator/internal/transport/s3api/admission.go:104.71,108.49 2 0
github.com/afreidah/s3-orchestrator/internal/transport/s3api/admission.go:108.49,117.4 5 0
github.com/afreidah/s3-orchestrator/internal/transport/s3api/admission.go:120.3,120.10 1 0
github.com/afreidah/s3-orchestrator/internal/transport/s3api/admission.go:121.26,122.17 1 0
github.com/afreidah/s3-orchestrator/internal/transport/s3api/admission.go:122.17,122.26 1 0
github.com/afreidah/s3-orchestrator/internal/transport/s3api/admission.go:123.4,124.10 2 0
github.com/afreidah/s3-orchestrator/internal/transport/s3api/admission.go:125.11,125.11 0 0
github.com/afreidah/s3-orchestrator/internal/transport/s3api/admission.go:129.3,129.27 1 0
github.com/afreidah/s3-orchestrator/internal/transport/s3api/admission.go:129.27,132.11 3 0
github.com/afreidah/s3-orchestrator/internal/transport/s3api/admission.go:133.27,134.18 1 0
github.com/afreidah/s3-orchestrator/internal/transport/s3api/admission.go:134.18,134.27 1 0
github.com/afreidah/s3-orchestrator/internal/transport/s3api/admission.go:135.5,136.11 2 0
github.com/afreidah/s3-orchestrator/internal/transport/s3api/admission.go:137.19,137.19 0 0
github.com/afreidah/s3-orchestrator/internal/transport/s3api/admission.go:139.30,143.11 2 0
github.com/afreidah/s3-orchestrator/internal/transport/s3api/admission.go:147.3,153.83 4 0
github.com/afreidah/s3-orchestrator/internal/transport/s3api/admission.go:166.67,170.27 4 0
github.com/afreidah/s3-orchestrator/internal/transport/s3api/admission.go:170.27,172.3 1 0
github.com/afreidah/s3-orchestrator/internal/transport/s3api/admission.go:173.2,174.27 2 0
github.com/afreidah/s3-orchestrator/internal/transport/s3api/admission.go:180.68,181.19 1 0
github.com/afreidah/s3-orchestrator/internal/transport/s3api/admission.go:181.19,183.3 1 0
github.com/afreidah/s3-orchestrator/internal/transport/s3api/admission.go:184.2,184.27 1 0
github.com/afreidah/s3-orchestrator/internal/transport/s3api/admission.go:184.27,186.3 1 0
github.com/afreidah/s3-orchestrator/internal/transport/s3api/admission.go:187.2,187.19 1 0
github.com/afreidah/s3-orchestrator/internal/transport/s3api/buckets.go:80.87,97.59 2 1
github.com/afreidah/s3-orchestrator/internal/transport/s3api/buckets.go:97.59,99.3 1 0
github.com/afreidah/s3-orchestrator/internal/transport/s3api/buckets.go:100.2,100.27 1 1
github.com/afreidah/s3-orchestrator/internal/transport/s3api/buckets.go:105.71,110.2 4 1
github.com/afreidah/s3-orchestrator/internal/transport/s3api/buckets.go:114.78,119.59 2 1
github.com/afreidah/s3-orchestrator/internal/transport/s3api/buckets.go:119.59,121.3 1 0
github.com/afreidah/s3-orchestrator/internal/transport/s3api/buckets.go:122.2,122.27 1 1
github.com/afreidah/s3-orchestrator/internal/transport/s3api/buckets.go:128.80,133.59 2 0
github.com/afreidah/s3-orchestrator/internal/transport/s3api/buckets.go:133.59,135.3 1 0
github.com/afreidah/s3-orchestrator/internal/transport/s3api/buckets.go:136.2,136.27 1 0
github.com/afreidah/s3-orchestrator/internal/transport/s3api/helpers.go:29.18,29.46 1 16
github.com/afreidah/s3-orchestrator/internal/transport/s3api/helpers.go:54.115,55.25 1 257
github.com/afreidah/s3-orchestrator/internal/transport/s3api/helpers.go:55.25,58.3 2 0
github.com/afreidah/s3-orchestrator/internal/transport/s3api/helpers.go:59.2,59.46 1 257
github.com/afreidah/s3-orchestrator/internal/transport/s3api/helpers.go:59.46,62.3 2 0
github.com/afreidah/s3-orchestrator/internal/transport/s3api/helpers.go:63.2,63.17 1 257
github.com/afreidah/s3-orchestrator/internal/transport/s3api/helpers.go:63.17,65.3 1 0
github.com/afreidah/s3-orchestrator/internal/transport/s3api/helpers.go:66.2,66.21 1 257
github.com/afreidah/s3-orchestrator/internal/transport/s3api/helpers.go:75.59,77.29 2 251
github.com/afreidah/s3-orchestrator/internal/transport/s3api/helpers.go:77.29,79.46 2 2250
github.com/afreidah/s3-orchestrator/internal/transport/s3api/helpers.go:79.46,81.37 2 2
github.com/afreidah/s3-orchestrator/internal/transport/s3api/helpers.go:81.37,82.20 1 2
github.com/afreidah/s3-orchestrator/internal/transport/s3api/helpers.go:82.20,84.6 1 1
github.com/afreidah/s3-orchestrator/internal/transport/s3api/helpers.go:85.5,85.27 1 2
github.com/afreidah/s3-orchestrator/internal/transport/s3api/helpers.go:89.2,89.13 1 251
github.com/afreidah/s3-orchestrator/internal/transport/s3api/helpers.go:96.40,97.22 1 4
github.com/afreidah/s3-orchestrator/internal/transport/s3api/helpers.go:97.22,98.27 1 38
github.com/afreidah/s3-orchestrator/internal/transport/s3api/helpers.go:98.27,100.4 1 0
github.com/afreidah/s3-orchestrator/internal/transport/s3api/helpers.go:102.2,102.13 1 4
github.com/afreidah/s3-orchestrator/internal/transport/s3api/helpers.go:108.57,110.25 2 1
github.com/afreidah/s3-orchestrator/internal/transport/s3api/helpers.go:110.25,111.55 1 2
github.com/afreidah/s3-orchestrator/internal/transport/s3api/helpers.go:111.55,113.4 1 0
github.com/afreidah/s3-orchestrator/internal/transport/s3api/helpers.go:114.3,114.27 1 2
github.com/afreidah/s3-orchestrator/internal/transport/s3api/helpers.go:116.2,116.34 1 1
github.com/afreidah/s3-orchestrator/internal/transport/s3api/helpers.go:116.34,118.3 1 0
github.com/afreidah/s3-orchestrator/internal/transport/s3api/helpers.go:119.2,119.12 1 1
github.com/afreidah/s3-orchestrator/internal/transport/s3api/helpers.go:130.66,132.16 2 466
github.com/afreidah/s3-orchestrator/internal/transport/s3api/helpers.go:132.16,134.3 1 0
github.com/afreidah/s3-orchestrator/internal/transport/s3api/helpers.go:135.2,136.20 2 466
github.com/afreidah/s3-orchestrator/internal/transport/s3api/helpers.go:136.20,138.3 1 0
github.com/afreidah/s3-orchestrator/internal/transport/s3api/helpers.go:139.2,139.39 1 466
github.com/afreidah/s3-orchestrator/internal/transport/s3api/helpers.go:139.39,141.3 1 15
github.com/afreidah/s3-orchestrator/internal/transport/s3api/helpers.go:142.2,142.33 1 451
github.com/afreidah/s3-orchestrator/internal/transport/s3api/helpers.go:147.76,149.13 2 12
github.com/afreidah/s3-orchestrator/internal/transport/s3api/helpers.go:149.13,151.3 1 10
github.com/afreidah/s3-orchestrator/internal/transport/s3api/helpers.go:152.2,153.36 2 2
github.com/afreidah/s3-orchestrator/internal/transport/s3api/helpers.go:153.36,155.3 1 0
github.com/afreidah/s3-orchestrator/internal/transport/s3api/helpers.go:156.2,156.10 1 2
github.com/afreidah/s3-orchestrator/internal/transport/s3api/helpers.go:164.77,174.2 5 63
github.com/afreidah/s3-orchestrator/internal/transport/s3api/helpers.go:187.33,189.2 1 126
github.com/afreidah/s3-orchestrator/internal/transport/s3api/helpers.go:194.82,196.28 2 59
github.com/afreidah/s3-orchestrator/internal/transport/s3api/helpers.go:196.28,199.3 2 28
github.com/afreidah/s3-orchestrator/internal/transport/s3api/helpers.go:200.2,201.30 2 31
github.com/afreidah/s3-orchestrator/internal/transport/s3api/helpers.go:207.63,213.54 5 25
github.com/afreidah/s3-orchestrator/internal/transport/s3api/helpers.go:213.54,215.3 1 0
github.com/afreidah/s3-orchestrator/internal/transport/s3api/helpers.go:216.2,219.12 4 25
github.com/afreidah/s3-orchestrator/internal/transport/s3api/list.go:73.123,75.25 2 8
github.com/afreidah/s3-orchestrator/internal/transport/s3api/list.go:75.25,81.3 1 17
github.com/afreidah/s3-orchestrator/internal/transport/s3api/list.go:82.2,83.30 2 8
github.com/afreidah/s3-orchestrator/internal/transport/s3api/list.go:83.30,87.3 1 3
github.com/afreidah/s3-orchestrator/internal/transport/s3api/list.go:88.2,88.33 1 8
github.com/afreidah/s3-orchestrator/internal/transport/s3api/list.go:95.127,106.18 8 2
github.com/afreidah/s3-orchestrator/internal/transport/s3api/list.go:106.18,108.3 1 1
github.com/afreidah/s3-orchestrator/internal/transport/s3api/list.go:110.2,111.16 2 2
github.com/afreidah/s3-orchestrator/internal/transport/s3api/list.go:111.16,113.3 1 0
github.com/afreidah/s3-orchestrator/internal/transport/s3api/list.go:115.2,117.40 3 2
github.com/afreidah/s3-orchestrator/internal/transport/s3api/list.go:117.40,119.3 1 0
github.com/afreidah/s3-orchestrator/internal/transport/s3api/list.go:121.2,136.62 3 2
github.com/afreidah/s3-orchestrator/internal/transport/s3api/list.go:136.62,138.3 1 0
github.com/afreidah/s3-orchestrator/internal/transport/s3api/list.go:140.2,140.27 1 2
github.com/afreidah/s3-orchestrator/internal/transport/s3api/list.go:146.127,158.29 8 9
github.com/afreidah/s3-orchestrator/internal/transport/s3api/list.go:158.29,160.3 1 1
github.com/afreidah/s3-orchestrator/internal/transport/s3api/list.go:161.2,161.22 1 9
github.com/afreidah/s3-orchestrator/internal/transport/s3api/list.go:161.22,163.3 1 1
github.com/afreidah/s3-orchestrator/internal/transport/s3api/list.go:165.2,166.16 2 9
github.com/afreidah/s3-orchestrator/internal/transport/s3api/list.go:166.16,168.3 1 3
github.com/afreidah/s3-orchestrator/internal/transport/s3api/list.go:171.2,173.21 3 6
github.com/afreidah/s3-orchestrator/internal/transport/s3api/list.go:173.21,175.3 1 1
github.com/afreidah/s3-orchestrator/internal/transport/s3api/list.go:177.2,192.29 3 6
github.com/afreidah/s3-orchestrator/internal/transport/s3api/list.go:192.29,194.3 1 1
github.com/afreidah/s3-orchestrator/internal/transport/s3api/list.go:196.2,196.62 1 6
github.com/afreidah/s3-orchestrator/internal/transport/s3api/list.go:196.62,198.3 1 0
github.com/afreidah/s3-orchestrator/internal/transport/s3api/list.go:200.2,200.27 1 6
github.com/afreidah/s3-orchestrator/internal/transport/s3api/multipart.go:86.153,88.23 2 6
github.com/afreidah/s3-orchestrator/internal/transport/s3api/multipart.go:88.23,90.3 1 5
github.com/afreidah/s3-orchestrator/internal/transport/s3api/multipart.go:92.2,93.23 2 6
github.com/afreidah/s3-orchestrator/internal/transport/s3api/multipart.go:93.23,94.56 1 0
github.com/afreidah/s3-orchestrator/internal/transport/s3api/multipart.go:94.56,97.4 2 0
github.com/afreidah/s3-orchestrator/internal/transport/s3api/multipart.go:101.2,101.71 1 6
github.com/afreidah/s3-orchestrator/internal/transport/s3api/multipart.go:101.71,103.17 2 0
github.com/afreidah/s3-orchestrator/internal/transport/s3api/multipart.go:103.17,105.4 1 0
github.com/afreidah/s3-orchestrator/internal/transport/s3api/multipart.go:106.3,106.28 1 0
github.com/afreidah/s3-orchestrator/internal/transport/s3api/multipart.go:106.28,109.4 2 0
github.com/afreidah/s3-orchestrator/internal/transport/s3api/multipart.go:112.2,113.16 2 6
github.com/afreidah/s3-orchestrator/internal/transport/s3api/multipart.go:113.16,115.3 1 0
github.com/afreidah/s3-orchestrator/internal/transport/s3api/multipart.go:117.2,124.59 2 6
github.com/afreidah/s3-orchestrator/internal/transport/s3api/multipart.go:124.59,126.3 1 0
github.com/afreidah/s3-orchestrator/internal/transport/s3api/multipart.go:127.2,127.27 1 6
github.com/afreidah/s3-orchestrator/internal/transport/s3api/multipart.go:131.121,136.34 4 12
github.com/afreidah/s3-orchestrator/internal/transport/s3api/multipart.go:136.34,139.3 2 0
github.com/afreidah/s3-orchestrator/internal/transport/s3api/multipart.go:141.2,141.81 1 12
github.com/afreidah/s3-orchestrator/internal/transport/s3api/multipart.go:141.81,143.3 1 0
github.com/afreidah/s3-orchestrator/internal/transport/s3api/multipart.go:145.2,146.16 2 12
github.com/afreidah/s3-orchestrator/internal/transport/s3api/multipart.go:146.16,148.3 1 0
github.com/afreidah/s3-orchestrator/internal/transport/s3api/multipart.go:150.2,152.27 3 12
github.com/afreidah/s3-orchestrator/internal/transport/s3api/multipart.go:156.142,162.83 3 3
github.com/afreidah/s3-orchestrator/internal/transport/s3api/multipart.go:162.83,165.3 2 0
github.com/afreidah/s3-orchestrator/internal/transport/s3api/multipart.go:167.2,168.30 2 3
github.com/afreidah/s3-orchestrator/internal/transport/s3api/multipart.go:168.30,170.3 1 9
github.com/afreidah/s3-orchestrator/internal/transport/s3api/multipart.go:172.2,172.89 1 3
github.com/afreidah/s3-orchestrator/internal/transport/s3api/multipart.go:172.89,174.3 1 0
github.com/afreidah/s3-orchestrator/internal/transport/s3api/multipart.go:176.2,177.16 2 3
github.com/afreidah/s3-orchestrator/internal/transport/s3api/multipart.go:177.16,179.3 1 0
github.com/afreidah/s3-orchestrator/internal/transport/s3api/multipart.go:181.2,188.59 2 3
github.com/afreidah/s3-orchestrator/internal/transport/s3api/multipart.go:188.59,190.3 1 0
github.com/afreidah/s3-orchestrator/internal/transport/s3api/multipart.go:191.2,191.27 1 3
github.com/afreidah/s3-orchestrator/internal/transport/s3api/multipart.go:198.135,199.26 1 3
github.com/afreidah/s3-orchestrator/internal/transport/s3api/multipart.go:199.26,201.3 1 3
github.com/afreidah/s3-orchestrator/internal/transport/s3api/multipart.go:202.2,203.16 2 0
github.com/afreidah/s3-orchestrator/internal/transport/s3api/multipart.go:203.16,205.3 1 0
github.com/afreidah/s3-orchestrator/internal/transport/s3api/multipart.go:206.2,207.33 2 0
github.com/afreidah/s3-orchestrator/internal/transport/s3api/multipart.go:207.33,209.3 1 0
github.com/afreidah/s3-orchestrator/internal/transport/s3api/multipart.go:210.2,211.26 2 0
github.com/afreidah/s3-orchestrator/internal/transport/s3api/multipart.go:211.26,212.30 1 0
github.com/afreidah/s3-orchestrator/internal/transport/s3api/multipart.go:212.30,214.4 1 0
github.com/afreidah/s3-orchestrator/internal/transport/s3api/multipart.go:216.2,216.33 1 0
github.com/afreidah/s3-orchestrator/internal/transport/s3api/multipart.go:216.33,219.3 2 0
github.com/afreidah/s3-orchestrator/internal/transport/s3api/multipart.go:220.2,220.15 1 0
github.com/afreidah/s3-orchestrator/internal/transport/s3api/multipart.go:224.119,226.16 2 3
github.com/afreidah/s3-orchestrator/internal/transport/s3api/multipart.go:226.16,228.3 1 0
github.com/afreidah/s3-orchestrator/internal/transport/s3api/multipart.go:230.2,231.34 2 3
github.com/afreidah/s3-orchestrator/internal/transport/s3api/multipart.go:254.134,261.16 4 1
github.com/afreidah/s3-orchestrator/internal/transport/s3api/multipart.go:261.16,263.3 1 0
github.com/afreidah/s3-orchestrator/internal/transport/s3api/multipart.go:265.2,266.15 2 1
github.com/afreidah/s3-orchestrator/internal/transport/s3api/multipart.go:266.15,268.3 1 0
github.com/afreidah/s3-orchestrator/internal/transport/s3api/multipart.go:270.2,277.25 2 1
github.com/afreidah/s3-orchestrator/internal/transport/s3api/multipart.go:277.25,284.3 2 1
github.com/afreidah/s3-orchestrator/internal/transport/s3api/multipart.go:286.2,286.59 1 1
github.com/afreidah/s3-orchestrator/internal/transport/s3api/multipart.go:286.59,288.3 1 0
github.com/afreidah/s3-orchestrator/internal/transport/s3api/multipart.go:289.2,289.27 1 1
github.com/afreidah/s3-orchestrator/internal/transport/s3api/multipart.go:295.131,299.16 3 3
github.com/afreidah/s3-orchestrator/internal/transport/s3api/multipart.go:299.16,301.3 1 0
github.com/afreidah/s3-orchestrator/internal/transport/s3api/multipart.go:303.2,310.26 2 3
github.com/afreidah/s3-orchestrator/internal/transport/s3api/multipart.go:310.26,317.3 1 4
github.com/afreidah/s3-orchestrator/internal/transport/s3api/multipart.go:319.2,319.59 1 3
github.com/afreidah/s3-orchestrator/internal/transport/s3api/multipart.go:319.59,321.3 1 0
github.com/afreidah/s3-orchestrator/internal/transport/s3api/multipart.go:322.2,322.27 1 3
github.com/afreidah/s3-orchestrator/internal/transport/s3api/objects.go:86.114,87.83 1 245
github.com/afreidah/s3-orchestrator/internal/transport/s3api/objects.go:87.83,89.3 1 0
github.com/afreidah/s3-orchestrator/internal/transport/s3api/objects.go:91.2,92.23 2 245
github.com/afreidah/s3-orchestrator/internal/transport/s3api/objects.go:92.23,94.3 1 1
github.com/afreidah/s3-orchestrator/internal/transport/s3api/objects.go:96.2,97.23 2 245
github.com/afreidah/s3-orchestrator/internal/transport/s3api/objects.go:97.23,98.56 1 1
github.com/afreidah/s3-orchestrator/internal/transport/s3api/objects.go:98.56,101.4 2 0
github.com/afreidah/s3-orchestrator/internal/transport/s3api/objects.go:109.2,109.62 1 245
github.com/afreidah/s3-orchestrator/internal/transport/s3api/objects.go:109.62,113.3 3 0
github.com/afreidah/s3-orchestrator/internal/transport/s3api/objects.go:116.2,123.16 4 245
github.com/afreidah/s3-orchestrator/internal/transport/s3api/objects.go:123.16,125.3 1 5
github.com/afreidah/s3-orchestrator/internal/transport/s3api/objects.go:127.2,127.16 1 240
github.com/afreidah/s3-orchestrator/internal/transport/s3api/objects.go:127.16,129.3 1 240
github.com/afreidah/s3-orchestrator/internal/transport/s3api/objects.go:130.2,131.27 2 240
github.com/afreidah/s3-orchestrator/internal/transport/s3api/objects.go:137.121,141.16 3 88
github.com/afreidah/s3-orchestrator/internal/transport/s3api/objects.go:141.16,143.3 1 8
github.com/afreidah/s3-orchestrator/internal/transport/s3api/objects.go:144.2,144.15 1 80
github.com/afreidah/s3-orchestrator/internal/transport/s3api/objects.go:144.15,144.42 1 80
github.com/afreidah/s3-orchestrator/internal/transport/s3api/objects.go:147.2,154.21 4 80
github.com/afreidah/s3-orchestrator/internal/transport/s3api/objects.go:154.21,156.3 1 78
github.com/afreidah/s3-orchestrator/internal/transport/s3api/objects.go:157.2,157.23 1 80
github.com/afreidah/s3-orchestrator/internal/transport/s3api/objects.go:157.23,159.3 1 80
github.com/afreidah/s3-orchestrator/internal/transport/s3api/objects.go:160.2,160.35 1 80
github.com/afreidah/s3-orchestrator/internal/transport/s3api/objects.go:160.35,162.3 1 74
github.com/afreidah/s3-orchestrator/internal/transport/s3api/objects.go:163.2,164.36 2 80
github.com/afreidah/s3-orchestrator/internal/transport/s3api/objects.go:164.36,166.3 1 2
github.com/afreidah/s3-orchestrator/internal/transport/s3api/objects.go:169.2,169.23 1 80
github.com/afreidah/s3-orchestrator/internal/transport/s3api/objects.go:169.23,170.83 1 79
github.com/afreidah/s3-orchestrator/internal/transport/s3api/objects.go:170.83,173.4 2 2
github.com/afreidah/s3-orchestrator/internal/transport/s3api/objects.go:176.2,177.31 2 78
github.com/afreidah/s3-orchestrator/internal/transport/s3api/objects.go:177.31,180.3 2 1
github.com/afreidah/s3-orchestrator/internal/transport/s3api/objects.go:181.2,184.20 3 78
github.com/afreidah/s3-orchestrator/internal/transport/s3api/objects.go:184.20,186.3 1 0
github.com/afreidah/s3-orchestrator/internal/transport/s3api/objects.go:188.2,188.29 1 78
github.com/afreidah/s3-orchestrator/internal/transport/s3api/objects.go:192.115,194.16 2 51
github.com/afreidah/s3-orchestrator/internal/transport/s3api/objects.go:194.16,196.3 1 40
github.com/afreidah/s3-orchestrator/internal/transport/s3api/objects.go:199.2,207.23 5 11
github.com/afreidah/s3-orchestrator/internal/transport/s3api/objects.go:207.23,209.3 1 11
github.com/afreidah/s3-orchestrator/internal/transport/s3api/objects.go:210.2,210.35 1 11
github.com/afreidah/s3-orchestrator/internal/transport/s3api/objects.go:210.35,212.3 1 11
github.com/afreidah/s3-orchestrator/internal/transport/s3api/objects.go:213.2,214.36 2 11
github.com/afreidah/s3-orchestrator/internal/transport/s3api/objects.go:214.36,216.3 1 2
github.com/afreidah/s3-orchestrator/internal/transport/s3api/objects.go:219.2,219.82 1 11
github.com/afreidah/s3-orchestrator/internal/transport/s3api/objects.go:219.82,222.3 2 0
github.com/afreidah/s3-orchestrator/internal/transport/s3api/objects.go:224.2,225.27 2 11
github.com/afreidah/s3-orchestrator/internal/transport/s3api/objects.go:230.117,231.71 1 38
github.com/afreidah/s3-orchestrator/internal/transport/s3api/objects.go:231.71,233.3 1 3
github.com/afreidah/s3-orchestrator/internal/transport/s3api/objects.go:235.2,236.34 2 35
github.com/afreidah/s3-orchestrator/internal/transport/s3api/objects.go:243.153,246.16 2 1
github.com/afreidah/s3-orchestrator/internal/transport/s3api/objects.go:246.16,249.3 2 0
github.com/afreidah/s3-orchestrator/internal/transport/s3api/objects.go:250.2,252.28 3 1
github.com/afreidah/s3-orchestrator/internal/transport/s3api/objects.go:252.28,255.3 2 0
github.com/afreidah/s3-orchestrator/internal/transport/s3api/objects.go:258.2,258.28 1 1
github.com/afreidah/s3-orchestrator/internal/transport/s3api/objects.go:258.28,261.3 2 0
github.com/afreidah/s3-orchestrator/internal/transport/s3api/objects.go:264.2,267.16 3 1
github.com/afreidah/s3-orchestrator/internal/transport/s3api/objects.go:267.16,269.3 1 0
github.com/afreidah/s3-orchestrator/internal/transport/s3api/objects.go:271.2,277.59 2 1
github.com/afreidah/s3-orchestrator/internal/transport/s3api/objects.go:277.59,279.3 1 0
github.com/afreidah/s3-orchestrator/internal/transport/s3api/objects.go:280.2,280.27 1 1
github.com/afreidah/s3-orchestrator/internal/transport/s3api/objects.go:286.127,289.83 2 1
github.com/afreidah/s3-orchestrator/internal/transport/s3api/objects.go:289.83,292.3 2 0
github.com/afreidah/s3-orchestrator/internal/transport/s3api/objects.go:294.2,294.27 1 1
github.com/afreidah/s3-orchestrator/internal/transport/s3api/objects.go:294.27,297.3 2 0
github.com/afreidah/s3-orchestrator/internal/transport/s3api/objects.go:298.2,298.29 1 1
github.com/afreidah/s3-orchestrator/internal/transport/s3api/objects.go:298.29,302.3 2 0
github.com/afreidah/s3-orchestrator/internal/transport/s3api/objects.go:305.2,306.34 2 1
github.com/afreidah/s3-orchestrator/internal/transport/s3api/objects.go:306.34,308.3 1 3
github.com/afreidah/s3-orchestrator/internal/transport/s3api/objects.go:310.2,316.30 3 1
github.com/afreidah/s3-orchestrator/internal/transport/s3api/objects.go:316.30,318.21 2 3
github.com/afreidah/s3-orchestrator/internal/transport/s3api/objects.go:318.21,325.4 2 0
github.com/afreidah/s3-orchestrator/internal/transport/s3api/objects.go:325.9,325.24 1 3
github.com/afreidah/s3-orchestrator/internal/transport/s3api/objects.go:325.24,327.4 1 3
github.com/afreidah/s3-orchestrator/internal/transport/s3api/objects.go:330.2,330.57 1 1
github.com/afreidah/s3-orchestrator/internal/transport/s3api/objects.go:330.57,332.3 1 0
github.com/afreidah/s3-orchestrator/internal/transport/s3api/objects.go:333.2,333.27 1 1
github.com/afreidah/s3-orchestrator/internal/transport/s3api/objects.go:340.61,341.56 1 0
github.com/afreidah/s3-orchestrator/internal/transport/s3api/objects.go:341.56,343.3 1 0
github.com/afreidah/s3-orchestrator/internal/transport/s3api/objects.go:344.2,344.51 1 0
github.com/afreidah/s3-orchestrator/internal/transport/s3api/objects.go:355.90,356.72 1 90
github.com/afreidah/s3-orchestrator/internal/transport/s3api/objects.go:356.72,358.3 1 1
github.com/afreidah/s3-orchestrator/internal/transport/s3api/objects.go:359.2,359.67 1 89
github.com/afreidah/s3-orchestrator/internal/transport/s3api/objects.go:359.67,361.3 1 0
github.com/afreidah/s3-orchestrator/internal/transport/s3api/objects.go:362.2,363.55 2 89
github.com/afreidah/s3-orchestrator/internal/transport/s3api/objects.go:363.55,365.3 1 1
github.com/afreidah/s3-orchestrator/internal/transport/s3api/objects.go:366.2,366.102 1 88
github.com/afreidah/s3-orchestrator/internal/transport/s3api/objects.go:366.102,368.3 1 0
github.com/afreidah/s3-orchestrator/internal/transport/s3api/objects.go:369.2,369.17 1 88
github.com/afreidah/s3-orchestrator/internal/transport/s3api/objects.go:376.48,377.28 1 90
github.com/afreidah/s3-orchestrator/internal/transport/s3api/objects.go:377.28,379.3 1 89
github.com/afreidah/s3-orchestrator/internal/transport/s3api/objects.go:380.2,380.29 1 1
github.com/afreidah/s3-orchestrator/internal/transport/s3api/objects.go:380.29,382.3 1 1
github.com/afreidah/s3-orchestrator/internal/transport/s3api/objects.go:383.2,383.17 1 0
github.com/afreidah/s3-orchestrator/internal/transport/s3api/objects.go:390.82,392.49 2 89
github.com/afreidah/s3-orchestrator/internal/transport/s3api/objects.go:392.49,394.3 1 89
github.com/afreidah/s3-orchestrator/internal/transport/s3api/objects.go:395.2,396.16 2 0
github.com/afreidah/s3-orchestrator/internal/transport/s3api/objects.go:396.16,398.3 1 0
github.com/afreidah/s3-orchestrator/internal/transport/s3api/objects.go:399.2,399.53 1 0
github.com/afreidah/s3-orchestrator/internal/transport/s3api/objects.go:399.53,401.3 1 0
github.com/afreidah/s3-orchestrator/internal/transport/s3api/objects.go:402.2,402.17 1 0
github.com/afreidah/s3-orchestrator/internal/transport/s3api/objects.go:408.53,409.29 1 89
github.com/afreidah/s3-orchestrator/internal/transport/s3api/objects.go:409.29,411.3 1 88
github.com/afreidah/s3-orchestrator/internal/transport/s3api/objects.go:412.2,412.31 1 1
github.com/afreidah/s3-orchestrator/internal/transport/s3api/objects.go:412.31,414.3 1 1
github.com/afreidah/s3-orchestrator/internal/transport/s3api/objects.go:415.2,415.17 1 0
github.com/afreidah/s3-orchestrator/internal/transport/s3api/objects.go:421.80,422.28 1 88
github.com/afreidah/s3-orchestrator/internal/transport/s3api/objects.go:422.28,424.3 1 88
github.com/afreidah/s3-orchestrator/internal/transport/s3api/objects.go:425.2,426.16 2 0
github.com/afreidah/s3-orchestrator/internal/transport/s3api/objects.go:426.16,428.3 1 0
github.com/afreidah/s3-orchestrator/internal/transport/s3api/objects.go:429.2,429.54 1 0
github.com/afreidah/s3-orchestrator/internal/transport/s3api/objects.go:429.54,431.3 1 0
github.com/afreidah/s3-orchestrator/internal/transport/s3api/objects.go:432.2,432.17 1 0
github.com/afreidah/s3-orchestrator/internal/transport/s3api/ratelimit.go:66.62,68.26 2 0
github.com/afreidah/s3-orchestrator/internal/transport/s3api/ratelimit.go:68.26,70.3 1 0
github.com/afreidah/s3-orchestrator/internal/transport/s3api/ratelimit.go:71.2,72.24 2 0
github.com/afreidah/s3-orchestrator/internal/transport/s3api/ratelimit.go:72.24,74.3 1 0
github.com/afreidah/s3-orchestrator/internal/transport/s3api/ratelimit.go:76.2,86.12 2 0
github.com/afreidah/s3-orchestrator/internal/transport/s3api/ratelimit.go:86.12,89.7 3 0
github.com/afreidah/s3-orchestrator/internal/transport/s3api/ratelimit.go:89.7,90.11 1 0
github.com/afreidah/s3-orchestrator/internal/transport/s3api/ratelimit.go:91.20,92.33 1 0
github.com/afreidah/s3-orchestrator/internal/transport/s3api/ratelimit.go:93.19,94.11 1 0
github.com/afreidah/s3-orchestrator/internal/transport/s3api/ratelimit.go:99.2,99.11 1 0
github.com/afreidah/s3-orchestrator/internal/transport/s3api/ratelimit.go:103.32,104.25 1 0
github.com/afreidah/s3-orchestrator/internal/transport/s3api/ratelimit.go:104.25,106.3 1 0
github.com/afreidah/s3-orchestrator/internal/transport/s3api/ratelimit.go:111.72,117.2 5 0
github.com/afreidah/s3-orchestrator/internal/transport/s3api/ratelimit.go:124.46,127.9 3 0
github.com/afreidah/s3-orchestrator/internal/transport/s3api/ratelimit.go:127.9,132.3 2 0
github.com/afreidah/s3-orchestrator/internal/transport/s3api/ratelimit.go:133.2,136.26 3 0
github.com/afreidah/s3-orchestrator/internal/transport/s3api/ratelimit.go:140.54,144.33 4 0
github.com/afreidah/s3-orchestrator/internal/transport/s3api/ratelimit.go:144.33,145.32 1 0
github.com/afreidah/s3-orchestrator/internal/transport/s3api/ratelimit.go:145.32,147.4 1 0
github.com/afreidah/s3-orchestrator/internal/transport/s3api/ratelimit.go:156.67,157.71 1 0
github.com/afreidah/s3-orchestrator/internal/transport/s3api/ratelimit.go:157.71,159.20 2 0
github.com/afreidah/s3-orchestrator/internal/transport/s3api/ratelimit.go:159.20,169.4 5 0
github.com/afreidah/s3-orchestrator/internal/transport/s3api/ratelimit.go:170.3,170.23 1 0
github.com/afreidah/s3-orchestrator/internal/transport/s3api/ratelimit.go:175.58,177.2 1 0
github.com/afreidah/s3-orchestrator/internal/transport/s3api/ratelimit.go:180.75,182.2 1 0
github.com/afreidah/s3-orchestrator/internal/transport/s3api/ratelimit.go:185.55,187.2 1 0
github.com/afreidah/s3-orchestrator/internal/transport/s3api/server.go:60.76,66.2 1 0
github.com/afreidah/s3-orchestrator/internal/transport/s3api/server.go:70.57,72.2 1 31
github.com/afreidah/s3-orchestrator/internal/transport/s3api/server.go:75.55,77.2 1 476
github.com/afreidah/s3-orchestrator/internal/transport/s3api/server.go:80.68,85.34 4 470
github.com/afreidah/s3-orchestrator/internal/transport/s3api/server.go:85.34,87.3 1 470
github.com/afreidah/s3-orchestrator/internal/transport/s3api/server.go:88.2,95.16 6 470
github.com/afreidah/s3-orchestrator/internal/transport/s3api/server.go:95.16,98.3 2 4
github.com/afreidah/s3-orchestrator/internal/transport/s3api/server.go:100.2,100.51 1 466
github.com/afreidah/s3-orchestrator/internal/transport/s3api/server.go:100.51,103.3 2 1
github.com/afreidah/s3-orchestrator/internal/transport/s3api/server.go:105.2,106.9 2 465
github.com/afreidah/s3-orchestrator/internal/transport/s3api/server.go:106.9,109.3 2 0
github.com/afreidah/s3-orchestrator/internal/transport/s3api/server.go:110.2,110.32 1 465
github.com/afreidah/s3-orchestrator/internal/transport/s3api/server.go:110.32,113.3 2 0
github.com/afreidah/s3-orchestrator/internal/transport/s3api/server.go:115.2,118.20 3 465
github.com/afreidah/s3-orchestrator/internal/transport/s3api/server.go:118.20,120.3 1 0
github.com/afreidah/s3-orchestrator/internal/transport/s3api/server.go:121.2,127.35 3 465
github.com/afreidah/s3-orchestrator/internal/transport/s3api/server.go:127.35,139.3 4 0
github.com/afreidah/s3-orchestrator/internal/transport/s3api/server.go:141.2,146.15 5 465
github.com/afreidah/s3-orchestrator/internal/transport/s3api/server.go:146.15,148.3 1 15
github.com/afreidah/s3-orchestrator/internal/transport/s3api/server.go:148.8,150.3 1 450
github.com/afreidah/s3-orchestrator/internal/transport/s3api/server.go:151.2,151.16 1 465
github.com/afreidah/s3-orchestrator/internal/transport/s3api/server.go:151.16,152.16 1 0
github.com/afreidah/s3-orchestrator/internal/transport/s3api/server.go:152.16,154.4 1 0
github.com/afreidah/s3-orchestrator/internal/transport/s3api/server.go:154.9,156.4 1 0
github.com/afreidah/s3-orchestrator/internal/transport/s3api/server.go:157.3,157.9 1 0
github.com/afreidah/s3-orchestrator/internal/transport/s3api/server.go:160.2,162.16 2 465
github.com/afreidah/s3-orchestrator/internal/transport/s3api/server.go:162.16,171.3 3 59
github.com/afreidah/s3-orchestrator/internal/transport/s3api/server.go:172.2,184.4 2 465
github.com/afreidah/s3-orchestrator/internal/transport/s3api/server.go:189.133,205.2 4 4
github.com/afreidah/s3-orchestrator/internal/transport/s3api/server.go:209.164,218.16 5 1
github.com/afreidah/s3-orchestrator/internal/transport/s3api/server.go:218.16,221.3 2 0
github.com/afreidah/s3-orchestrator/internal/transport/s3api/server.go:222.2,230.3 2 1
github.com/afreidah/s3-orchestrator/internal/transport/s3api/server.go:235.129,245.2 3 0
github.com/afreidah/s3-orchestrator/internal/transport/s3api/server.go:249.165,262.2 4 0
github.com/afreidah/s3-orchestrator/internal/transport/s3api/server.go:267.148,274.9 6 15
github.com/afreidah/s3-orchestrator/internal/transport/s3api/server.go:275.33,277.34 2 1
github.com/afreidah/s3-orchestrator/internal/transport/s3api/server.go:278.49,280.44 2 0
github.com/afreidah/s3-orchestrator/internal/transport/s3api/server.go:281.46,283.45 2 1
github.com/afreidah/s3-orchestrator/internal/transport/s3api/server.go:284.47,286.42 2 1
github.com/afreidah/s3-orchestrator/internal/transport/s3api/server.go:287.65,289.38 2 9
github.com/afreidah/s3-orchestrator/internal/transport/s3api/server.go:290.32,292.38 2 2
github.com/afreidah/s3-orchestrator/internal/transport/s3api/server.go:293.46,295.38 2 1
github.com/afreidah/s3-orchestrator/internal/transport/s3api/server.go:297.2,297.26 1 0
github.com/afreidah/s3-orchestrator/internal/transport/s3api/server.go:314.180,320.9 5 450
github.com/afreidah/s3-orchestrator/internal/transport/s3api/server.go:321.47,323.52 2 6
github.com/afreidah/s3-orchestrator/internal/transport/s3api/server.go:324.22,325.48 1 21
github.com/afreidah/s3-orchestrator/internal/transport/s3api/server.go:326.10,327.75 1 423
github.com/afreidah/s3-orchestrator/internal/transport/s3api/server.go:332.162,333.19 1 21
github.com/afreidah/s3-orchestrator/internal/transport/s3api/server.go:334.22,336.55 2 12
github.com/afreidah/s3-orchestrator/internal/transport/s3api/server.go:337.23,339.54 2 3
github.com/afreidah/s3-orchestrator/internal/transport/s3api/server.go:340.25,342.51 2 3
github.com/afreidah/s3-orchestrator/internal/transport/s3api/server.go:343.22,345.40 2 3
github.com/afreidah/s3-orchestrator/internal/transport/s3api/server.go:347.2,347.32 1 0
github.com/afreidah/s3-orchestrator/internal/transport/s3api/server.go:353.180,354.16 1 423
github.com/afreidah/s3-orchestrator/internal/transport/s3api/server.go:355.22,356.72 1 246
github.com/afreidah/s3-orchestrator/internal/transport/s3api/server.go:356.72,359.4 2 1
github.com/afreidah/s3-orchestrator/internal/transport/s3api/server.go:360.3,361.54 2 245
github.com/afreidah/s3-orchestrator/internal/transport/s3api/server.go:362.22,364.41 2 88
github.com/afreidah/s3-orchestrator/internal/transport/s3api/server.go:365.23,367.41 2 51
github.com/afreidah/s3-orchestrator/internal/transport/s3api/server.go:368.25,370.43 2 38
github.com/afreidah/s3-orchestrator/internal/transport/s3api/server.go:372.2,372.32 1 0
github.com/afreidah/s3-orchestrator/internal/transport/s3api/server.go:393.84,403.17 2 465
github.com/afreidah/s3-orchestrator/internal/transport/s3api/server.go:403.17,405.3 1 450
github.com/afreidah/s3-orchestrator/internal/transport/s3api/server.go:406.2,406.23 1 465
github.com/afreidah/s3-orchestrator/internal/transport/s3api/server.go:406.23,408.3 1 255
github.com/afreidah/s3-orchestrator/internal/transport/s3api/server.go:409.2,409.24 1 465
github.com/afreidah/s3-orchestrator/internal/transport/s3api/server.go:409.24,411.3 1 76
github.com/afreidah/s3-orchestrator/internal/transport/s3api/server.go:412.2,412.18 1 465
github.com/afreidah/s3-orchestrator/internal/transport/s3api/server.go:412.18,414.3 1 59
github.com/afreidah/s3-orchestrator/internal/transport/s3api/server.go:415.2,415.45 1 465
github.com/afreidah/s3-orchestrator/internal/transport/s3api/server.go:424.39,425.30 1 470
github.com/afreidah/s3-orchestrator/internal/transport/s3api/server.go:425.30,427.3 1 470
github.com/afreidah/s3-orchestrator/internal/transport/s3api/server.go:428.2,428.23 1 0
github.com/afreidah/s3-orchestrator/internal/transport/s3api/server.go:428.23,429.75 1 0
github.com/afreidah/s3-orchestrator/internal/transport/s3api/server.go:429.75,431.4 1 0
github.com/afreidah/s3-orchestrator/internal/transport/s3api/server.go:433.2,433.13 1 0
github.com/afreidah/s3-orchestrator/internal/transport/s3api/server.go:446.101,448.9 2 470
github.com/afreidah/s3-orchestrator/internal/transport/s3api/server.go:448.9,450.3 1 1
github.com/afreidah/s3-orchestrator/internal/transport/s3api/server.go:451.2,454.17 3 470
github.com/afreidah/s3-orchestrator/internal/transport/s3api/server.go:454.17,456.3 1 255
github.com/afreidah/s3-orchestrator/internal/transport/s3api/server.go:457.2,457.18 1 470
github.com/afreidah/s3-orchestrator/internal/transport/s3api/server.go:457.18,459.3 1 76
github.com/afreidah/s3-orchestrator/internal/util/bufpool/bufpool.go:35.18,38.3 2 114
github.com/afreidah/s3-orchestrator/internal/util/bufpool/bufpool.go:45.18,47.3 1 3
github.com/afreidah/s3-orchestrator/internal/util/bufpool/bufpool.go:51.20,51.51 1 334
github.com/afreidah/s3-orchestrator/internal/util/bufpool/bufpool.go:54.21,54.36 1 334
github.com/afreidah/s3-orchestrator/internal/util/bufpool/bufpool.go:58.56,62.2 3 334
github.com/afreidah/s3-orchestrator/internal/util/bufpool/bufpool.go:67.43,71.2 3 4
github.com/afreidah/s3-orchestrator/internal/util/bufpool/bufpool.go:75.34,78.2 2 4
github.com/afreidah/s3-orchestrator/internal/util/syncutil/atomic.go:28.41,30.2 1 31
github.com/afreidah/s3-orchestrator/internal/util/syncutil/atomic.go:33.37,35.2 1 796
github.com/afreidah/s3-orchestrator/internal/util/syncutil/ttlcache.go:37.74,43.13 2 54
github.com/afreidah/s3-orchestrator/internal/util/syncutil/ttlcache.go:43.13,45.3 1 54
github.com/afreidah/s3-orchestrator/internal/util/syncutil/ttlcache.go:46.2,46.10 1 54
github.com/afreidah/s3-orchestrator/internal/util/syncutil/ttlcache.go:55.47,59.43 4 29
github.com/afreidah/s3-orchestrator/internal/util/syncutil/ttlcache.go:59.43,62.3 2 28
github.com/afreidah/s3-orchestrator/internal/util/syncutil/ttlcache.go:63.2,63.26 1 1
github.com/afreidah/s3-orchestrator/internal/util/syncutil/ttlcache.go:67.46,74.2 3 0
github.com/afreidah/s3-orchestrator/internal/util/syncutil/ttlcache.go:78.72,85.2 3 1
github.com/afreidah/s3-orchestrator/internal/util/syncutil/ttlcache.go:88.40,92.2 3 264
github.com/afreidah/s3-orchestrator/internal/util/syncutil/ttlcache.go:95.34,99.2 3 125
github.com/afreidah/s3-orchestrator/internal/util/syncutil/ttlcache.go:103.36,107.2 3 0
github.com/afreidah/s3-orchestrator/internal/util/syncutil/ttlcache.go:110.34,111.24 1 0
github.com/afreidah/s3-orchestrator/internal/util/syncutil/ttlcache.go:111.24,113.3 1 0
github.com/afreidah/s3-orchestrator/internal/util/syncutil/ttlcache.go:121.60,124.6 3 54
github.com/afreidah/s3-orchestrator/internal/util/syncutil/ttlcache.go:124.6,125.10 1 54
github.com/afreidah/s3-orchestrator/internal/util/syncutil/ttlcache.go:126.19,127.13 1 0
github.com/afreidah/s3-orchestrator/internal/util/syncutil/ttlcache.go:128.17,129.10 1 0
github.com/afreidah/s3-orchestrator/internal/util/syncutil/ttlcache.go:135.34,139.36 4 0
github.com/afreidah/s3-orchestrator/internal/util/syncutil/ttlcache.go:139.36,140.30 1 0
github.com/afreidah/s3-orchestrator/internal/util/syncutil/ttlcache.go:140.30,142.4 1 0
github.com/afreidah/s3-orchestrator/internal/util/workerpool/pool.go:26.95,27.22 1 50
github.com/afreidah/s3-orchestrator/internal/util/workerpool/pool.go:27.22,30.3 2 22
github.com/afreidah/s3-orchestrator/internal/util/workerpool/pool.go:31.2,35.29 3 50
github.com/afreidah/s3-orchestrator/internal/util/workerpool/pool.go:35.29,36.10 1 62
github.com/afreidah/s3-orchestrator/internal/util/workerpool/pool.go:37.21,38.18 1 0
github.com/afreidah/s3-orchestrator/internal/util/workerpool/pool.go:39.26,39.26 0 62
github.com/afreidah/s3-orchestrator/internal/util/workerpool/pool.go:41.3,42.17 2 62
github.com/afreidah/s3-orchestrator/internal/util/workerpool/pool.go:42.17,43.17 1 62
github.com/afreidah/s3-orchestrator/internal/util/workerpool/pool.go:43.17,43.37 2 62
github.com/afreidah/s3-orchestrator/internal/util/workerpool/pool.go:44.4,44.15 1 62
github.com/afreidah/s3-orchestrator/internal/util/workerpool/pool.go:48.2,48.11 1 50
github.com/afreidah/s3-orchestrator/internal/util/workerpool/pool.go:54.112,55.22 1 0
github.com/afreidah/s3-orchestrator/internal/util/workerpool/pool.go:55.22,58.3 2 0
github.com/afreidah/s3-orchestrator/internal/util/workerpool/pool.go:59.2,64.29 4 0
github.com/afreidah/s3-orchestrator/internal/util/workerpool/pool.go:64.29,65.10 1 0
github.com/afreidah/s3-orchestrator/internal/util/workerpool/pool.go:66.21,67.18 1 0
github.com/afreidah/s3-orchestrator/internal/util/workerpool/pool.go:68.26,68.26 0 0
github.com/afreidah/s3-orchestrator/internal/util/workerpool/pool.go:70.3,71.26 2 0
github.com/afreidah/s3-orchestrator/internal/util/workerpool/pool.go:71.26,72.17 1 0
github.com/afreidah/s3-orchestrator/internal/util/workerpool/pool.go:72.17,72.37 2 0
github.com/afreidah/s3-orchestrator/internal/util/workerpool/pool.go:73.4,73.30 1 0
github.com/afreidah/s3-orchestrator/internal/util/workerpool/pool.go:77.2,78.16 2 0
github.com/afreidah/s3-orchestrator/internal/worker/cleanup.go:35.98,37.2 1 27
github.com/afreidah/s3-orchestrator/internal/worker/cleanup.go:50.51,52.36 2 0
github.com/afreidah/s3-orchestrator/internal/worker/cleanup.go:52.36,54.3 1 0
github.com/afreidah/s3-orchestrator/internal/worker/cleanup.go:55.2,55.47 1 0
github.com/afreidah/s3-orchestrator/internal/worker/cleanup.go:60.90,67.16 4 5
github.com/afreidah/s3-orchestrator/internal/worker/cleanup.go:67.16,70.3 2 0
github.com/afreidah/s3-orchestrator/internal/worker/cleanup.go:72.2,74.93 2 5
github.com/afreidah/s3-orchestrator/internal/worker/cleanup.go:74.93,75.36 1 2
github.com/afreidah/s3-orchestrator/internal/worker/cleanup.go:75.36,78.4 2 0
github.com/afreidah/s3-orchestrator/internal/worker/cleanup.go:79.3,80.65 2 2
github.com/afreidah/s3-orchestrator/internal/worker/cleanup.go:83.2,84.60 2 5
github.com/afreidah/s3-orchestrator/internal/worker/cleanup.go:94.3,96.16 2 2
github.com/afreidah/s3-orchestrator/internal/worker/cleanup.go:96.16,99.3 2 0
github.com/afreidah/s3-orchestrator/internal/worker/cleanup.go:101.2,104.19 3 2
github.com/afreidah/s3-orchestrator/internal/worker/cleanup.go:104.19,107.3 2 2
github.com/afreidah/s3-orchestrator/internal/worker/cleanup.go:109.2,110.39 2 0
github.com/afreidah/s3-orchestrator/internal/worker/cleanup.go:110.39,113.3 2 0
github.com/afreidah/s3-orchestrator/internal/worker/cleanup.go:114.2,114.56 1 0
github.com/afreidah/s3-orchestrator/internal/worker/cleanup.go:120.126,123.66 2 0
github.com/afreidah/s3-orchestrator/internal/worker/cleanup.go:123.66,125.3 1 0
github.com/afreidah/s3-orchestrator/internal/worker/cleanup.go:126.2,127.23 2 0
github.com/afreidah/s3-orchestrator/internal/worker/cleanup.go:133.122,134.66 1 2
github.com/afreidah/s3-orchestrator/internal/worker/cleanup.go:134.66,136.3 1 0
github.com/afreidah/s3-orchestrator/internal/worker/cleanup.go:137.2,137.24 1 2
github.com/afreidah/s3-orchestrator/internal/worker/cleanup.go:137.24,138.93 1 1
github.com/afreidah/s3-orchestrator/internal/worker/cleanup.go:138.93,143.4 1 0
github.com/afreidah/s3-orchestrator/internal/worker/cleanup.go:145.2,152.3 3 2
github.com/afreidah/s3-orchestrator/internal/worker/cleanup.go:164.3,172.18 3 0
github.com/afreidah/s3-orchestrator/internal/worker/cleanup.go:172.18,178.3 4 0
github.com/afreidah/s3-orchestrator/internal/worker/cleanup.go:179.2,179.11 1 0
github.com/afreidah/s3-orchestrator/internal/worker/cleanup.go:179.11,189.24 3 0
github.com/afreidah/s3-orchestrator/internal/worker/cleanup.go:189.24,202.4 1 0
github.com/afreidah/s3-orchestrator/internal/worker/cleanup.go:204.2,205.20 2 0
github.com/afreidah/s3-orchestrator/internal/worker/cleanup.go:210.131,213.88 3 0
github.com/afreidah/s3-orchestrator/internal/worker/cleanup.go:213.88,215.3 1 0
github.com/afreidah/s3-orchestrator/internal/worker/cleanup.go:216.2,216.20 1 0
github.com/afreidah/s3-orchestrator/internal/worker/cleanup.go:222.66,223.62 1 5
github.com/afreidah/s3-orchestrator/internal/worker/cleanup.go:223.62,225.3 1 5
github.com/afreidah/s3-orchestrator/internal/worker/cleanup.go:226.2,226.63 1 5
github.com/afreidah/s3-orchestrator/internal/worker/cleanup.go:226.63,228.3 1 5
github.com/afreidah/s3-orchestrator/internal/worker/multipart_dek_backfill.go:106.194,108.19 2 0
github.com/afreidah/s3-orchestrator/internal/worker/multipart_dek_backfill.go:108.19,110.3 1 0
github.com/afreidah/s3-orchestrator/internal/worker/multipart_dek_backfill.go:111.2,112.22 2 0
github.com/afreidah/s3-orchestrator/internal/worker/multipart_dek_backfill.go:112.22,114.3 1 0
github.com/afreidah/s3-orchestrator/internal/worker/multipart_dek_backfill.go:115.2,121.3 1 0
github.com/afreidah/s3-orchestrator/internal/worker/multipart_dek_backfill.go:128.80,129.24 1 0
github.com/afreidah/s3-orchestrator/internal/worker/multipart_dek_backfill.go:129.24,134.3 1 0
github.com/afreidah/s3-orchestrator/internal/worker/multipart_dek_backfill.go:135.2,135.6 1 0
github.com/afreidah/s3-orchestrator/internal/worker/multipart_dek_backfill.go:135.6,136.23 1 0
github.com/afreidah/s3-orchestrator/internal/worker/multipart_dek_backfill.go:136.23,138.4 1 0
github.com/afreidah/s3-orchestrator/internal/worker/multipart_dek_backfill.go:139.3,140.21 2 0
github.com/afreidah/s3-orchestrator/internal/worker/multipart_dek_backfill.go:140.21,142.4 1 0
github.com/afreidah/s3-orchestrator/internal/worker/multipart_dek_backfill.go:143.3,143.23 1 0
github.com/afreidah/s3-orchestrator/internal/worker/multipart_dek_backfill.go:143.23,145.4 1 0
github.com/afreidah/s3-orchestrator/internal/worker/multipart_dek_backfill.go:147.3,151.25 3 0
github.com/afreidah/s3-orchestrator/internal/worker/multipart_dek_backfill.go:151.25,153.4 1 0
github.com/afreidah/s3-orchestrator/internal/worker/multipart_dek_backfill.go:154.3,154.82 1 0
github.com/afreidah/s3-orchestrator/internal/worker/multipart_dek_backfill.go:154.82,156.62 2 0
github.com/afreidah/s3-orchestrator/internal/worker/multipart_dek_backfill.go:156.62,161.5 3 0
github.com/afreidah/s3-orchestrator/internal/worker/multipart_dek_backfill.go:162.4,163.72 2 0
github.com/afreidah/s3-orchestrator/internal/worker/multipart_dek_backfill.go:165.3,171.16 2 0
github.com/afreidah/s3-orchestrator/internal/worker/multipart_dek_backfill.go:171.16,173.4 1 0
github.com/afreidah/s3-orchestrator/internal/worker/multipart_dek_backfill.go:185.93,186.111 1 0
github.com/afreidah/s3-orchestrator/internal/worker/multipart_dek_backfill.go:186.111,188.3 1 0
github.com/afreidah/s3-orchestrator/internal/worker/multipart_dek_backfill.go:189.2,189.16 1 0
github.com/afreidah/s3-orchestrator/internal/worker/multipart_dek_backfill.go:189.16,191.3 1 0
github.com/afreidah/s3-orchestrator/internal/worker/multipart_dek_backfill.go:192.2,192.15 1 0
github.com/afreidah/s3-orchestrator/internal/worker/multipart_dek_backfill.go:192.15,196.3 1 0
github.com/afreidah/s3-orchestrator/internal/worker/multipart_dek_backfill.go:197.2,197.12 1 0
github.com/afreidah/s3-orchestrator/internal/worker/multipart_dek_backfill.go:203.87,205.16 2 0
github.com/afreidah/s3-orchestrator/internal/worker/multipart_dek_backfill.go:205.16,206.54 1 0
github.com/afreidah/s3-orchestrator/internal/worker/multipart_dek_backfill.go:206.54,208.4 1 0
github.com/afreidah/s3-orchestrator/internal/worker/multipart_dek_backfill.go:209.3,209.51 1 0
github.com/afreidah/s3-orchestrator/internal/worker/multipart_dek_backfill.go:211.2,211.47 1 0
github.com/afreidah/s3-orchestrator/internal/worker/multipart_dek_backfill.go:211.47,214.3 1 0
github.com/afreidah/s3-orchestrator/internal/worker/multipart_dek_backfill.go:215.2,216.16 2 0
github.com/afreidah/s3-orchestrator/internal/worker/multipart_dek_backfill.go:216.16,218.3 1 0
github.com/afreidah/s3-orchestrator/internal/worker/multipart_dek_backfill.go:220.2,221.16 2 0
github.com/afreidah/s3-orchestrator/internal/worker/multipart_dek_backfill.go:221.16,223.3 1 0
github.com/afreidah/s3-orchestrator/internal/worker/multipart_dek_backfill.go:225.2,226.16 2 0
github.com/afreidah/s3-orchestrator/internal/worker/multipart_dek_backfill.go:226.16,228.3 1 0
github.com/afreidah/s3-orchestrator/internal/worker/multipart_dek_backfill.go:230.2,230.23 1 0
github.com/afreidah/s3-orchestrator/internal/worker/multipart_dek_backfill.go:230.23,232.82 2 0
github.com/afreidah/s3-orchestrator/internal/worker/multipart_dek_backfill.go:232.82,234.4 1 0
github.com/afreidah/s3-orchestrator/internal/worker/multipart_dek_backfill.go:241.2,242.88 2 0
github.com/afreidah/s3-orchestrator/internal/worker/multipart_dek_backfill.go:242.88,244.3 1 0
github.com/afreidah/s3-orchestrator/internal/worker/multipart_dek_backfill.go:246.2,251.12 2 0
github.com/afreidah/s3-orchestrator/internal/worker/multipart_dek_backfill.go:270.181,273.16 3 0
github.com/afreidah/s3-orchestrator/internal/worker/multipart_dek_backfill.go:273.16,275.3 1 0
github.com/afreidah/s3-orchestrator/internal/worker/multipart_dek_backfill.go:276.2,279.16 3 0
github.com/afreidah/s3-orchestrator/internal/worker/multipart_dek_backfill.go:279.16,281.3 1 0
github.com/afreidah/s3-orchestrator/internal/worker/multipart_dek_backfill.go:283.2,284.16 2 0
github.com/afreidah/s3-orchestrator/internal/worker/multipart_dek_backfill.go:284.16,286.3 1 0
github.com/afreidah/s3-orchestrator/internal/worker/multipart_dek_backfill.go:287.2,288.16 2 0
github.com/afreidah/s3-orchestrator/internal/worker/multipart_dek_backfill.go:288.16,290.3 1 0
github.com/afreidah/s3-orchestrator/internal/worker/multipart_dek_backfill.go:291.2,291.146 1 0
github.com/afreidah/s3-orchestrator/internal/worker/multipart_dek_backfill.go:291.146,293.3 1 0
github.com/afreidah/s3-orchestrator/internal/worker/multipart_dek_backfill.go:295.2,301.120 2 0
github.com/afreidah/s3-orchestrator/internal/worker/multipart_dek_backfill.go:301.120,303.3 1 0
github.com/afreidah/s3-orchestrator/internal/worker/multipart_dek_backfill.go:304.2,304.12 1 0
github.com/afreidah/s3-orchestrator/internal/worker/multipart_dek_backfill.go:311.127,312.53 1 0
github.com/afreidah/s3-orchestrator/internal/worker/multipart_dek_backfill.go:312.53,319.3 1 0
github.com/afreidah/s3-orchestrator/internal/worker/multipart_dek_backfill.go:320.2,321.16 2 0
github.com/afreidah/s3-orchestrator/internal/worker/multipart_dek_backfill.go:321.16,323.3 1 0
github.com/afreidah/s3-orchestrator/internal/worker/multipart_dek_backfill.go:324.2,325.16 2 0
github.com/afreidah/s3-orchestrator/internal/worker/multipart_dek_backfill.go:325.16,327.3 1 0
github.com/afreidah/s3-orchestrator/internal/worker/multipart_dek_backfill.go:328.2,328.26 1 0
github.com/afreidah/s3-orchestrator/internal/worker/multipart_dek_backfill.go:333.63,335.2 1 0
github.com/afreidah/s3-orchestrator/internal/worker/multipart_dek_backfill.go:340.45,345.2 4 0
github.com/afreidah/s3-orchestrator/internal/worker/multipart_dek_backfill.go:354.71,356.16 2 0
github.com/afreidah/s3-orchestrator/internal/worker/multipart_dek_backfill.go:356.16,358.3 1 0
github.com/afreidah/s3-orchestrator/internal/worker/multipart_dek_backfill.go:359.2,359.18 1 0
github.com/afreidah/s3-orchestrator/internal/worker/multipart_dek_backfill.go:359.18,362.3 1 0
github.com/afreidah/s3-orchestrator/internal/worker/multipart_dek_backfill.go:363.2,363.22 1 0
github.com/afreidah/s3-orchestrator/internal/worker/multipart_dek_backfill.go:370.86,373.6 3 0
github.com/afreidah/s3-orchestrator/internal/worker/multipart_dek_backfill.go:373.6,374.10 1 0
github.com/afreidah/s3-orchestrator/internal/worker/multipart_dek_backfill.go:375.21,376.10 1 0
github.com/afreidah/s3-orchestrator/internal/worker/multipart_dek_backfill.go:377.19,378.40 1 0
github.com/afreidah/s3-orchestrator/internal/worker/multipart_dek_backfill.go:378.40,381.5 1 0
github.com/afreidah/s3-orchestrator/internal/worker/overreplication.go:52.93,54.2 1 27
github.com/afreidah/s3-orchestrator/internal/worker/overreplication.go:57.75,59.2 1 0
github.com/afreidah/s3-orchestrator/internal/worker/overreplication.go:62.69,64.2 1 0
github.com/afreidah/s3-orchestrator/internal/worker/overreplication.go:72.104,78.42 2 6
github.com/afreidah/s3-orchestrator/internal/worker/overreplication.go:78.42,80.4 1 6
github.com/afreidah/s3-orchestrator/internal/worker/overreplication.go:84.104,86.21 2 6
github.com/afreidah/s3-orchestrator/internal/worker/overreplication.go:86.21,88.3 1 0
github.com/afreidah/s3-orchestrator/internal/worker/overreplication.go:90.2,97.16 3 6
github.com/afreidah/s3-orchestrator/internal/worker/overreplication.go:97.16,100.3 2 0
github.com/afreidah/s3-orchestrator/internal/worker/overreplication.go:102.2,102.25 1 6
github.com/afreidah/s3-orchestrator/internal/worker/overreplication.go:102.25,107.3 4 1
github.com/afreidah/s3-orchestrator/internal/worker/overreplication.go:110.2,111.17 2 5
github.com/afreidah/s3-orchestrator/internal/worker/overreplication.go:111.17,114.3 1 0
github.com/afreidah/s3-orchestrator/internal/worker/overreplication.go:117.2,125.35 4 5
github.com/afreidah/s3-orchestrator/internal/worker/overreplication.go:125.35,127.17 2 7
github.com/afreidah/s3-orchestrator/internal/worker/overreplication.go:127.17,129.4 1 7
github.com/afreidah/s3-orchestrator/internal/worker/overreplication.go:133.2,135.90 3 5
github.com/afreidah/s3-orchestrator/internal/worker/overreplication.go:135.90,137.35 2 7
github.com/afreidah/s3-orchestrator/internal/worker/overreplication.go:137.35,140.4 2 0
github.com/afreidah/s3-orchestrator/internal/worker/overreplication.go:141.3,143.24 3 7
github.com/afreidah/s3-orchestrator/internal/worker/overreplication.go:146.2,157.27 6 5
github.com/afreidah/s3-orchestrator/internal/worker/overreplication.go:161.95,163.2 1 4
github.com/afreidah/s3-orchestrator/internal/worker/overreplication.go:186.111,187.39 1 21
github.com/afreidah/s3-orchestrator/internal/worker/overreplication.go:187.39,189.3 1 1
github.com/afreidah/s3-orchestrator/internal/worker/overreplication.go:191.2,192.9 2 20
github.com/afreidah/s3-orchestrator/internal/worker/overreplication.go:192.9,194.3 1 0
github.com/afreidah/s3-orchestrator/internal/worker/overreplication.go:196.2,196.76 1 20
github.com/afreidah/s3-orchestrator/internal/worker/overreplication.go:196.76,198.3 1 0
github.com/afreidah/s3-orchestrator/internal/worker/overreplication.go:201.2,201.67 1 20
github.com/afreidah/s3-orchestrator/internal/worker/overreplication.go:201.67,204.3 2 20
github.com/afreidah/s3-orchestrator/internal/worker/overreplication.go:205.2,205.12 1 0
github.com/afreidah/s3-orchestrator/internal/worker/overreplication.go:211.158,214.24 2 7
github.com/afreidah/s3-orchestrator/internal/worker/overreplication.go:214.24,216.3 1 21
github.com/afreidah/s3-orchestrator/internal/worker/overreplication.go:219.2,219.41 1 7
github.com/afreidah/s3-orchestrator/internal/worker/overreplication.go:219.41,221.3 1 14
github.com/afreidah/s3-orchestrator/internal/worker/overreplication.go:223.2,224.49 2 7
github.com/afreidah/s3-orchestrator/internal/worker/overreplication.go:224.49,225.23 1 7
github.com/afreidah/s3-orchestrator/internal/worker/overreplication.go:225.23,226.9 1 0
github.com/afreidah/s3-orchestrator/internal/worker/overreplication.go:228.3,233.98 2 7
github.com/afreidah/s3-orchestrator/internal/worker/overreplication.go:233.98,237.12 3 0
github.com/afreidah/s3-orchestrator/internal/worker/overreplication.go:240.3,241.17 2 7
github.com/afreidah/s3-orchestrator/internal/worker/overreplication.go:241.17,245.12 3 0
github.com/afreidah/s3-orchestrator/internal/worker/overreplication.go:248.3,259.12 4 7
github.com/afreidah/s3-orchestrator/internal/worker/overreplication.go:262.2,262.16 1 7
github.com/afreidah/s3-orchestrator/internal/worker/pending.go:53.135,54.22 1 27
github.com/afreidah/s3-orchestrator/internal/worker/pending.go:54.22,56.3 1 27
github.com/afreidah/s3-orchestrator/internal/worker/pending.go:57.2,57.17 1 27
github.com/afreidah/s3-orchestrator/internal/worker/pending.go:57.17,59.3 1 27
github.com/afreidah/s3-orchestrator/internal/worker/pending.go:60.2,60.20 1 27
github.com/afreidah/s3-orchestrator/internal/worker/pending.go:60.20,62.3 1 27
github.com/afreidah/s3-orchestrator/internal/worker/pending.go:63.2,70.3 1 27
github.com/afreidah/s3-orchestrator/internal/worker/pending.go:81.89,89.16 5 3
github.com/afreidah/s3-orchestrator/internal/worker/pending.go:89.16,92.3 2 0
github.com/afreidah/s3-orchestrator/internal/worker/pending.go:94.2,95.94 2 3
github.com/afreidah/s3-orchestrator/internal/worker/pending.go:95.94,97.3 1 2
github.com/afreidah/s3-orchestrator/internal/worker/pending.go:99.2,99.57 1 3
github.com/afreidah/s3-orchestrator/internal/worker/pending.go:99.57,101.3 1 3
github.com/afreidah/s3-orchestrator/internal/worker/pending.go:102.2,102.59 1 3
github.com/afreidah/s3-orchestrator/internal/worker/pending.go:108.128,109.35 1 2
github.com/afreidah/s3-orchestrator/internal/worker/pending.go:109.35,112.3 2 0
github.com/afreidah/s3-orchestrator/internal/worker/pending.go:113.2,116.16 3 2
github.com/afreidah/s3-orchestrator/internal/worker/pending.go:116.16,119.3 2 0
github.com/afreidah/s3-orchestrator/internal/worker/pending.go:121.2,121.36 1 2
github.com/afreidah/s3-orchestrator/internal/worker/pending.go:122.18,123.56 1 1
github.com/afreidah/s3-orchestrator/internal/worker/pending.go:124.21,125.63 1 1
github.com/afreidah/s3-orchestrator/internal/worker/pending.go:126.18,128.21 1 0
github.com/afreidah/s3-orchestrator/internal/worker/pending.go:154.121,160.9 5 2
github.com/afreidah/s3-orchestrator/internal/worker/pending.go:161.18,162.20 1 1
github.com/afreidah/s3-orchestrator/internal/worker/pending.go:163.23,164.23 1 1
github.com/afreidah/s3-orchestrator/internal/worker/pending.go:165.10,168.20 2 0
github.com/afreidah/s3-orchestrator/internal/worker/pending.go:175.137,176.33 1 1
github.com/afreidah/s3-orchestrator/internal/worker/pending.go:176.33,179.3 1 0
github.com/afreidah/s3-orchestrator/internal/worker/pending.go:180.2,180.63 1 1
github.com/afreidah/s3-orchestrator/internal/worker/pending.go:180.63,185.3 3 0
github.com/afreidah/s3-orchestrator/internal/worker/pending.go:186.2,188.26 3 1
github.com/afreidah/s3-orchestrator/internal/worker/pending.go:188.26,194.3 1 1
github.com/afreidah/s3-orchestrator/internal/worker/pending.go:201.127,203.16 2 1
github.com/afreidah/s3-orchestrator/internal/worker/pending.go:203.16,208.3 3 0
github.com/afreidah/s3-orchestrator/internal/worker/pending.go:209.2,209.16 1 1
github.com/afreidah/s3-orchestrator/internal/worker/pending.go:210.36,211.57 1 1
github.com/afreidah/s3-orchestrator/internal/worker/pending.go:212.37,213.47 1 0
github.com/afreidah/s3-orchestrator/internal/worker/pending.go:214.36,215.44 1 0
github.com/afreidah/s3-orchestrator/internal/worker/pending.go:216.42,218.23 2 0
github.com/afreidah/s3-orchestrator/internal/worker/pending.go:225.147,234.31 4 1
github.com/afreidah/s3-orchestrator/internal/worker/pending.go:234.31,236.17 2 0
github.com/afreidah/s3-orchestrator/internal/worker/pending.go:236.17,239.12 2 0
github.com/afreidah/s3-orchestrator/internal/worker/pending.go:241.3,241.107 1 0
github.com/afreidah/s3-orchestrator/internal/worker/pending.go:248.118,256.2 3 0
github.com/afreidah/s3-orchestrator/internal/worker/pending.go:261.115,266.2 3 0
github.com/afreidah/s3-orchestrator/internal/worker/rebalancer.go:48.64,50.2 1 27
github.com/afreidah/s3-orchestrator/internal/worker/rebalancer.go:53.61,55.2 1 0
github.com/afreidah/s3-orchestrator/internal/worker/rebalancer.go:58.55,60.2 1 0
github.com/afreidah/s3-orchestrator/internal/worker/rebalancer.go:76.94,82.42 2 14
github.com/afreidah/s3-orchestrator/internal/worker/rebalancer.go:82.42,91.18 4 14
github.com/afreidah/s3-orchestrator/internal/worker/rebalancer.go:91.18,94.5 2 0
github.com/afreidah/s3-orchestrator/internal/worker/rebalancer.go:96.4,96.69 1 14
github.com/afreidah/s3-orchestrator/internal/worker/rebalancer.go:96.69,101.5 3 1
github.com/afreidah/s3-orchestrator/internal/worker/rebalancer.go:103.4,104.24 2 13
github.com/afreidah/s3-orchestrator/internal/worker/rebalancer.go:105.16,106.59 1 4
github.com/afreidah/s3-orchestrator/internal/worker/rebalancer.go:107.18,108.60 1 9
github.com/afreidah/s3-orchestrator/internal/worker/rebalancer.go:109.12,110.73 1 0
github.com/afreidah/s3-orchestrator/internal/worker/rebalancer.go:112.4,112.18 1 13
github.com/afreidah/s3-orchestrator/internal/worker/rebalancer.go:112.18,115.5 2 0
github.com/afreidah/s3-orchestrator/internal/worker/rebalancer.go:117.4,119.22 2 13
github.com/afreidah/s3-orchestrator/internal/worker/rebalancer.go:119.22,123.5 3 6
github.com/afreidah/s3-orchestrator/internal/worker/rebalancer.go:125.4,136.21 5 7
github.com/afreidah/s3-orchestrator/internal/worker/rebalancer.go:146.96,147.20 1 14
github.com/afreidah/s3-orchestrator/internal/worker/rebalancer.go:147.20,149.3 1 0
github.com/afreidah/s3-orchestrator/internal/worker/rebalancer.go:151.2,154.29 3 14
github.com/afreidah/s3-orchestrator/internal/worker/rebalancer.go:154.29,156.34 2 28
github.com/afreidah/s3-orchestrator/internal/worker/rebalancer.go:156.34,157.12 1 0
github.com/afreidah/s3-orchestrator/internal/worker/rebalancer.go:159.3,160.12 2 28
github.com/afreidah/s3-orchestrator/internal/worker/rebalancer.go:160.12,164.4 3 14
github.com/afreidah/s3-orchestrator/internal/worker/rebalancer.go:164.9,165.24 1 14
github.com/afreidah/s3-orchestrator/internal/worker/rebalancer.go:165.24,167.5 1 10
github.com/afreidah/s3-orchestrator/internal/worker/rebalancer.go:168.4,168.24 1 14
github.com/afreidah/s3-orchestrator/internal/worker/rebalancer.go:168.24,170.5 1 3
github.com/afreidah/s3-orchestrator/internal/worker/rebalancer.go:174.2,174.39 1 14
github.com/afreidah/s3-orchestrator/internal/worker/rebalancer.go:192.130,200.57 6 4
github.com/afreidah/s3-orchestrator/internal/worker/rebalancer.go:200.57,201.23 1 8
github.com/afreidah/s3-orchestrator/internal/worker/rebalancer.go:201.23,203.4 1 0
github.com/afreidah/s3-orchestrator/internal/worker/rebalancer.go:204.3,205.17 2 8
github.com/afreidah/s3-orchestrator/internal/worker/rebalancer.go:205.17,207.4 1 0
github.com/afreidah/s3-orchestrator/internal/worker/rebalancer.go:208.3,208.32 1 8
github.com/afreidah/s3-orchestrator/internal/worker/rebalancer.go:211.2,211.18 1 4
github.com/afreidah/s3-orchestrator/internal/worker/rebalancer.go:217.120,219.29 2 4
github.com/afreidah/s3-orchestrator/internal/worker/rebalancer.go:219.29,221.34 2 8
github.com/afreidah/s3-orchestrator/internal/worker/rebalancer.go:221.34,222.12 1 0
github.com/afreidah/s3-orchestrator/internal/worker/rebalancer.go:224.3,225.79 2 8
github.com/afreidah/s3-orchestrator/internal/worker/rebalancer.go:228.2,228.55 1 4
github.com/afreidah/s3-orchestrator/internal/worker/rebalancer.go:228.55,232.3 3 4
github.com/afreidah/s3-orchestrator/internal/worker/rebalancer.go:233.2,233.17 1 4
github.com/afreidah/s3-orchestrator/internal/worker/rebalancer.go:246.28,249.19 3 8
github.com/afreidah/s3-orchestrator/internal/worker/rebalancer.go:249.19,251.3 1 1
github.com/afreidah/s3-orchestrator/internal/worker/rebalancer.go:253.2,254.79 2 7
github.com/afreidah/s3-orchestrator/internal/worker/rebalancer.go:254.79,256.43 2 3
github.com/afreidah/s3-orchestrator/internal/worker/rebalancer.go:256.43,257.12 1 0
github.com/afreidah/s3-orchestrator/internal/worker/rebalancer.go:260.3,261.17 2 3
github.com/afreidah/s3-orchestrator/internal/worker/rebalancer.go:261.17,263.4 1 0
github.com/afreidah/s3-orchestrator/internal/worker/rebalancer.go:264.3,267.32 3 3
github.com/afreidah/s3-orchestrator/internal/worker/rebalancer.go:269.2,269.18 1 7
github.com/afreidah/s3-orchestrator/internal/worker/rebalancer.go:282.19,284.26 2 3
github.com/afreidah/s3-orchestrator/internal/worker/rebalancer.go:284.26,285.40 1 4
github.com/afreidah/s3-orchestrator/internal/worker/rebalancer.go:285.40,286.9 1 0
github.com/afreidah/s3-orchestrator/internal/worker/rebalancer.go:288.3,288.40 1 4
github.com/afreidah/s3-orchestrator/internal/worker/rebalancer.go:288.40,289.12 1 0
github.com/afreidah/s3-orchestrator/internal/worker/rebalancer.go:291.3,291.43 1 4
github.com/afreidah/s3-orchestrator/internal/worker/rebalancer.go:291.43,292.9 1 0
github.com/afreidah/s3-orchestrator/internal/worker/rebalancer.go:294.3,294.65 1 4
github.com/afreidah/s3-orchestrator/internal/worker/rebalancer.go:294.65,295.12 1 0
github.com/afreidah/s3-orchestrator/internal/worker/rebalancer.go:298.3,307.15 5 4
github.com/afreidah/s3-orchestrator/internal/worker/rebalancer.go:309.2,309.14 1 3
github.com/afreidah/s3-orchestrator/internal/worker/rebalancer.go:314.76,318.2 3 7
github.com/afreidah/s3-orchestrator/internal/worker/rebalancer.go:328.34,329.32 1 3
github.com/afreidah/s3-orchestrator/internal/worker/rebalancer.go:329.32,331.3 1 0
github.com/afreidah/s3-orchestrator/internal/worker/rebalancer.go:332.2,333.16 2 3
github.com/afreidah/s3-orchestrator/internal/worker/rebalancer.go:333.16,335.3 1 0
github.com/afreidah/s3-orchestrator/internal/worker/rebalancer.go:336.2,337.18 2 3
github.com/afreidah/s3-orchestrator/internal/worker/rebalancer.go:343.107,345.25 2 11
github.com/afreidah/s3-orchestrator/internal/worker/rebalancer.go:345.25,347.3 1 25
github.com/afreidah/s3-orchestrator/internal/worker/rebalancer.go:348.2,349.16 2 11
github.com/afreidah/s3-orchestrator/internal/worker/rebalancer.go:365.131,367.9 2 9
github.com/afreidah/s3-orchestrator/internal/worker/rebalancer.go:367.9,369.3 1 0
github.com/afreidah/s3-orchestrator/internal/worker/rebalancer.go:371.2,374.26 3 9
github.com/afreidah/s3-orchestrator/internal/worker/rebalancer.go:374.26,375.41 1 8
github.com/afreidah/s3-orchestrator/internal/worker/rebalancer.go:375.41,376.9 1 0
github.com/afreidah/s3-orchestrator/internal/worker/rebalancer.go:378.3,379.17 2 8
github.com/afreidah/s3-orchestrator/internal/worker/rebalancer.go:379.17,381.4 1 0
github.com/afreidah/s3-orchestrator/internal/worker/rebalancer.go:382.3,382.32 1 8
github.com/afreidah/s3-orchestrator/internal/worker/rebalancer.go:385.2,385.18 1 9
github.com/afreidah/s3-orchestrator/internal/worker/rebalancer.go:392.138,394.29 2 9
github.com/afreidah/s3-orchestrator/internal/worker/rebalancer.go:394.29,396.10 2 18
github.com/afreidah/s3-orchestrator/internal/worker/rebalancer.go:396.10,397.12 1 0
github.com/afreidah/s3-orchestrator/internal/worker/rebalancer.go:399.3,400.32 2 18
github.com/afreidah/s3-orchestrator/internal/worker/rebalancer.go:402.2,402.21 1 9
github.com/afreidah/s3-orchestrator/internal/worker/rebalancer.go:402.21,404.3 1 0
github.com/afreidah/s3-orchestrator/internal/worker/rebalancer.go:406.2,410.29 4 9
github.com/afreidah/s3-orchestrator/internal/worker/rebalancer.go:410.29,412.10 2 18
github.com/afreidah/s3-orchestrator/internal/worker/rebalancer.go:412.10,413.12 1 0
github.com/afreidah/s3-orchestrator/internal/worker/rebalancer.go:415.3,419.10 4 18
github.com/afreidah/s3-orchestrator/internal/worker/rebalancer.go:420.19,421.74 1 8
github.com/afreidah/s3-orchestrator/internal/worker/rebalancer.go:422.19,423.84 1 8
github.com/afreidah/s3-orchestrator/internal/worker/rebalancer.go:427.2,427.57 1 9
github.com/afreidah/s3-orchestrator/internal/worker/rebalancer.go:427.57,429.3 1 0
github.com/afreidah/s3-orchestrator/internal/worker/rebalancer.go:430.2,430.62 1 9
github.com/afreidah/s3-orchestrator/internal/worker/rebalancer.go:430.62,432.3 1 0
github.com/afreidah/s3-orchestrator/internal/worker/rebalancer.go:433.2,433.45 1 9
github.com/afreidah/s3-orchestrator/internal/worker/rebalancer.go:446.28,448.16 2 8
github.com/afreidah/s3-orchestrator/internal/worker/rebalancer.go:448.16,450.3 1 0
github.com/afreidah/s3-orchestrator/internal/worker/rebalancer.go:451.2,454.26 3 8
github.com/afreidah/s3-orchestrator/internal/worker/rebalancer.go:454.26,455.42 1 21
github.com/afreidah/s3-orchestrator/internal/worker/rebalancer.go:455.42,456.9 1 0
github.com/afreidah/s3-orchestrator/internal/worker/rebalancer.go:458.3,458.42 1 21
github.com/afreidah/s3-orchestrator/internal/worker/rebalancer.go:458.42,459.12 1 11
github.com/afreidah/s3-orchestrator/internal/worker/rebalancer.go:461.3,462.19 2 10
github.com/afreidah/s3-orchestrator/internal/worker/rebalancer.go:462.19,463.12 1 0
github.com/afreidah/s3-orchestrator/internal/worker/rebalancer.go:466.3,477.15 7 10
github.com/afreidah/s3-orchestrator/internal/worker/rebalancer.go:479.2,479.19 1 8
github.com/afreidah/s3-orchestrator/internal/worker/rebalancer.go:492.7,494.43 2 10
github.com/afreidah/s3-orchestrator/internal/worker/rebalancer.go:494.43,496.3 1 10
github.com/afreidah/s3-orchestrator/internal/worker/rebalancer.go:497.2,497.31 1 10
github.com/afreidah/s3-orchestrator/internal/worker/rebalancer.go:497.31,498.37 1 10
github.com/afreidah/s3-orchestrator/internal/worker/rebalancer.go:498.37,499.12 1 0
github.com/afreidah/s3-orchestrator/internal/worker/rebalancer.go:501.3,504.60 4 10
github.com/afreidah/s3-orchestrator/internal/worker/rebalancer.go:504.60,506.4 1 10
github.com/afreidah/s3-orchestrator/internal/worker/rebalancer.go:508.2,508.11 1 0
github.com/afreidah/s3-orchestrator/internal/worker/rebalancer.go:518.116,520.85 2 7
github.com/afreidah/s3-orchestrator/internal/worker/rebalancer.go:520.85,522.35 2 14
github.com/afreidah/s3-orchestrator/internal/worker/rebalancer.go:522.35,525.4 2 0
github.com/afreidah/s3-orchestrator/internal/worker/rebalancer.go:526.3,527.42 2 14
github.com/afreidah/s3-orchestrator/internal/worker/rebalancer.go:527.42,529.4 1 14
github.com/afreidah/s3-orchestrator/internal/worker/rebalancer.go:531.2,531.26 1 7
github.com/afreidah/s3-orchestrator/internal/worker/rebalancer.go:537.100,539.9 2 14
github.com/afreidah/s3-orchestrator/internal/worker/rebalancer.go:539.9,542.3 2 0
github.com/afreidah/s3-orchestrator/internal/worker/rebalancer.go:544.2,545.9 2 14
github.com/afreidah/s3-orchestrator/internal/worker/rebalancer.go:545.9,548.3 2 0
github.com/afreidah/s3-orchestrator/internal/worker/rebalancer.go:551.2,551.87 1 14
github.com/afreidah/s3-orchestrator/internal/worker/rebalancer.go:551.87,556.3 3 0
github.com/afreidah/s3-orchestrator/internal/worker/rebalancer.go:559.2,560.16 2 14
github.com/afreidah/s3-orchestrator/internal/worker/rebalancer.go:560.16,568.3 5 0
github.com/afreidah/s3-orchestrator/internal/worker/rebalancer.go:570.2,570.20 1 14
github.com/afreidah/s3-orchestrator/internal/worker/rebalancer.go:570.20,577.3 4 0
github.com/afreidah/s3-orchestrator/internal/worker/rebalancer.go:580.2,594.13 7 14
github.com/afreidah/s3-orchestrator/internal/worker/reconciler.go:51.76,57.2 1 0
github.com/afreidah/s3-orchestrator/internal/worker/reconciler.go:61.47,68.29 4 0
github.com/afreidah/s3-orchestrator/internal/worker/reconciler.go:68.29,71.3 2 0
github.com/afreidah/s3-orchestrator/internal/worker/reconciler.go:73.2,75.54 2 0
github.com/afreidah/s3-orchestrator/internal/worker/reconciler.go:75.54,79.17 3 0
github.com/afreidah/s3-orchestrator/internal/worker/reconciler.go:79.17,82.12 2 0
github.com/afreidah/s3-orchestrator/internal/worker/reconciler.go:84.3,85.26 2 0
github.com/afreidah/s3-orchestrator/internal/worker/reconciler.go:88.2,90.23 2 0
github.com/afreidah/s3-orchestrator/internal/worker/reconciler.go:90.23,95.58 2 0
github.com/afreidah/s3-orchestrator/internal/worker/reconciler.go:95.58,97.4 1 0
github.com/afreidah/s3-orchestrator/internal/worker/reconciler.go:100.2,104.3 1 0
github.com/afreidah/s3-orchestrator/internal/worker/reconciler.go:110.99,113.29 2 0
github.com/afreidah/s3-orchestrator/internal/worker/reconciler.go:113.29,115.3 1 0
github.com/afreidah/s3-orchestrator/internal/worker/reconciler.go:117.2,118.23 2 0
github.com/afreidah/s3-orchestrator/internal/worker/reconciler.go:118.23,120.3 1 0
github.com/afreidah/s3-orchestrator/internal/worker/reconciler.go:120.8,122.3 1 0
github.com/afreidah/s3-orchestrator/internal/worker/reconciler.go:124.2,125.32 2 0
github.com/afreidah/s3-orchestrator/internal/worker/reconciler.go:125.32,127.17 2 0
github.com/afreidah/s3-orchestrator/internal/worker/reconciler.go:127.17,129.12 2 0
github.com/afreidah/s3-orchestrator/internal/worker/reconciler.go:131.3,133.50 3 0
github.com/afreidah/s3-orchestrator/internal/worker/reconciler.go:136.2,136.45 1 0
github.com/afreidah/s3-orchestrator/internal/worker/reconciler.go:136.45,137.58 1 0
github.com/afreidah/s3-orchestrator/internal/worker/reconciler.go:137.58,139.4 1 0
github.com/afreidah/s3-orchestrator/internal/worker/reconciler.go:142.2,148.19 2 0
github.com/afreidah/s3-orchestrator/internal/worker/replicator.go:50.64,52.2 1 27
github.com/afreidah/s3-orchestrator/internal/worker/replicator.go:55.63,57.2 1 0
github.com/afreidah/s3-orchestrator/internal/worker/replicator.go:60.57,62.2 1 0
github.com/afreidah/s3-orchestrator/internal/worker/replicator.go:70.96,76.42 2 16
github.com/afreidah/s3-orchestrator/internal/worker/replicator.go:76.42,78.4 1 16
github.com/afreidah/s3-orchestrator/internal/worker/replicator.go:82.96,84.21 2 16
github.com/afreidah/s3-orchestrator/internal/worker/replicator.go:84.21,86.3 1 0
github.com/afreidah/s3-orchestrator/internal/worker/replicator.go:88.2,99.23 5 16
github.com/afreidah/s3-orchestrator/internal/worker/replicator.go:99.23,101.3 1 0
github.com/afreidah/s3-orchestrator/internal/worker/replicator.go:101.8,103.3 1 16
github.com/afreidah/s3-orchestrator/internal/worker/replicator.go:104.2,104.16 1 16
github.com/afreidah/s3-orchestrator/internal/worker/replicator.go:104.16,107.3 2 0
github.com/afreidah/s3-orchestrator/internal/worker/replicator.go:109.2,109.25 1 16
github.com/afreidah/s3-orchestrator/internal/worker/replicator.go:109.25,114.3 4 1
github.com/afreidah/s3-orchestrator/internal/worker/replicator.go:117.2,126.35 4 15
github.com/afreidah/s3-orchestrator/internal/worker/replicator.go:126.35,128.17 2 19
github.com/afreidah/s3-orchestrator/internal/worker/replicator.go:128.17,130.4 1 19
github.com/afreidah/s3-orchestrator/internal/worker/replicator.go:138.2,139.16 2 15
github.com/afreidah/s3-orchestrator/internal/worker/replicator.go:139.16,142.3 2 0
github.com/afreidah/s3-orchestrator/internal/worker/replicator.go:145.2,147.90 3 15
github.com/afreidah/s3-orchestrator/internal/worker/replicator.go:147.90,149.35 2 19
github.com/afreidah/s3-orchestrator/internal/worker/replicator.go:149.35,152.4 2 0
github.com/afreidah/s3-orchestrator/internal/worker/replicator.go:153.3,155.26 3 19
github.com/afreidah/s3-orchestrator/internal/worker/replicator.go:155.26,157.4 1 0
github.com/afreidah/s3-orchestrator/internal/worker/replicator.go:158.3,158.24 1 19
github.com/afreidah/s3-orchestrator/internal/worker/replicator.go:161.2,163.44 3 15
github.com/afreidah/s3-orchestrator/internal/worker/replicator.go:163.44,165.3 1 0
github.com/afreidah/s3-orchestrator/internal/worker/replicator.go:166.2,175.27 4 15
github.com/afreidah/s3-orchestrator/internal/worker/replicator.go:185.172,188.32 2 19
github.com/afreidah/s3-orchestrator/internal/worker/replicator.go:188.32,190.3 1 19
github.com/afreidah/s3-orchestrator/internal/worker/replicator.go:197.2,204.73 4 19
github.com/afreidah/s3-orchestrator/internal/worker/replicator.go:204.73,207.19 3 26
github.com/afreidah/s3-orchestrator/internal/worker/replicator.go:207.19,210.9 2 4
github.com/afreidah/s3-orchestrator/internal/worker/replicator.go:220.3,221.17 2 22
github.com/afreidah/s3-orchestrator/internal/worker/replicator.go:221.17,226.12 4 0
github.com/afreidah/s3-orchestrator/internal/worker/replicator.go:229.3,230.17 2 22
github.com/afreidah/s3-orchestrator/internal/worker/replicator.go:230.17,236.12 5 0
github.com/afreidah/s3-orchestrator/internal/worker/replicator.go:239.3,239.16 1 22
github.com/afreidah/s3-orchestrator/internal/worker/replicator.go:239.16,245.12 4 0
github.com/afreidah/s3-orchestrator/internal/worker/replicator.go:252.3,252.38 1 22
github.com/afreidah/s3-orchestrator/internal/worker/replicator.go:252.38,255.4 1 0
github.com/afreidah/s3-orchestrator/internal/worker/replicator.go:257.3,268.12 5 22
github.com/afreidah/s3-orchestrator/internal/worker/replicator.go:271.2,271.21 1 19
github.com/afreidah/s3-orchestrator/internal/worker/replicator.go:277.54,279.24 2 19
github.com/afreidah/s3-orchestrator/internal/worker/replicator.go:279.24,280.30 1 19
github.com/afreidah/s3-orchestrator/internal/worker/replicator.go:280.30,282.4 1 19
github.com/afreidah/s3-orchestrator/internal/worker/replicator.go:284.2,284.10 1 19
github.com/afreidah/s3-orchestrator/internal/worker/replicator.go:290.157,292.16 2 26
github.com/afreidah/s3-orchestrator/internal/worker/replicator.go:292.16,296.3 2 0
github.com/afreidah/s3-orchestrator/internal/worker/replicator.go:297.2,297.13 1 26
github.com/afreidah/s3-orchestrator/internal/worker/replicator.go:307.137,309.16 2 22
github.com/afreidah/s3-orchestrator/internal/worker/replicator.go:309.16,311.3 1 0
github.com/afreidah/s3-orchestrator/internal/worker/replicator.go:314.2,314.67 1 22
github.com/afreidah/s3-orchestrator/internal/worker/replicator.go:314.67,316.3 1 0
github.com/afreidah/s3-orchestrator/internal/worker/replicator.go:318.2,318.24 1 22
github.com/afreidah/s3-orchestrator/internal/worker/replicator.go:318.24,319.23 1 22
github.com/afreidah/s3-orchestrator/internal/worker/replicator.go:319.23,321.4 1 0
github.com/afreidah/s3-orchestrator/internal/worker/replicator.go:322.3,323.15 2 22
github.com/afreidah/s3-orchestrator/internal/worker/replicator.go:323.15,325.4 1 22
github.com/afreidah/s3-orchestrator/internal/worker/replicator.go:328.2,328.70 1 0
github.com/afreidah/s3-orchestrator/internal/worker/replicator.go:335.40,336.9 1 0
github.com/afreidah/s3-orchestrator/internal/worker/replicator.go:337.18,338.11 1 0
github.com/afreidah/s3-orchestrator/internal/worker/replicator.go:339.11,340.12 1 0
github.com/afreidah/s3-orchestrator/internal/worker/replicator.go:341.10,342.11 1 0
github.com/afreidah/s3-orchestrator/internal/worker/replicator.go:351.167,353.9 2 22
github.com/afreidah/s3-orchestrator/internal/worker/replicator.go:353.9,355.3 1 0
github.com/afreidah/s3-orchestrator/internal/worker/replicator.go:356.2,357.16 2 22
github.com/afreidah/s3-orchestrator/internal/worker/replicator.go:357.16,359.3 1 22
github.com/afreidah/s3-orchestrator/internal/worker/replicator.go:361.2,361.46 1 0
github.com/afreidah/s3-orchestrator/internal/worker/replicator.go:361.46,363.3 1 0
github.com/afreidah/s3-orchestrator/internal/worker/replicator.go:364.2,366.21 2 0
github.com/afreidah/s3-orchestrator/internal/worker/replicator.go:366.21,368.3 1 0
github.com/afreidah/s3-orchestrator/internal/worker/replicator.go:369.2,369.26 1 0
github.com/afreidah/s3-orchestrator/internal/worker/replicator.go:375.85,376.82 1 0
github.com/afreidah/s3-orchestrator/internal/worker/replicator.go:376.82,380.3 2 0
github.com/afreidah/s3-orchestrator/internal/worker/replicator.go:381.2,382.38 1 0
github.com/afreidah/s3-orchestrator/internal/worker/replicator.go:389.99,391.9 2 0
github.com/afreidah/s3-orchestrator/internal/worker/replicator.go:391.9,393.3 1 0
github.com/afreidah/s3-orchestrator/internal/worker/replicator.go:394.2,395.44 2 0
github.com/afreidah/s3-orchestrator/internal/worker/replicator.go:403.74,405.41 2 16
github.com/afreidah/s3-orchestrator/internal/worker/replicator.go:405.41,407.10 2 37
github.com/afreidah/s3-orchestrator/internal/worker/replicator.go:407.10,408.12 1 37
github.com/afreidah/s3-orchestrator/internal/worker/replicator.go:410.3,410.46 1 0
github.com/afreidah/s3-orchestrator/internal/worker/replicator.go:410.46,415.4 2 0
github.com/afreidah/s3-orchestrator/internal/worker/replicator.go:417.2,417.14 1 16
github.com/afreidah/s3-orchestrator/internal/worker/replicator.go:424.57,426.9 2 0
github.com/afreidah/s3-orchestrator/internal/worker/replicator.go:426.9,428.3 1 0
github.com/afreidah/s3-orchestrator/internal/worker/replicator.go:429.2,430.9 2 0
github.com/afreidah/s3-orchestrator/internal/worker/replicator.go:430.9,432.3 1 0
github.com/afreidah/s3-orchestrator/internal/worker/replicator.go:433.2,433.24 1 0
github.com/afreidah/s3-orchestrator/internal/worker/replicator.go:438.33,441.2 2 1
github.com/afreidah/s3-orchestrator/internal/worker/scrubber.go:52.100,54.2 1 27
github.com/afreidah/s3-orchestrator/internal/worker/scrubber.go:57.59,59.2 1 0
github.com/afreidah/s3-orchestrator/internal/worker/scrubber.go:62.53,64.2 1 0
github.com/afreidah/s3-orchestrator/internal/worker/scrubber.go:72.84,79.16 6 0
github.com/afreidah/s3-orchestrator/internal/worker/scrubber.go:79.16,82.3 2 0
github.com/afreidah/s3-orchestrator/internal/worker/scrubber.go:84.2,84.22 1 0
github.com/afreidah/s3-orchestrator/internal/worker/scrubber.go:84.22,85.23 1 0
github.com/afreidah/s3-orchestrator/internal/worker/scrubber.go:85.23,86.9 1 0
github.com/afreidah/s3-orchestrator/internal/worker/scrubber.go:88.3,89.23 2 0
github.com/afreidah/s3-orchestrator/internal/worker/scrubber.go:89.23,92.12 2 0
github.com/afreidah/s3-orchestrator/internal/worker/scrubber.go:94.3,96.13 3 0
github.com/afreidah/s3-orchestrator/internal/worker/scrubber.go:96.13,98.4 1 0
github.com/afreidah/s3-orchestrator/internal/worker/scrubber.go:101.2,103.24 2 0
github.com/afreidah/s3-orchestrator/internal/worker/scrubber.go:109.94,111.16 2 0
github.com/afreidah/s3-orchestrator/internal/worker/scrubber.go:111.16,113.3 1 0
github.com/afreidah/s3-orchestrator/internal/worker/scrubber.go:115.2,115.31 1 0
github.com/afreidah/s3-orchestrator/internal/worker/scrubber.go:115.31,121.16 4 0
github.com/afreidah/s3-orchestrator/internal/worker/scrubber.go:121.16,124.4 1 0
github.com/afreidah/s3-orchestrator/internal/worker/scrubber.go:125.3,125.20 1 0
github.com/afreidah/s3-orchestrator/internal/worker/scrubber.go:128.2,128.18 1 0
github.com/afreidah/s3-orchestrator/internal/worker/scrubber.go:139.101,146.16 6 0
github.com/afreidah/s3-orchestrator/internal/worker/scrubber.go:146.16,149.3 2 0
github.com/afreidah/s3-orchestrator/internal/worker/scrubber.go:151.2,151.20 1 0
github.com/afreidah/s3-orchestrator/internal/worker/scrubber.go:151.20,153.3 1 0
github.com/afreidah/s3-orchestrator/internal/worker/scrubber.go:155.2,158.22 2 0
github.com/afreidah/s3-orchestrator/internal/worker/scrubber.go:158.22,159.23 1 0
github.com/afreidah/s3-orchestrator/internal/worker/scrubber.go:159.23,160.9 1 0
github.com/afreidah/s3-orchestrator/internal/worker/scrubber.go:162.3,164.21 3 0
github.com/afreidah/s3-orchestrator/internal/worker/scrubber.go:164.21,167.12 2 0
github.com/afreidah/s3-orchestrator/internal/worker/scrubber.go:170.3,170.94 1 0
github.com/afreidah/s3-orchestrator/internal/worker/scrubber.go:170.94,173.12 2 0
github.com/afreidah/s3-orchestrator/internal/worker/scrubber.go:176.3,176.14 1 0
github.com/afreidah/s3-orchestrator/internal/worker/scrubber.go:179.2,183.28 2 0
github.com/afreidah/s3-orchestrator/internal/worker/scrubber.go:183.28,185.3 1 0
github.com/afreidah/s3-orchestrator/internal/worker/scrubber.go:186.2,186.21 1 0
github.com/afreidah/s3-orchestrator/internal/worker/scrubber.go:196.95,198.16 2 0
github.com/afreidah/s3-orchestrator/internal/worker/scrubber.go:198.16,200.3 1 0
github.com/afreidah/s3-orchestrator/internal/worker/scrubber.go:202.2,206.16 4 0
github.com/afreidah/s3-orchestrator/internal/worker/scrubber.go:206.16,209.3 2 0
github.com/afreidah/s3-orchestrator/internal/worker/scrubber.go:210.2,217.41 4 0
github.com/afreidah/s3-orchestrator/internal/worker/scrubber.go:217.41,219.23 2 0
github.com/afreidah/s3-orchestrator/internal/worker/scrubber.go:219.23,221.4 1 0
github.com/afreidah/s3-orchestrator/internal/worker/scrubber.go:222.3,223.20 2 0
github.com/afreidah/s3-orchestrator/internal/worker/scrubber.go:223.20,226.4 2 0
github.com/afreidah/s3-orchestrator/internal/worker/scrubber.go:227.3,228.21 2 0
github.com/afreidah/s3-orchestrator/internal/worker/scrubber.go:232.2,233.46 2 0
github.com/afreidah/s3-orchestrator/internal/worker/scrubber.go:233.46,235.3 1 0
github.com/afreidah/s3-orchestrator/internal/worker/scrubber.go:236.2,236.44 1 0
